vib_x_std,vib_x_max,force_x_p2p,force_y_mean,force_x_max,vib_y_std,force_y_max,vib_x_kurtosis,vib_y_kurtosis,force_y_kurtosis,force_y_skewness,force_x_kurtosis,cut,cutter,max_wear
0.07634935766071616,0.33,6.245,0.6294631041059976,3.744,0.0763146487763662,10.724,0.13229315877138914,0.1254590894507941,5.844452277200279,-0.6822183460971171,-0.24518865483257857,1,c1,48.89261732
0.08535004150447482,0.399,12.646,1.11858048275386,8.427,0.08502656187967826,14.302,0.2751716034332574,0.2359823036412365,0.530867940611381,0.3658071594675578,0.022639158282652616,2,c1,49.57081504
0.09564111492673433,0.433,17.528,2.347886262065681,11.534,0.0938164897887096,20.826,0.2627204749701404,0.19454257383733964,0.8129799315681665,0.4872909137900053,0.07331745297867487,3,c1,50.30286727
0.09903156058525651,0.443,17.945,2.7214464651451973,11.788,0.09712509250807107,24.148,0.19198069952101182,0.14304333848147,0.6816227365759491,0.49380090445565866,0.10254792606299645,4,c1,51.08365203
0.08367209482680314,0.447,16.843,2.3511685079978313,12.555,0.08134957892140128,24.337,0.3030404597340741,0.253100745951262,0.4978230404091417,0.378872804855413,0.01693604768047674,5,c1,52.25032922
0.08319920700775525,0.435,18.458,2.3327078950494866,14.291,0.08101503006842127,26.583,0.426084869871,0.25601627379735614,0.55555199419218,0.4311968716784394,-0.050647247415112506,6,c1,56.28276562
0.08340122863256072,0.426,17.924,2.4431466218622444,13.014,0.08176222878418028,27.215,0.44225544218090684,0.3245716952286042,0.5076366589901675,0.4289155233207326,0.006708055238750621,7,c1,59.97661561
0.08586806302993563,0.419,17.469,2.5315786255149293,13.322,0.08427510215206994,26.872,0.46500915617856675,0.342901520762787,0.505549323455722,0.4274042708017076,-0.053229636826643834,8,c1,63.3512879
0.08051658194018728,0.413,16.231,2.546445781323237,10.615,0.07717204398947797,26.321,0.21484072893734263,0.14031747572024855,0.41129862942961104,0.3937327009440995,-0.5724889726933973,9,c1,66.4253909
0.07873024798951465,0.359,17.066,2.525279571365929,10.99,0.07560944493733668,25.764,0.2152612735792343,0.09266807530138133,0.48133177019817985,0.42032039345766126,-0.5150250610933815,10,c1,69.21675719
0.07718219720297322,0.376,17.396,2.63374433435203,11.397,0.07483339215050593,26.906,0.26768314915609803,0.10197072910769389,0.5342344145786946,0.4359387529177518,-0.4876699709266594,11,c1,71.74246752
0.07871233360032989,0.414,17.235,2.748919348652006,11.099,0.07611301188911863,28.727,0.3109248984758439,0.168483400125921,0.5596710128169664,0.4686582779801299,-0.45219711728055767,12,c1,74.01887416
0.08030752048378022,0.356,19.532,2.526244956719901,15.72,0.07577877183537131,28.185,0.14625942342663523,0.023522148381865726,0.6437854008427792,0.41874852211419433,0.03820109161098584,13,c1,76.06162381
0.08006943645670228,0.352,19.545,2.561929652073448,16.622,0.0755277379520011,30.026,0.19124719323618766,0.012391949631457067,0.6529109088978857,0.4985796176643489,0.019669950070939635,14,c1,77.88567991
0.081109865095736,0.36,20.46,2.63404358145734,18.316,0.07624224336148365,31.007,0.17068567795229406,0.01570997954643616,0.6824171945034445,0.497394836240001,0.01917606086375212,15,c1,79.50534445
0.08157376400694567,0.374,19.343,2.718312847607186,19.033,0.0768265914606999,30.47,0.1554195899740125,0.012045698324236742,0.6881898896171021,0.4955223955786971,0.021820248344277093,16,c1,80.93427925
0.0823876762595917,0.384,19.75,2.753795775194329,20.121,0.0773722079959673,31.863,0.1680344314027984,0.028088824864178186,0.6997712391548565,0.4993803348966058,0.02661114255850361,17,c1,82.18552678
0.08193291879287445,0.368,21.097,2.771960547342276,22.009,0.07697225604431465,30.57,0.17472272314119142,0.03173058822393848,0.735803791258907,0.504718939588686,0.017669316327535434,18,c1,83.27153045
0.08157489536556828,0.382,19.988,2.7981866163437044,22.748,0.07674670866532333,31.434,0.16052869724247687,0.029236419355983312,0.735871117366794,0.501669425554176,0.01597403838884448,19,c1,84.20415441
0.08119124491427245,0.368,20.389,2.8410125437226594,23.477,0.07662857483529362,31.719,0.18785397868819764,0.036875197447288066,0.7386410055550012,0.5040861105543999,0.003481230737630181,20,c1,84.99470288
0.08758972125724361,0.423,17.216,2.554461268254946,11.727,0.08319238006732588,25.453,0.1401681993232624,0.12971879916316853,0.5224268043872025,0.33652146724647497,-0.6658834143748038,21,c1,85.653939
0.08807224947376853,0.397,18.267,2.5883197128229485,12.547,0.08356852326687657,28.56,0.18397625335767653,0.119108617794637,0.5636358352146704,0.4392072126603318,-0.6120174001739112,22,c1,86.19210327
0.0883151965275929,0.364,18.759,2.701530052573162,13.062,0.0838672978889647,28.201,0.19008060629854295,0.13598767059536065,0.638273143988358,0.45030441250254466,-0.6105784200215743,23,c1,86.61893145
0.08768047272747724,0.396,19.218,2.790999726076177,13.397,0.08294535750834524,31.635,0.1794371361895326,0.13802001508297357,0.6785448324523564,0.45870489766834954,-0.612507110666975,24,c1,86.94367205
0.08744255819851818,0.392,18.787,2.877131536156685,13.286,0.08264650469454002,29.266,0.1830963199396849,0.11285193503381041,0.655421515726383,0.45120687255681413,-0.6619154946829862,25,c1,87.17510345
0.08763083211125142,0.428,20.233,2.979001625904867,13.976,0.08273750341370893,31.022,0.20567476275952323,0.10947424458296462,0.7102112753215444,0.46649787402938225,-0.666341543540149,26,c1,87.32155046
0.08725838404805568,0.488,19.938000000000002,2.9700040463087714,14.002,0.08231004374651495,31.582,0.24403637898404673,0.13128819967175964,0.7116040154021963,0.47081863264436,-0.6559492745396707,27,c1,87.39090058
0.08772757230818003,0.452,20.007,3.0043029932134337,14.14,0.0830244048110439,32.005,0.2608151267168206,0.1443264018303787,0.7348896666144751,0.4711452836147105,-0.6807838552855507,28,c1,87.39090058
0.08815913475601121,0.463,18.956,3.049281400149807,13.829,0.08346850003889841,30.873,0.27072508290661323,0.19141115952055676,0.7140019386535092,0.46785379756724194,-0.7020223704730517,29,c1,87.39090058
0.08931241559738476,0.434,20.076,3.1252299304749807,14.802,0.08417335649293993,30.702,0.3022920306179264,0.21627631385374446,0.7566493894123494,0.4725128843601256,-0.7032762228576201,30,c1,87.39090058
0.08968957280838419,0.423,19.848,3.156421417062628,14.646,0.08489063292478538,31.433,0.280698330601842,0.22175329432481306,0.7651220192000823,0.4729063759739729,-0.7205185704948471,31,c1,87.39090058
0.09049904548118977,0.481,19.713,3.158319213347701,14.369,0.0856652407207018,31.203,0.2884114556456061,0.21195676489854742,0.7703918264666441,0.47962565665308293,-0.7436542418128429,32,c1,87.39090058
0.08121102809778782,0.394,22.735,3.4142100385994687,16.372,0.07501404557242529,36.051,0.2740041624327345,0.14600390779874672,0.861349615988872,0.4973583230301356,-0.514090179688377,33,c1,87.39090058
0.08116315353940683,0.405,21.865000000000002,2.981430284118903,15.592,0.07575558272088273,35.112,0.38869517759080097,0.241915766710445,0.9038633089086772,0.4951027342859752,-0.5337392803734411,34,c1,87.39090058
0.08344026371534491,0.4,21.418,3.019500897190629,14.918,0.07889200442581323,34.222,0.2521154981242155,0.1543686842622396,0.879588725274663,0.48404973113112,-0.5843558056636455,35,c1,87.39090058
0.08315907046848302,0.356,21.764,3.0617322180125077,14.562,0.07877641304755438,35.634,0.19945842750678278,0.08557478631208504,0.9359251553872956,0.4838775906064197,-0.6192302111716304,36,c1,87.39090058
0.08217343306605536,0.397,22.311,3.15538749588951,15.084,0.0775592896049604,34.044,0.2009695738941204,0.08063238703458309,0.8750565245533961,0.48057458492762145,-0.6287790044470793,37,c1,87.39090058
0.08208072928203754,0.433,21.67,3.19553425351804,14.894,0.07755395437951919,35.294,0.26819330211560244,0.1022162300609244,0.944719954956895,0.4839928780282776,-0.6649141701552419,38,c1,87.39090058
0.08435872674267918,0.461,21.598,3.2821792874321725,15.055,0.08006360229502746,35.386,0.3217732536806168,0.16449143484758988,0.9339916699886537,0.48977641016307205,-0.6896403816570498,39,c1,87.39090058
0.08721483833788868,0.399,21.293,3.29942295647728,14.972,0.08309498898538081,34.746,0.20196451804439697,0.11615421251913904,0.9721546847773603,0.49294880437309857,-0.7068084865147366,40,c1,87.39090058
0.08746177359867369,0.432,21.914,3.3900299757619465,14.746,0.08297443085002414,34.726,0.1672677652987571,0.051276111784400946,1.0122306385636541,0.4989120318000035,-0.729471522897744,41,c1,87.39090058
0.08438078399862382,0.376,20.993,3.4586655875288814,14.869,0.07975609758711319,34.964,0.17106322752553726,0.04860757139144134,1.0082122429470646,0.4943416208922504,-0.7607626574345279,42,c1,87.39090058
0.08350312280401863,0.434,21.996000000000002,3.468033147077889,15.57,0.07850687592709928,37.353,0.27475120287279475,0.0944609394033904,1.0578197996523446,0.5091352727343199,-0.7675622455424551,43,c1,87.39090058
0.08635367910544844,0.427,21.364,3.544299241629174,14.977,0.08142982436146477,35.513,0.3395685628459737,0.18149898228939243,1.0485722113126004,0.515462809205672,-0.788225130839669,44,c1,87.39090058
0.08955685273427237,0.42,22.216,3.619970139101297,15.865,0.08517898772900767,36.15,0.23324459893660476,0.12932906018117052,1.0638065229307445,0.49989576015506776,-0.8098029031909486,45,c1,87.39554943
0.08657963182975391,0.432,21.4,3.64187827074666,15.332,0.08147840629640898,36.821,0.19733292899451937,0.09129593377124623,1.0594562529602483,0.5187047230010942,-0.8199982060111934,46,c1,87.92458016
0.08703309480372148,0.384,21.988,3.736919558964525,15.267,0.08204007403178043,38.742,0.1671464947027057,0.07557020826423155,1.1308290195343673,0.5284844841840535,-0.8236154631237724,47,c1,88.42988794
0.08761183634217475,0.504,21.962,3.7987432476229173,15.648,0.08281960532971136,36.702,0.23849111553498936,0.06839854130888723,1.122383287214304,0.5181915793214349,-0.8385088558104039,48,c1,88.91169574
0.08944687674161876,0.441,21.28,3.836955722049087,14.855,0.08467030595546629,35.139,0.31560563592495594,0.16401391140886723,1.1193811787599515,0.5269292445020916,-0.8597189385094177,49,c1,89.37026282
0.09066054458955809,0.427,21.284,3.888856316618355,14.823,0.08581303503929112,37.348,0.24667329952364536,0.10326418006207616,1.174331776783795,0.5318901975754624,-0.8692678050554825,50,c1,89.80588243
0.08979190605801166,0.382,21.432000000000002,3.972441337696777,15.005,0.08504958637906367,36.721,0.11867812315749848,0.04295429775647852,1.1972706641938915,0.5335282599555244,-0.8760466379323284,51,c1,90.21887955
0.08648918697434282,0.409,21.265,4.0240031538542285,15.462,0.08144942915020063,37.518,0.17068853873919876,0.0718410267835119,1.1976782693450057,0.5310522422495207,-0.8915177564370285,52,c1,90.60960878
0.08552834386641359,0.451,22.115,4.114520275048937,15.283,0.08040273654802618,38.399,0.2745533423073079,0.12682078529343999,1.1998349124506342,0.5344317864091955,-0.8838372402866823,53,c1,90.97845225
0.08893881996628544,0.511,21.702,4.160584912029413,15.428,0.08380856234810531,38.22,0.3254092662570849,0.1713334704370535,1.2393927330213392,0.5351516546775072,-0.8945002906875237,54,c1,91.32581757
0.09179660994540063,0.448,22.546999999999997,4.2188619094542075,16.188,0.08666356030218389,37.691,0.22697535303674243,0.09261196000645855,1.2306528369464589,0.5337953568021935,-0.8776143810020725,55,c1,91.65213593
0.09000514851735651,0.415,21.668,4.25764042467766,15.463,0.08520764130832861,37.242,0.14140558964940464,0.05495663370837889,1.2130929060135047,0.5329177806512668,-0.9002532253975546,56,c1,91.95786023
0.08743385640166154,0.397,21.749000000000002,4.339968943220761,15.98,0.08225557304253324,39.488,0.1815711447531032,0.06664843285665656,1.2276512135704358,0.5335544969392437,-0.9058659813943084,57,c1,92.24346325
0.08701081058558152,0.448,21.498,4.369790337745321,15.512,0.08166232803227447,37.59,0.28619060226330006,0.1156288652737123,1.2534604974922106,0.5427069298535718,-0.9107951584233538,58,c1,92.50943591
0.09011409233949978,0.443,21.826,4.4293958074874125,15.887,0.08489873095818569,38.786,0.31812602110465393,0.15579116036678897,1.2970910734821617,0.5388712115577936,-0.9210344776200841,59,c1,92.7562856
0.0919767790907494,0.433,22.037,4.502988227033138,15.96,0.08702693840501151,39.171,0.19124465986144568,0.07670113496182074,1.3297089781605909,0.5455644980872101,-0.9276224079487374,60,c1,92.98453457
0.0909574013199214,0.485,21.138,4.600353119125403,15.589,0.08570237706244932,39.183,0.14862806966455544,0.05443147072503507,1.3771514365681465,0.5548374165920412,-0.9271162522000882,61,c1,93.19471836
0.0883054488466415,0.427,21.704,4.623606676944971,16.027,0.08300154082488306,40.782,0.17057281634539168,0.06960049245987676,1.4107955310301632,0.5623791118825483,-0.9228215408854079,62,c1,93.38738431
0.08855973314325266,0.443,20.923,4.661295184624366,15.283,0.08277660510798614,39.321,0.27986421217866164,0.0996880837714551,1.3630506126174469,0.5500857011227146,-0.9317509721060504,63,c1,93.56309014
0.09065734277104148,0.444,22.295,4.70449634363866,16.295,0.08538300331300978,39.319,0.30223748606618495,0.14056777330218928,1.3541783376115006,0.5544195153432379,-0.9512933031774629,64,c1,93.72240252
0.09102318613715289,0.448,21.042,3.564067473108543,15.146,0.08541474934405825,36.257,0.10383119943197006,0.03192145754854314,1.2504028133188791,0.4672796622656532,-0.9258773608751314,65,c1,93.86589581
0.0911770694150927,0.458,20.227,3.5472353587783485,14.487,0.08540061725593624,35.859,0.21314609343262259,0.026703002113452,1.3755487255806322,0.527485337912282,-0.9228777137485942,66,c1,93.99415074
0.09242486340941759,0.472,19.919999999999998,3.5464387717857466,14.341,0.08698199849217317,36.356,0.2415460866376451,0.07534286279522195,1.4384495474448462,0.5490922536097311,-0.9404994214064191,67,c1,94.10775318
0.0944623475475716,0.525,21.015,3.583913036929523,14.801,0.08915825519027254,36.007,0.20722471762417038,0.08050822496328314,1.4217101591158174,0.5441789565224827,-0.924389194229823,68,c1,94.20729304
0.095482483885263,0.427,20.779,3.652604116195143,15.074,0.09038458707186159,36.605,0.13081361314167994,0.023870834776106964,1.4537197917714826,0.5421395172764064,-0.923630824317649,69,c1,94.29336308
0.09605862430699261,0.432,20.722,3.748268073305784,14.828,0.09082186130723291,35.484,0.08413644960737177,0.008623155066636912,1.454033380749058,0.5448152500757127,-0.9085965543237933,70,c1,94.36655788
0.0944343874930101,0.413,22.067,3.794358342266724,15.784,0.08924922244928636,37.102,0.058372278736815275,0.00754227995972423,1.4810233268718038,0.5485798896689649,-0.8999368814283168,71,c1,94.42747281
0.09299112880267926,0.465,21.242,3.868642660973184,15.506,0.08744569937755708,39.563,0.13098309179778234,0.03183532983407256,1.4975916315427948,0.5544425170769146,-0.9121618038134383,72,c1,94.47670304
0.09227044400173856,0.489,21.422,3.956966625936935,15.695,0.0868732111366066,36.897,0.16906466238303386,0.045264361730678715,1.494138904590085,0.5552606401207381,-0.9072885451638313,73,c1,94.51484266
0.09288789678181535,0.476,22.662000000000003,3.997301947637292,16.19,0.08781980202127249,37.349,0.224893630092192,0.07733640251273899,1.5225665228399414,0.5572331696302041,-0.8955220026818576,74,c1,94.54248373
0.0904425511202095,0.479,22.13,4.075949784994778,16.2,0.08505520461021909,37.272,0.4523599000785863,0.24511246205780868,1.4676341308782943,0.5545276346856939,-0.8766972535957565,75,c1,94.5602155
0.08741937003438364,0.454,22.361,4.129921927660292,16.074,0.08153746633716928,38.315,0.27626175396671915,0.10860854202420445,1.5344305074495992,0.5599724924601661,-0.8636956197816779,76,c1,94.56862356
0.0873761892541063,0.429,22.803,4.219449289436611,16.526,0.0816487838860513,38.467,0.16608135704105065,0.07416678545727784,1.499767011911164,0.5557343997562061,-0.8609849392310931,77,c1,94.56862356
0.08565708166884198,0.442,23.558,4.25218815019543,17.004,0.07981654693248152,38.145,0.19688176722679662,0.12919243550559578,1.5477833121562101,0.5659421999234386,-0.8464659716786973,78,c1,94.56862356
0.08356125740423823,0.421,23.829,4.318071845040824,17.433,0.07749380822081277,39.025,0.28360245780328386,0.13812356408050297,1.577995488046362,0.5717608799199013,-0.8366272028498702,79,c1,94.56862356
0.08389211233087746,0.457,24.017000000000003,4.383991875815384,16.882,0.07781923772906923,37.502,0.3996057196405869,0.1680394919721011,1.56070853346107,0.5801960777578914,-0.8240707898345865,80,c1,94.56862356
0.08547769743108094,0.475,23.269,4.45938770132706,16.862,0.07922845388430305,39.65,0.45167152713954195,0.1763651861178861,1.5872118414357672,0.5842227830741166,-0.8182828477552975,81,c1,94.56862356
0.08760825371597564,0.47,24.222,4.480782764656012,17.443,0.08165393885557651,41.088,0.3571935738906049,0.15202725604084355,1.6263070890884297,0.5870855989638122,-0.7858947861319829,82,c1,94.56862356
0.08905035437044899,0.433,24.392,4.568694794445584,17.854,0.0831555262496527,38.655,0.22135625597737318,0.06951670919812214,1.6256204345317213,0.582091921072213,-0.7699629253852227,83,c1,94.56862356
0.08833754318693454,0.404,24.113999999999997,4.605338357145137,17.586,0.08232771844116563,38.351,0.16308466218154827,0.08763253394065851,1.618530474051143,0.5884465758536218,-0.7737830997376145,84,c1,94.56862356
0.08638497506180055,0.45,25.858999999999998,4.661134335565578,18.307,0.08026502497598836,41.315,0.21444776095404006,0.15173956206028816,1.6838018376674109,0.6012377096329339,-0.768671173303145,85,c1,94.56862356
0.08426364322714566,0.422,25.941,4.726374145814432,18.212,0.07846747812834903,40.24,0.33700549087200304,0.1880815061190768,1.6579334366794871,0.5861055992250664,-0.7560355233655485,86,c1,94.56862356
0.08516819689363253,0.469,25.838,4.788256192807999,18.913,0.07894023186891878,39.408,0.4388202069571001,0.1906271207195811,1.6618185837896196,0.5892710780361283,-0.7512943201622964,87,c1,94.56862356
0.08758614391722663,0.438,26.433999999999997,4.850061496948399,19.037,0.08146553530819237,39.397,0.4370180624375912,0.1686860983377585,1.6467055852018575,0.5871766459768368,-0.7474887638032577,88,c1,94.56862356
0.08974045922481497,0.469,25.795,4.91379029559906,18.178,0.08350311054814583,39.53,0.3182717995839113,0.09438958086837035,1.6615030991005915,0.5861097810319565,-0.7478575281685269,89,c1,94.56862356
0.09014238118212249,0.433,26.782,4.961310470433232,19.113,0.08420618534841569,40.068,0.1740248866373384,0.0413193495344335,1.6261288918142975,0.5744844499269333,-0.7434242259637034,90,c1,94.56862356
0.088984260503522,0.449,27.082,5.032490475018011,19.572,0.0828147348628468,39.938,0.17791472295067834,0.10870314396262337,1.611295860615419,0.5772421569923414,-0.7286525715939067,91,c1,94.56862356
0.08639512686698306,0.439,26.807000000000002,5.0804403518366605,19.19,0.08023468998685787,41.093,0.24415213187513318,0.11202911321046383,1.6680224332805969,0.5798288178272198,-0.7489318805574414,92,c1,94.56862356
0.08598568785767202,0.478,28.087999999999997,5.139257749765298,20.089,0.07963586852161035,41.039,0.3807431091250133,0.15634145443779968,1.7246995042122215,0.5891381746140475,-0.7346697798413846,93,c1,94.56862356
0.08795807905725278,0.486,28.951,5.1962802805539985,20.908,0.08134714808553528,41.742,0.4795529760000474,0.1582882264296881,1.6955634960698749,0.5876081305952544,-0.7363734243985949,94,c1,94.56862356
0.09076857938119695,0.547,29.226,5.2814044769725745,20.9,0.08430143413612555,41.334,0.38280981340947307,0.1178898800404502,1.6857843983689458,0.583296824928327,-0.7464902446024699,95,c1,94.56862356
0.09224141466522424,0.434,28.493,5.315431549532055,20.746,0.0859377411161502,41.614,0.2643334663447501,0.05700850314299233,1.670261701944873,0.5796276581352106,-0.7397555589065514,96,c1,94.56862356
0.09125124328340047,0.502,32.482,3.798546805603006,22.32,0.08594955515378788,37.693,0.32054934709792127,0.1399566708007134,1.453660073094455,0.5170700121921228,-0.5689074345798479,97,c1,94.56862356
0.09481565798538491,0.562,32.306,3.768635482004819,22.054,0.08958935797135785,39.868,0.3551088063259842,0.1395316442115737,1.6188957592796953,0.5943286675700921,-0.5877588382903638,98,c1,94.56862356
0.09739094212455313,0.518,31.125999999999998,3.8543642635800226,21.764,0.09204141008205328,42.17,0.22144236926441163,0.07997720097346184,1.5849648095591036,0.5880147460691333,-0.584727988016958,99,c1,94.56862356
0.09831790797981685,0.52,32.076,3.928432398802171,22.622,0.09321995784713688,40.337,0.1468256107582162,0.06055885332549327,1.6273810523643215,0.5821923207919828,-0.5849860293578129,100,c1,94.56862356
0.09811324735885743,0.459,31.63,4.048024712394924,22.357,0.0925635368614061,41.375,0.15627283318398577,0.07811820957712223,1.6295153259505115,0.5784295520352899,-0.5903135989684127,101,c1,94.56862356
0.09738928391717085,0.492,33.733000000000004,4.112346631803357,23.05,0.09150610059907656,40.853,0.21352956820383895,0.06959842632401836,1.6731961897679266,0.5859860663422226,-0.5927811621542349,102,c1,94.56862356
0.09662474276476611,0.454,32.816,4.1701712789214795,23.056,0.09085762692024843,43.236,0.28092032170560666,0.1070229452180742,1.6222278288168113,0.5866592739407214,-0.6031636367262623,103,c1,94.56862356
0.097463263410354,0.474,32.952,4.238834857996739,23.29,0.09170124690846701,41.81,0.36154074320038854,0.14008483009306794,1.6966222636984787,0.5938153314406621,-0.6129200022893926,104,c1,94.56862356
0.09807637867511641,0.479,33.106,4.303708277156287,23.546,0.09211417093743782,42.062,0.28850274925195896,0.07664076157107269,1.6200763477163997,0.5881077041317564,-0.6121137750434529,105,c1,94.56862356
0.09872230515163165,0.496,33.607,4.352076542760237,23.675,0.09349339558987867,41.295,0.24948778787914394,0.07438018438393401,1.702728239925059,0.5964747169176648,-0.6206572208439196,106,c1,94.56862356
0.10009812189978631,0.555,33.911,4.403161618965282,23.461,0.09434240689120654,43.795,0.17990484414354713,0.0497107715278422,1.6951133208266347,0.5950002290844116,-0.6260893876662372,107,c1,94.56862356
0.09945291874499161,0.671,33.786,4.477017514690475,23.52,0.09381361074975152,41.865,0.1657017811098216,0.07489202084827573,1.6413059400813816,0.5976147527166134,-0.6249858060462139,108,c1,94.56862356
0.09679939727222274,0.498,34.299,4.54483313540003,23.948,0.09116032180520342,41.69,0.22232245424032016,0.0903988492433574,1.7268959029657225,0.5948730139642695,-0.6324681779977817,109,c1,94.56862356
0.09577135888903018,0.568,33.148,4.59082336738782,23.295,0.08989365055506987,42.581,0.3914363188279699,0.16581133189833563,1.7747500027375986,0.6072552236440573,-0.6456912064211555,110,c1,94.56862356
0.09526308078288574,0.488,34.423,4.652073614937949,24.101,0.08939036889459197,41.321,0.36078298592029245,0.10947253088118458,1.7291631634060973,0.5954947783271949,-0.6473055459360957,111,c1,94.56862356
0.09684199687886684,0.519,35.384,4.685316324299704,24.853,0.09165813342212367,43.663,0.29460774505269915,0.10485040438378679,1.6718079429046346,0.5963714252199305,-0.6568101323186721,112,c1,94.56862356
0.09832524600535306,0.503,34.289,4.790673719229422,24.165,0.09339736080616157,42.449,0.22974257528615238,0.07258186329243843,1.613284526866563,0.5888554260972213,-0.6594734221267169,113,c1,94.56862356
0.09822997764288927,0.456,35.44,4.865843621043043,24.817,0.09333109055132903,42.586,0.16092428120439406,0.0395878308926636,1.71246759324774,0.6041254308084598,-0.66999106538207,114,c1,94.56862356
0.0991846528259291,0.516,35.516999999999996,4.890587864689789,25.235,0.09393377868845564,41.999,0.1664333707864185,0.10472007475951406,1.6491693253576623,0.5947701398264225,-0.671692467377631,115,c1,94.56862356
0.09618553914803098,0.581,36.507999999999996,4.94183267196971,25.493,0.09133472399996195,43.199,0.24470840513906822,0.11796233899361441,1.7130345316333928,0.6051845261161287,-0.6755117431279332,116,c1,94.56862356
0.09651383117835385,0.51,35.609,5.025018995521898,25.079,0.09103350085475927,43.661,0.32396587414840416,0.1484588504317368,1.682639644938667,0.5985970336403165,-0.690401488704699,117,c1,94.56862356
0.09626302754138297,0.49,36.106,5.094058970867509,25.258,0.09101608640330809,43.29,0.3412258850755885,0.11287504235228063,1.6885580729901042,0.5870937463375174,-0.6891915060858378,118,c1,94.56862356
0.09676786788553825,0.535,36.344,5.120701393155742,25.515,0.09164677687133904,45.203,0.358864403152078,0.12191372510268339,1.7918613350067076,0.603299899775399,-0.7084856735730716,119,c1,94.56862356
0.09957311061006653,0.49,36.481,5.214093331633303,25.642,0.09408245287795183,44.21,0.22375637802178128,0.026256199066266195,1.7730301739957568,0.6070659489074628,-0.711582578494308,120,c1,94.58162515
0.09937355473422364,0.505,37.516999999999996,5.293904216286098,26.386,0.09428417678464339,43.098,0.19241210755106586,0.0429563583670487,1.6956576009132283,0.591338967124277,-0.7212155793370876,121,c1,94.88972237
0.09826145716128508,0.48,36.891000000000005,5.322459662323113,26.251,0.0930308711829189,42.818,0.2339221605686741,0.117720518154115,1.7336514290084324,0.5923843917992596,-0.7304619645627626,122,c1,95.19110376
0.09611802112920957,0.476,37.423,5.41370499988621,26.605,0.09106401796408359,43.57,0.2759609343815459,0.10688630105301344,1.7412857310470615,0.5988762078420438,-0.7350180897732796,123,c1,95.48569329
0.09536361173080649,0.486,37.881,5.467523168793074,26.897,0.0903949835491005,44.714,0.356136277177856,0.15227341168250508,1.6834175710179213,0.5818750211979477,-0.7427612622069382,124,c1,95.77343457
0.09889409747306688,0.594,38.81,5.488208833201251,26.444,0.09305198321587387,43.584,0.3450719403633622,0.11769220044314288,1.6834083915690181,0.5747090132947589,-0.7505636599428884,125,c1,96.05429047
0.09998509024367377,0.56,38.206,5.544010834566777,27.127,0.09440099489501126,44.398,0.3455285782659363,0.07508435664326862,1.6419577377588972,0.5758270217272711,-0.7612025056453398,126,c1,96.32824273
0.09976466664478156,0.56,40.129,5.651770611735445,28.313,0.09431754050200222,45.5,0.22501947341925943,0.04283749424065508,1.695808806439092,0.5794167224498258,-0.7701302389211571,127,c1,96.59529149
0.10049039617390876,0.576,39.254999999999995,5.696048539135502,27.313,0.09487438812977096,44.675,0.21810771779450855,0.05848716208246074,1.665106109068426,0.5753641180425271,-0.7801469686462537,128,c1,96.85545491
0.08952747583350483,0.486,36.723,4.354414194380956,24.994,0.08476134030044438,38.835,0.25275457905421117,0.05382379809052473,1.6387464407943169,0.5643138508116421,-0.994612421952406,129,c1,97.10876863
0.09468624042527495,0.472,37.147,4.397806378018013,24.897,0.08958083000565985,43.398,0.16383943472596219,0.0721053437471193,1.6935273921560805,0.6264198407200415,-1.0007968863405452,130,c1,97.35528535
0.0959898233066519,0.438,38.597,4.533224515999781,26.587,0.09090390896676545,40.39,0.12835312367252705,0.06795836362958063,1.6357859711708427,0.6145766129814973,-1.0004270112464573,131,c1,97.59507432
0.09400092585751958,0.44,38.534,4.637500578371634,26.529,0.08930917988418931,42.938,0.09833762281980851,0.09580712891644305,1.6106239575812928,0.626284371816621,-0.9926269107976715,132,c1,97.82822082
0.0933571811094777,0.471,40.019,4.692935544544536,27.176,0.08879226965663863,42.963,0.1392835275941482,0.10366109962338932,1.644497463673912,0.6154895655304513,-0.9974944589759072,133,c1,98.05482567
0.09247739914516341,0.543,39.005,4.780364999249048,26.952,0.08711514349371019,40.831,0.2322361455926396,0.14434253993204216,1.627586120610406,0.6167464879747074,-0.9979126222407508,134,c1,98.27500469
0.09198761711787064,0.554,39.445,4.865195897043484,27.331,0.0863648228750926,40.79,0.3808682071267633,0.12974817835982444,1.6057283072719448,0.6137812282571247,-1.0037974721852405,135,c1,98.48888816
0.09389939791531536,0.517,39.921,4.935041693042658,27.315,0.08809367646773625,43.481,0.3748278101332505,0.1022083201105417,1.6236263974668494,0.6141567150282092,-1.0148851846575246,136,c1,98.69662026
0.09394703383040666,0.503,41.336,5.074815208790009,27.998,0.08857373664627563,42.947,0.3411695779799091,0.09388928753578663,1.5983820280313354,0.6079734108113093,-1.0214421347326534,137,c1,98.89835857
0.09556962063457342,0.492,41.501000000000005,5.132347132800902,28.914,0.09058143876512685,43.638,0.17748168469234304,0.03562823532438486,1.5961585258541167,0.6052548609426436,-1.022403382629685,138,c1,99.09427345
0.09510591917755756,0.458,43.233000000000004,5.255781659090599,29.338,0.09007536085492411,43.765,0.15029810707665936,0.041672806021700204,1.6098108063398646,0.6024439409485629,-1.0304712054396263,139,c1,99.2845475
0.09505892904322354,0.507,42.68,5.3149542956781435,29.475,0.08981480463126487,43.415,0.15439194718156068,0.07221972060255455,1.6431222329473245,0.6104766139652834,-1.0368379337752043,140,c1,99.469375
0.093495076747764,0.459,42.918,5.42644690854092,29.927,0.08839506357564238,43.097,0.2013708438904862,0.09528216343202356,1.5641377969353627,0.5992061325356584,-1.0489165898945128,141,c1,99.64896132
0.09367069153287441,0.568,44.155,5.511512683632789,29.866,0.08827700088440404,42.372,0.3415184627657326,0.11166804224678684,1.5949229908082883,0.5961513742646483,-1.0535438388449718,142,c1,99.82352237
0.09441340232094024,0.481,42.352999999999994,5.535387119104112,29.618,0.08888539424333927,45.908,0.36747939281390396,0.07917057715413822,1.593834237413624,0.6046350383397543,-1.060933680319285,143,c1,99.99328397
0.09520480245839971,0.542,44.403999999999996,5.596825380715279,30.884,0.08956820085822531,43.961,0.40215819686173093,0.09199301081015898,1.5000020458597776,0.5837207626053462,-1.0631083143783315,144,c1,100.1584813
0.09586351426736908,0.54,44.85,5.684115093798509,31.508,0.09027469526994626,44.302,0.2852768790897948,0.046819091042445304,1.448410001891932,0.5763652893786367,-1.0623432643889772,145,c1,100.3193584
0.10093134517999297,0.537,44.544,5.8359952683471095,31.14,0.0949271895435549,43.679,0.14108871727493533,0.025667030226244947,1.4693430587573264,0.5697833310947753,-1.0670039613388298,146,c1,100.4761675
0.09996410044873363,0.599,46.244,5.928479521220895,32.353,0.09452276927968496,45.495,0.14046114158010337,0.05238729283946553,1.4420603912592531,0.5618258843432088,-1.061381608906777,147,c1,100.6291683
0.09922916435314011,0.532,47.228,5.98923548345975,32.942,0.09365396137179272,44.809,0.15505651685065658,0.12970122107383775,1.4688015889209245,0.5704990940205653,-1.0638797575698544,148,c1,100.7786279
0.09825910905697145,0.582,47.393,6.095182877959926,33.618,0.09219403308012679,44.656,0.35791261093988114,0.15565404406388028,1.4950771997748724,0.5696761989775324,-1.0620665063819354,149,c1,100.9248194
0.09910471569401136,0.55,49.936,6.1413817665115165,34.604,0.09335657679988632,46.327,0.39833870827410367,0.10627065990548612,1.47723002972356,0.5657761459536359,-1.0684460934311975,150,c1,101.1797629
0.09875418088300025,0.578,49.294000000000004,6.252584321439629,34.35,0.09370582882606486,45.017,0.43916629389412387,0.09583442783389096,1.4935764759341028,0.5698728723752998,-1.0663164218650767,151,c1,101.5974715
0.10027999070644103,0.577,49.741,6.251776390728928,34.367,0.09512075166042432,45.394,0.2894508859870428,0.0494422515338222,1.44371845242146,0.5624226953614208,-1.079302315492593,152,c1,102.0215369
0.10288503005418423,0.499,48.801,6.2845301280504735,33.363,0.0973587463795773,45.325,0.177003279681327,0.06613284909091854,1.3814107326701235,0.5552135646846676,-1.0809755020048566,153,c1,102.4516511
0.10288997611772367,0.574,48.985,6.343100882379694,34.246,0.09730819306994867,45.766,0.12372631507525522,0.06610310972194666,1.301250389305408,0.5307553869968356,-1.0782474980316457,154,c1,102.887502
0.10252943474240986,0.528,49.425,6.4096203701175165,34.596,0.09668988672215528,46.184,0.1477636644505953,0.10294152630612396,1.278790014817445,0.5171751986758282,-1.081666759960177,155,c1,103.328774
0.10231601234616253,0.494,50.997,6.526836865306123,35.083,0.09554440492510655,45.155,0.2859821911284821,0.09938861821149425,1.2704007001575146,0.5110667110347559,-1.0785984846174002,156,c1,103.7751482
0.10412228121415928,0.564,50.495000000000005,6.589441405431982,34.926,0.09810081983159531,46.101,0.3158528551886808,0.1346853441749345,1.2653754965183346,0.5137393472020466,-1.0827068744227828,157,c1,104.2263032
0.10418592145979094,0.555,53.976,6.729148872734886,36.706,0.09906680970496295,44.969,0.3675336922320578,0.12701321097418194,1.2004875996136422,0.5101068152382324,-1.075294496297787,158,c1,104.6819154
0.10957925146568324,0.548,52.944,6.778258126926175,36.399,0.10327279417045504,46.339,0.4203064724103842,0.08924740128990427,1.2256594570352952,0.5130691253229611,-1.076206471818957,159,c1,105.1416593
0.10955230235254458,0.562,52.995,6.82995294498028,36.489,0.10488790769543431,47.651,0.24670079566174863,0.03709724132537495,1.2888398781340085,0.5245121267217162,-1.0816198697265513,160,c1,105.6052085
0.10561187183184462,0.551,63.132999999999996,4.878950188594522,42.102,0.09596923996329954,43.542,0.3203261258599266,0.12164707799516261,0.971659481579084,0.4081821113217646,-0.8969134213595318,161,c1,106.0722354
0.11028280065900754,0.595,63.044000000000004,4.75409567663782,42.081,0.09844800221043988,46.119,0.3603190327098238,0.08149005609200399,1.1059332649208926,0.4457577519970024,-0.9085558601185153,162,c1,106.5424124
0.10968588207740511,0.638,63.542,4.813332248387377,42.676,0.09880016835891599,45.395,0.3800317472135202,0.1386568228057139,1.1473870514453903,0.4521380712579039,-0.9123426348781272,163,c1,107.0154117
0.10899306572562767,0.606,64.38,4.914099082568807,42.921,0.0987760802586055,45.633,0.44555531690153627,0.2248390570905192,1.153877079671993,0.46041536602775773,-0.9118965887602513,164,c1,107.4909062
0.10812323563223546,0.611,63.625,5.0487246746746735,42.195,0.09836861681522092,47.129,0.46976121766625356,0.22987255646829796,1.16713806938865,0.46350251843134427,-0.9213881189373097,165,c1,107.9685697
0.10505064535717558,0.593,65.821,5.1350131317821,43.247,0.0973766430489033,48.611,0.5692533854881541,0.2249292849347273,1.181042556416207,0.4490608235322506,-0.9203697806253723,166,c1,108.4480774
0.10644060970981081,0.588,66.892,5.17611090570488,44.076,0.09877070704372674,45.971,0.5946169947987099,0.19404827490202115,1.1171773923515351,0.4537640286043067,-0.9295761925445292,167,c1,108.9291061
0.1084179002630117,0.603,67.143,5.270239478871252,44.381,0.10119206187382833,46.503,0.5956945580030664,0.18879236864418658,1.1404145776149814,0.4590402251101191,-0.927261454321302,168,c1,109.4113349
0.11008683858097801,0.684,67.968,5.377398984429743,44.792,0.10321214364667392,46.863,0.4786340931012929,0.1231647318190916,1.1670523771098784,0.4577688452889761,-0.9264883567896969,169,c1,109.8944454
0.10851164759841704,0.656,67.762,5.404956248833621,44.411,0.10181994375885006,48.77,0.4047144919073742,0.11958368890253146,1.1214724596934085,0.44969981837459067,-0.9409396746043615,170,c1,110.3781221
0.1077214108923782,0.64,69.618,5.443832723682655,46.866,0.1021463033354046,49.019,0.4524424941754117,0.21328175404829608,1.0404048821751406,0.4311278244785049,-0.9396932079832818,171,c1,110.8620528
0.10856465849656168,0.587,69.804,5.520417136717702,46.774,0.1033049310538241,51.047,0.4006714780113887,0.19895976387098724,1.0822148172452328,0.43282584601374213,-0.9472357751473801,172,c1,111.3459291
0.10628640188290218,0.672,72.048,5.607530127227622,49.85,0.10133802172441923,49.312,0.5721324227378792,0.2365087180116494,1.0805312875075765,0.4360475313298041,-0.9551918308640399,173,c1,111.8294463
0.10728718759112804,0.64,69.868,5.663906076543705,46.723,0.10235893711635057,49.938,0.7033663317497414,0.2075656882672594,0.9927713015194475,0.4235208117981285,-0.9603919963969205,174,c1,112.3123042
0.10549147808088148,0.583,69.702,5.7092150524423815,46.781,0.10175090720985373,50.413,0.4849916953338589,0.08211344808229448,0.9875063078973385,0.4180590294615763,-0.9696560044206741,175,c1,112.7942074
0.1089223990600426,0.594,70.265,5.819804550564612,47.193,0.1054255594854545,49.055,0.4412257956722505,0.038606146671599006,0.9197623272743294,0.41028483520675724,-0.971894382535536,176,c1,113.2748654
0.11034509501775094,0.63,72.976,5.962783051047883,48.459,0.10693005856449822,49.112,0.3290351065826158,0.01983388011073961,0.9453201364671222,0.42263393069510496,-0.9760671116143529,177,c1,113.7539929
0.11223637788956524,0.553,72.989,6.0161375819834415,48.62,0.10828222449756482,52.064,0.3368912973637386,0.10379603634703471,0.8873763340731191,0.41598585357690376,-0.9792110960217268,178,c1,114.2313103
0.11260997362282714,0.653,74.042,6.126302057257294,49.611,0.10745624264429585,52.753,0.4759841305173431,0.1397329533902174,0.8964390928922841,0.4163322458562584,-0.9803151304549589,179,c1,114.7065438
0.11237694761324883,0.629,73.786,6.1639824009027055,49.582,0.10698568942234518,53.421,0.507534559198001,0.14832521513663588,0.8626570057494067,0.415378273907544,-0.9849309330920892,180,c1,115.179426
0.11413340359089653,0.66,75.844,6.288169653834594,51.348,0.10838359362681155,52.805,0.6527715269861645,0.129583348047992,0.8355701179835489,0.4077611501448479,-0.9848161136745297,181,c1,115.6496958
0.11571236188189554,0.633,76.695,6.34534782648273,51.753,0.1098730463796697,53.36,0.6537645631077975,0.07492209465554245,0.8382730802086891,0.416408125847449,-0.9865774477491538,182,c1,116.1170987
0.11894416068873623,0.717,77.725,6.4428674829312715,53.394,0.11332439182386332,54.202,0.5458506131917353,0.052853343030783595,0.810346269948699,0.41393759833328797,-0.9863594013517818,183,c1,116.5813874
0.12095693215235337,0.655,77.218,6.508102274950966,52.593,0.11456270818418231,52.953,0.4338456485548763,0.019024338375701166,0.7999513825657387,0.41601414046318763,-0.9880575000397354,184,c1,117.0423215
0.12089201669474751,0.629,80.14500000000001,6.641238604776007,54.578,0.11492572232179796,53.961,0.3943541230913792,0.09518204867046931,0.6910265928670651,0.39818537272260834,-0.9835750652948807,185,c1,117.4996682
0.119595871921657,0.658,78.953,6.691295966574729,53.415,0.11409281580312805,53.159,0.44338704281741537,0.09123635542740871,0.760632616197972,0.4130674318526673,-0.989663032747929,186,c1,117.9532024
0.11460371929592554,0.653,80.789,6.739951712615633,53.291,0.11111748783593405,54.857,0.6045630068264609,0.12023890621749755,0.677269635980061,0.39089561928613664,-1.0004874851972136,187,c1,118.4027067
0.11565429865486859,0.676,84.323,6.805688611500446,56.266,0.11303960352185136,54.673,0.7307197510217729,0.16133100256345267,0.7039513740491374,0.3951244058672369,-0.9982076699928291,188,c1,118.8479717
0.11671606358767957,0.655,82.297,6.933669761134396,55.863,0.11459919444361671,56.813,0.5376377734380755,0.05279425069153554,0.6829099700776307,0.40099943959011203,-1.002638261564803,189,c1,119.2887964
0.11997317521069435,0.627,83.847,6.981578722978291,55.239,0.11801918046426832,56.132,0.46015939188804067,0.045454885879795626,0.6537024338597157,0.388458119614228,-1.0136355303949867,190,c1,119.724988
0.11851013687698327,0.653,84.027,7.104873304607106,55.803,0.11841134567694811,56.182,0.4404901342164882,0.05684795201264414,0.6317003602488054,0.3871368115624389,-1.0103857130342433,191,c1,120.1563624
0.11811319051511024,0.672,86.138,7.210680049691474,58.199,0.11807896721844369,56.401,0.5110415012958427,0.078492588229361,0.6267149956444871,0.3862075866565038,-1.0117297219623709,192,c1,120.5827442
0.13045785179795708,0.732,87.643,5.609792436227971,58.537,0.12673411877101912,53.765,0.5202501025085189,0.10353307810321244,0.44029071299535927,0.35496217730704976,-0.9770816464661007,193,c1,121.0039667
0.12870046169249935,0.646,90.19300000000001,5.886401675067786,61.084,0.12668984198115976,55.28,0.5583436662718664,0.07385684349143284,0.5339591726350759,0.3814776750688825,-0.9773438537814725,194,c1,121.4198724
0.12822023708785524,0.715,93.321,6.035394073811215,63.66,0.12693298543137227,55.7,0.4499035964035554,0.011501311047065421,0.5369219802764822,0.37797644799607777,-0.9749649472036572,195,c1,121.8303128
0.12683019255101816,0.758,91.02,6.059963621558672,62.46,0.1264395652557444,57.635,0.43103540721504174,0.019076616511060962,0.5024465590082432,0.3758805205799101,-0.978192805950528,196,c1,122.2351485
0.12931199214106992,0.658,91.436,6.21735456310503,62.008,0.12774218599445492,57.415,0.3582020834597275,0.06353961566262534,0.45843679886027866,0.3715499232706947,-0.9763602090565673,197,c1,122.6342497
0.12663272765596773,0.686,91.922,6.276717043759775,62.985,0.1266772427163827,58.566,0.40269967962364595,0.07217984029958613,0.4454156056104033,0.3714626292893957,-0.9769882146450022,198,c1,123.0274957
0.12536766137359062,0.716,94.42599999999999,6.375866147820984,64.249,0.12534930192656213,60.163,0.5750823787192392,0.14268137141113968,0.40546679531915064,0.36753927994546715,-0.976952303315636,199,c1,123.4147755
0.12776946230685893,0.669,97.188,6.4249619122991355,65.634,0.1276435293623881,59.164,0.5449738929379402,0.08263676839063416,0.39356574754510065,0.3621463443084103,-0.9807836533579568,200,c1,123.7959876
0.13085533549478617,0.687,100.029,6.568079940306384,68.657,0.13002799650521793,59.559,0.4874522671303745,0.06010159531913217,0.41247388983938205,0.3667270558003426,-0.9822894586185349,201,c1,124.1710401
0.13286567527714752,0.741,98.38999999999999,6.662755387043799,66.49,0.13158055662521123,59.545,0.430398451485984,0.06995238906124746,0.3615689637951256,0.35872881540721374,-0.9833957665927131,202,c1,124.5398507
0.133817517869518,0.707,101.28,6.756425953302615,68.229,0.13221994623455513,60.338,0.48690978678641494,0.11214412823686937,0.3792096592469263,0.36118821491591785,-0.9853052138074632,203,c1,124.9023469
0.13257060975305332,0.711,104.047,6.77189964115322,70.254,0.13119909437795946,59.459,0.5198034257584832,0.1748730031196959,0.307897930473636,0.3502708643237111,-0.9847900815793653,204,c1,125.2584659
0.1340151488972678,0.733,101.36200000000001,6.90381524883996,69.04,0.13232531128131073,60.573,0.6952709984829624,0.1692579086897399,0.3068627671937967,0.350192458128808,-0.9882668198669511,205,c1,125.6081548
0.13503293048734508,0.746,103.904,6.957707815037001,70.947,0.13393224876889856,59.712,0.5350253461674601,0.11630559323322531,0.28238367248352647,0.3517922536242554,-0.9900887545995269,206,c1,125.9513701
0.13804728946674208,0.709,104.379,7.020843182924443,70.846,0.1367014652086567,61.374,0.5084288762287716,0.09117479552393393,0.3116177825189901,0.35765169221024323,-0.9953656076956889,207,c1,126.2880785
0.13922653597904405,0.71,103.01899999999999,7.061035276945394,68.939,0.13841198027725668,61.214,0.38596485246344736,0.10618740735186183,0.2881065931156348,0.3554883385317765,-0.9961906231528124,208,c1,126.6182561
0.1372174037139306,0.701,106.509,7.140419401381848,72.292,0.13690396222879586,62.594,0.4783722149420808,0.20971542913239505,0.28255730545054014,0.3544180991306299,-0.9974283358600657,209,c1,126.941889
0.1356589179959879,0.778,107.901,7.166913381598767,74.196,0.13629037777981842,62.28,0.5669988526203036,0.22528525028342994,0.29861186862137323,0.35923002180527086,-0.9973395663305786,210,c1,127.2589728
0.13589859615795646,0.777,105.469,7.262245993246994,71.829,0.13555612814035803,60.272,0.5636624336034552,0.15682439235147294,0.27362772084249976,0.3569282823136564,-0.9974410567669385,211,c1,127.5695129
0.1365198118270901,0.773,105.946,7.282618203728969,71.469,0.1378373005476348,63.675,0.5747620675911276,0.14349706539787777,0.22612215394202062,0.34544853120098035,-0.9991770820348584,212,c1,127.8735244
0.1357820294517751,0.859,107.869,7.349786801684234,73.32,0.13842577961823982,61.48,0.5148876582537651,0.10104438290141848,0.2097999906173622,0.33920536724847944,-1.0025019610492465,213,c1,128.1710319
0.13501864704497196,0.729,108.615,7.373080422967594,73.776,0.137186208168039,60.279,0.483422166965791,0.17330266061238886,0.17202833212593793,0.3351659651291881,-1.0057515204379226,214,c1,128.4620693
0.13569337104453658,0.725,109.566,7.497539643630278,74.011,0.1382407011907259,61.78,0.5675514881845483,0.2572855112019883,0.1814691403378088,0.3409294811601247,-1.0055283621632967,215,c1,128.7466804
0.13566655166035838,0.721,112.883,7.5525134916339605,77.062,0.13753171570747,63.525,0.5856369271008797,0.20215625286726846,0.14228150618924262,0.334506283210789,-1.0054947837175174,216,c1,129.024918
0.138908801101839,0.847,114.618,7.652795665676907,76.02,0.14014269296626625,61.971,0.6728723674331345,0.1889093098059056,0.17827919919380708,0.34229620041638514,-1.0058994110861013,217,c1,129.2968443
0.1394880581048513,0.798,111.656,7.7297198200426545,75.165,0.14105797107866822,64.156,0.5442505338962351,0.05194930797084529,0.13853283453267462,0.33143876319024296,-1.0151617564079864,218,c1,129.5625308
0.14166474039713972,0.811,115.783,7.7408214922332546,76.968,0.14321501737487408,63.375,0.602367980452382,0.13063242475000303,0.12226129090537441,0.3271349588479797,-1.0102725228267422,219,c1,129.8220578
0.1421188595385035,0.753,117.47999999999999,7.8816086495827555,78.577,0.14317067246469128,64.569,0.5305649025473271,0.19639110013108807,0.10353738710218519,0.32239721744417926,-1.0123541881309026,220,c1,130.0755148
0.1419763188823132,0.843,116.71700000000001,7.996197408765434,78.852,0.14272603533124545,64.207,0.6106982701060861,0.19118243272224866,0.09230559656406667,0.3267080934424013,-1.0122388108418339,221,c1,130.3230002
0.15644221146639822,0.955,120.11500000000001,8.15207072084356,81.223,0.14906302466229174,68.062,0.7575302293630553,0.22306972979881046,0.08721537839590132,0.3168931771723359,-1.01203601943824,222,c1,130.5646208
0.15107512392265285,0.819,120.423,8.254247234837637,80.957,0.14776560116935106,65.921,0.6793245803353196,0.15078895082346566,0.026668038412338113,0.3060215853957703,-1.0125745174549161,223,c1,130.8004924
0.15696083777763686,0.88,122.297,8.385828327390483,81.575,0.15248621357498224,66.997,0.6581708347831374,0.16295562754322823,0.012360099106613287,0.301928203595084,-1.0137145159885566,224,c1,131.030739
0.15265038324366026,0.89,105.167,6.074206041666666,76.584,0.14286921237189018,51.061,0.5779510532303762,0.3012745481594097,-0.26986161077570125,0.22670831238012476,-1.0194016157268324,225,c1,131.2554931
0.15292460517025422,0.903,110.724,6.383136512784155,82.406,0.1438999874194859,57.02,0.4828740794639743,0.24403279879519513,-0.2182917099422994,0.25573108458552535,-1.0239850224053173,226,c1,131.474895
0.15555715080135699,0.808,114.483,6.466917855242997,88.095,0.1458092886796673,57.334,0.44513973456863276,0.2146465953431962,-0.21981203512955183,0.2518278187876647,-1.028505557287519,227,c1,131.6890935
0.15567857457133258,0.78,115.384,6.467132118005845,92.345,0.14632720225992257,55.215,0.4125648371353132,0.18583063475484796,-0.23599420605235766,0.2510971609893422,-1.0297604949951753,228,c1,131.8982448
0.15802409513345722,0.981,115.93199999999999,6.528859509503594,95.823,0.14748009791461716,57.755,0.4223429184455205,0.1796528195783269,-0.2431157864800073,0.25212118607047834,-1.0327224198395477,229,c1,132.1025129
0.16197019346418456,0.819,117.427,6.6682133505566945,100.84,0.14985985430179768,60.054,0.46449063142232694,0.1156222333725192,-0.2578147635058965,0.24422122561400336,-1.0394179714083298,230,c1,132.3020694
0.16133884938575355,0.913,118.295,6.64353333454572,103.87,0.14924894529916063,59.975,0.4755009508679908,0.11265891048253751,-0.2362318962428005,0.2537732614179263,-1.0346929627913897,231,c1,132.4970931
0.16220988892513422,0.847,119.361,6.710100207771662,107.95,0.1490151550098629,60.483,0.5458261716346628,0.10805557429037593,-0.2551434392511007,0.25210637540087116,-1.0371122251274523,232,c1,132.6877699
0.163558743471111,0.953,122.682,6.767272985631138,113.12,0.15044634968775245,59.717,0.49092406408103617,0.17106096183033603,-0.2727904326852486,0.2502804805112688,-1.0352951349710307,233,c1,132.8742926
0.16518400621340248,0.836,123.622,6.83377530234651,116.36,0.15109142417208815,61.06,0.5127408941587279,0.1459670519972054,-0.2597149797216325,0.2547060402642462,-1.032809413631894,234,c1,133.0568608
0.16810311223199673,0.964,126.832,6.892192741671517,121.88,0.1518850072222643,60.885,0.5988306624004935,0.12235048007642257,-0.25893493890042585,0.2490520934677379,-1.032447401258988,235,c1,133.2356806
0.16863684429316714,1.007,124.996,6.902271108788037,123.44,0.1525355214587277,60.945,0.5508758621680307,0.15949040544342896,-0.268220070563177,0.24337444386659493,-1.0311946139116193,236,c1,133.4109642
0.16978744044809577,1.126,127.19,6.933095898566202,127.86,0.15317763170072976,60.988,0.5225070327906103,0.18241976570417728,-0.28182007214856997,0.24372897336046492,-1.0310367938369092,237,c1,133.5829302
0.17364452520015175,0.957,127.876,6.97244500129612,130.18,0.15445425323444945,61.008,0.5638061816901438,0.16933690340002183,-0.27416209630645216,0.24576207957843005,-1.0308693507197915,238,c1,133.7518028
0.17448587549862735,1.035,130.62,7.03937600814701,135.43,0.15455395242578332,64.603,0.6255586144549916,0.19321865093271473,-0.27452574871912994,0.24721731070612235,-1.0301208807750843,239,c1,133.9178121
0.1734615064288953,1.012,131.677,7.000227275826798,138.25,0.15409035201177945,63.011,0.6844982072478509,0.18507060459850422,-0.2714412560971686,0.25146287631184505,-1.0283431106203578,240,c1,134.0811934
0.1696969651446946,0.988,133.704,7.08057011392917,142.1,0.1545192799669664,60.435,0.64051528253367,0.19261534923795542,-0.30659761970918575,0.24871123738427084,-1.0259845824807827,241,c1,134.2421873
0.1689932206382942,1.102,136.251,7.173051081157233,146.24,0.15376728790474886,62.876,0.6486294730661593,0.12344565191993384,-0.27880483883437934,0.2540849008805083,-1.0280786429294497,242,c1,134.4010394
0.16748929306729066,0.991,137.23100000000002,7.1933267143993636,148.58,0.15468301104203985,62.17,0.6094044588808374,0.20357137189512997,-0.3096343496625149,0.25003361991767503,-1.028199009218207,243,c1,134.5579999
0.1723993849319381,1.004,141.352,7.257329910590504,153.62,0.15642258492559485,63.793,0.6547182048643272,0.1920408277683343,-0.2955178596817105,0.25813145744411,-1.0236149842920188,244,c1,134.7133235
0.17433209979777878,0.996,138.365,7.345674034396043,152.4,0.1566803846626745,63.744,0.6925047971840321,0.13994693535914848,-0.31112276930444027,0.24799932587966633,-1.0363426964508586,245,c1,134.8672693
0.17352429411371803,1.049,134.917,7.256450146840876,152.3,0.15607340529823002,63.2,0.7127992148095292,0.18663626091371865,-0.3444959917934862,0.25196239566718664,-1.0316165286783259,246,c1,135.0201002
0.17284554239050373,1.008,141.88400000000001,7.324170382592649,159.02,0.15714781336792563,62.496,0.7533097111029807,0.19661983880779754,-0.348496482465368,0.26104728703674573,-1.0264238630490183,247,c1,135.172083
0.17151036250160984,1.082,142.77,7.402886047652801,161.22,0.15743711293680732,66.798,0.7008790512396805,0.183235190485302,-0.3238690197361316,0.2647784016850312,-1.0253405500318764,248,c1,135.6291837
0.16856513001261833,1.106,140.85399999999998,7.384177258574059,161.48,0.15707653153636153,64.532,0.7018348653272586,0.14365960137094236,-0.3349038540566429,0.258821549843665,-1.0275424788726648,249,c1,136.2650196
0.1695263934485804,1.141,144.86499999999998,7.438025702581171,166.45,0.15812209223970372,64.837,0.742946355432204,0.15226616591708098,-0.3648868619162986,0.25365364953131986,-1.0281661084573053,250,c1,136.902076
0.1682341272710034,1.02,144.54,7.472084709325842,167.34,0.15898768186466783,65.906,0.6989678840430313,0.17431581033554044,-0.3709417119811844,0.257400457398427,-1.029428025921709,251,c1,137.540114
0.17325040228372854,0.972,140.776,7.305007562433249,167.36,0.15925946649971687,63.944,0.7343074273158066,0.2803459351035964,-0.34158070060201773,0.2506472451382072,-1.028390556052338,252,c1,138.1788957
0.18072619173247048,1.146,143.014,7.243982339925761,171.0,0.16215064575429144,64.584,0.7450230694490445,0.2992741913109822,-0.3466190870304309,0.24381175832811355,-1.0268279406868213,253,c1,138.8181847
0.18664115492520128,1.066,144.69299999999998,7.247211862596738,173.89,0.16432256181004598,66.027,0.7246176387423389,0.28173065034079947,-0.349296271013289,0.24009534775867566,-1.0257964358553349,254,c1,139.4577462
0.18192197971924715,1.167,148.904,7.2511536837727775,178.4,0.1638162583124973,64.0,0.7241751828649923,0.26167992098690407,-0.3479237801523256,0.24397685637628544,-1.0181477435603616,255,c1,140.0973471
0.17896916902789087,0.987,146.62099999999998,7.315900232833174,178.1,0.16382859539879185,63.759,0.5247355354290746,0.253024158768663,-0.37421086135238424,0.22444740416353118,-1.034233949100551,256,c1,140.7367569
0.17673739593637738,0.968,147.047,6.588524089911791,93.958,0.1663759675342764,57.731,0.7522440333317721,0.434706423155621,-0.3256542511629186,0.2255200250554123,-0.998578135625396,257,c1,141.375747
0.1695181394542935,0.989,144.98399999999998,6.734612876250382,92.639,0.1655323155044028,61.018,0.6044866382453953,0.3576421440657178,-0.3312748169016606,0.21509753726570816,-1.0114776213435797,258,c1,142.0140922
0.16939544618874308,0.86,148.236,6.8350378579995645,94.924,0.16746554244064465,60.311,0.559317113263917,0.32440479564505553,-0.33081837565778693,0.21186513796139336,-1.0130812446668145,259,c1,142.6515699
0.1701991815760122,0.938,150.964,6.991875592476291,95.185,0.16868925043133876,61.25,0.5893758376962759,0.306573225704585,-0.3262343943665753,0.20979503034265748,-1.0125825560450203,260,c1,143.2879608
0.16863513615807854,0.911,155.905,7.121547370190954,100.11,0.16919994745359265,61.04,0.6568878697855447,0.32304819421412523,-0.3354272000576035,0.21226878727833481,-1.013539169962871,261,c1,143.9230495
0.16779756129196435,0.946,156.172,7.160843514712837,100.07,0.16884646535092532,60.703,0.5492660936209113,0.25813698275918595,-0.32315279431179356,0.2169522888561778,-1.0111271518859186,262,c1,144.556624
0.16691544306625977,0.974,159.033,7.284495372474864,101.32,0.16983379065787496,63.202,0.5994419832070932,0.26357487871100727,-0.3508980283413865,0.21711828325442442,-1.0156250756539058,263,c1,145.1884767
0.16713308788079578,1.043,158.372,7.3708077466676984,101.14,0.17081788349855515,63.031,0.6097726262296583,0.2086786708310897,-0.35451687903913065,0.21883132803234387,-1.0178996594366208,264,c1,145.8184043
0.16596478426565897,0.967,159.24,7.446301469919824,103.07,0.17013662974711688,62.832,0.551641534247937,0.16131303332529479,-0.35803706982152317,0.2175699581116388,-1.018541607895806,265,c1,146.4462078
0.16978997540547716,0.927,160.72,7.518129679176038,103.54,0.17400234842350767,59.923,0.4117628924747119,0.09447781302974034,-0.39273459681129586,0.21068940471510156,-1.026509436270861,266,c1,147.0716935
0.173726914086415,0.913,161.967,7.413642975236644,103.59,0.17708968063928548,62.818,0.5267094509785273,0.12119217399131665,-0.380374808351958,0.21339738509630965,-1.0209957394012885,267,c1,147.6946724
0.1735887384904556,0.976,165.005,7.480667804395385,104.74,0.17677947863767554,62.306,0.592340371276523,0.13587718628970347,-0.3803598169346363,0.21314526183103896,-1.0213746352151625,268,c1,148.3149609
0.17475290138950547,1.108,167.50400000000002,7.586763706083062,106.59,0.17793432743371873,63.778,0.5782374372698307,0.132935105491788,-0.3791840027270319,0.2131167187755117,-1.0245621728695682,269,c1,148.9323811
0.1788923349104861,1.126,166.399,7.619426415814241,105.6,0.1792227632675207,63.884,0.6291549831081045,0.11077319310216893,-0.3905124111251901,0.20420062711506867,-1.0270253420165631,270,c1,149.5467607
0.1762961064725347,1.028,166.821,7.713402221252377,105.72,0.17795756924865425,66.674,0.5518885077643154,0.11739283653607435,-0.4015058555407638,0.19933898342843112,-1.0294035556568293,271,c1,150.1579333
0.1820927306780436,0.998,170.272,7.714915852561364,108.55,0.1803958212412881,67.447,0.5845950791179502,0.11778162908963319,-0.3978154273764076,0.2015911511252982,-1.030288729336674,272,c1,150.765739
0.18424016820718378,0.983,172.131,7.790311340646558,109.65,0.18173345666879245,68.648,0.518837317336514,0.08049113907524719,-0.40155396028749557,0.19656289942673202,-1.0313664647972247,273,c1,151.3700239
0.18504750531022418,1.043,173.176,7.846685053889931,110.21,0.1828664654242608,67.39,0.5506157185589968,0.1192348398463734,-0.405162838750615,0.19806103827044533,-1.0283090680762204,274,c1,151.970641
0.18393578785526285,0.992,175.95600000000002,7.95108915443682,112.43,0.18208439425222794,68.499,0.5500881104667328,0.12297438644384995,-0.39899551789073184,0.20411120454046575,-1.027068710071367,275,c1,152.5674499
0.18600946066212848,1.005,176.035,7.999424682181249,112.27,0.18375369834481323,69.264,0.5115638552562891,0.13952769430293843,-0.3946489459334206,0.20589301887504569,-1.026508707307416,276,c1,153.1603172
0.19085164369013777,1.057,176.977,8.052978132513964,112.92,0.1842255716451818,69.0,0.6258568049906148,0.1738206588329314,-0.4046364697955185,0.19860908292242613,-1.0261557414819356,277,c1,153.7491167
0.19246257461500194,1.092,179.02,8.024358392926917,112.73,0.18312333749761414,69.476,0.629348519858639,0.24015910783035732,-0.4070566039647332,0.1980336766733258,-1.0262044729785136,278,c1,154.3337295
0.18892379250982685,0.994,177.025,8.086979196778387,111.53,0.1832162857849263,69.065,0.5767682410664619,0.22118192901559297,-0.41528412881096743,0.19950152592552833,-1.0262356589940422,279,c1,154.914044
0.19141103726552527,1.182,177.973,8.110654875339087,112.37,0.18407401012902166,69.66,0.6724086707717944,0.24141402915126386,-0.41040971926227154,0.20003904350048793,-1.025520483937967,280,c1,155.4899564
0.18851760518181185,1.184,181.153,8.281617242186039,114.08,0.18152905607300845,65.755,0.6177867213079304,0.18015293762059015,-0.4438841102417568,0.18688464962336443,-1.0339374280244356,281,c1,156.0613707
0.1908575513904014,1.102,180.442,8.23753999881909,113.83,0.1826287596419249,69.751,0.5940239220506327,0.22339304329579424,-0.41847952451620296,0.19586350364311386,-1.0243400969180998,282,c1,156.6281987
0.18985044818409416,1.046,181.265,8.290292545869997,114.71,0.18011952993489863,71.271,0.5773525956232541,0.2309183703783355,-0.4333698034651108,0.19791038681422793,-1.0268788201591714,283,c1,157.1903603
0.1889304843224363,1.292,179.657,8.27903929476524,113.76,0.17857689653054445,69.485,0.6586097682065408,0.12965021481560335,-0.4394346114341783,0.1930907036704818,-1.0285409893379778,284,c1,157.7477835
0.18885552788981305,1.15,181.31400000000002,8.335180995434,114.65,0.17741108187580415,71.123,0.7081371501446081,0.16865779919561907,-0.44153359307992757,0.1893506711573228,-1.0310673009695157,285,c1,158.3004046
0.19783606361821826,1.127,177.26100000000002,8.252938791646217,112.68,0.17991625753051396,64.726,0.653258115369225,0.2525774885443757,-0.44788738248279847,0.1779921830930028,-1.0324722288466608,286,c1,158.8481684
0.20172156198012584,1.187,178.423,8.317076007159601,113.14,0.18267847179175914,65.954,0.7272701519353268,0.337611921470621,-0.4584534642212441,0.17448977243179936,-1.0302204108816575,287,c1,159.3910281
0.2058502549109339,1.147,178.127,8.405395256270447,112.61,0.1842943067763772,63.387,0.5579029967045708,0.27955208416060806,-0.46822451408365273,0.17573206566699875,-1.0314803565226534,288,c1,159.9289454
0.21832234560058508,1.264,175.881,7.111890300863949,110.28,0.1878787861218612,63.823,0.7239485476282197,0.3076402317920204,-0.44735976143655654,0.16833617969333392,-1.0289554156282925,289,c1,160.4618907
0.21466898574494409,1.07,177.09199999999998,7.079761957948601,110.42,0.18723367514443331,62.392,0.5832702030967001,0.3925583668960688,-0.38171725139795454,0.1903920209467336,-1.0057419341237925,290,c1,160.9898432
0.21458791344335235,1.131,180.06900000000002,7.071001967837872,113.7,0.18645528858878752,66.686,0.593638795852236,0.3972500426236585,-0.3861608503034861,0.18464227720083834,-1.008459836580803,291,c1,161.5127908
0.2136679177431781,1.189,179.16500000000002,7.173709861446987,113.53,0.18860659549509015,66.533,0.557583042351165,0.3005304333161467,-0.43209220103123736,0.159478652254856,-1.0363833168552787,292,c1,162.0307303
0.2106044990519368,1.263,182.055,7.284778779633608,115.11,0.1868505418812833,67.707,0.516382336294122,0.3070264115430765,-0.4164487577819749,0.16227920834660772,-1.0348193737822111,293,c1,162.5436673
0.20619435880005083,1.162,180.93599999999998,7.336329941035754,112.8,0.1850234438713494,65.786,0.46937674425214393,0.29860124093237017,-0.4280586348429356,0.16025362298495568,-1.032459805401018,294,c1,163.0516165
0.20604715547453625,1.073,184.929,7.420995947521999,115.81,0.18688166279295793,70.664,0.5785124335498186,0.29560623930287955,-0.423366424765391,0.16485774375110734,-1.0299733232701374,295,c1,163.5546014
0.20769418754355629,1.075,183.945,7.527178473910178,115.69,0.18978453019529026,67.097,0.5427109372224659,0.25126053343622123,-0.4573351539384811,0.16247787204597863,-1.0323790822703665,296,c1,164.0526545
0.20365513192203274,1.331,185.18200000000002,7.6290568466879956,115.59,0.18946328959961065,71.29,0.5268570301719788,0.16744963449570394,-0.45856565353970913,0.15916131441177805,-1.0327590451684452,297,c1,164.5458173
0.2013187937973095,1.266,184.881,7.685101247132051,116.19,0.18952587318029304,69.175,0.6130673615767983,0.2120263733155907,-0.45900105315849826,0.15744974662253405,-1.028568890539906,298,c1,165.0341403
0.20195827620575,1.158,187.78199999999998,7.757359912881766,116.6,0.19049267431100428,71.996,0.6501386610823361,0.25879595954186163,-0.44959288788673213,0.1621503786515001,-1.0290584123497903,299,c1,165.5176828
0.2031747464805438,1.267,188.035,7.808463163006872,117.16,0.19117632783269853,73.356,0.5583730059896057,0.27232991031286957,-0.4381059514726622,0.17123701921335382,-1.024979100308111,300,c1,165.9965134
0.1995106409672436,1.173,189.478,7.964807163163051,118.02,0.1887689514651879,66.435,0.378718803228844,0.13392609998874372,-0.49352679549920087,0.15399925279004298,-1.03513342254744,301,c1,166.4707092
0.2023011950928625,1.191,191.50900000000001,7.9544716938230735,119.39,0.19275889453113124,73.9,0.5403182456299058,0.2376898026082217,-0.4489668797065387,0.16659544262270273,-1.0276484543512967,302,c1,166.9403565
0.2056092665761838,1.448,196.435,8.060302080398449,123.82,0.19418541538580672,77.226,0.5050684856986716,0.2224840799699419,-0.43408784660017385,0.17328718721764633,-1.0261674464637713,303,c1,167.4055503
0.2004028352207569,1.375,199.837,8.01716334593523,124.56,0.1902989517719024,78.061,0.5497359188879565,0.33260011033201753,-0.3773251375409128,0.2035591875182233,-0.9725297115947962,304,c1,167.8663945
0.19842006685108612,1.384,198.478,7.645602167534832,123.78,0.18500465351279188,106.63,0.7235529675577652,0.5670346383546838,4.152528811124523,-0.09821840864900978,-0.7968630084923252,305,c1,168.3230015
0.2045132595700117,1.293,201.51100000000002,8.343255168075594,125.4,0.1950502414609465,75.738,0.4643343433526663,0.1795262408941749,-0.44527649112247003,0.17853316446773054,-1.0238641277417897,306,c1,168.7754925
0.2033742960692391,1.313,202.155,8.372315294201837,125.91,0.19464823957906557,78.95,0.4649473856219215,0.1661248097356265,-0.4183274620346382,0.19148131893319634,-1.007792187616088,307,c1,169.2239972
0.20142031942646046,1.051,201.882,8.227989445773334,124.92,0.19195368040373523,74.268,0.4384961255724744,0.22400526209350557,-0.374695562296143,0.2157897006840504,-0.9579499703631673,308,c1,169.6686538
0.19592650114079313,1.139,202.113,7.7645126997767315,125.64,0.18447499299949688,104.89,0.5534200635726849,0.4310419935142513,3.9928844037294624,-0.14411579170963487,-0.7959991595350586,309,c1,170.109609
0.20669749220993072,1.088,204.05200000000002,8.42165004133996,127.45,0.19953851482870802,79.389,0.2943351713226159,0.04908567094952865,-0.4307621686461771,0.1758551080556977,-1.0255747281748804,310,c1,170.5470173
0.21272794703260778,1.162,203.968,8.527314230914664,125.82,0.20292370775076676,76.142,0.27443670814181464,0.060192582890917556,-0.4423269813560373,0.16828914330817246,-1.0296757821253304,311,c1,170.9810419
0.21339493237693585,1.098,204.011,8.603225129784178,127.27,0.2024949310042512,72.808,0.2239532522683665,0.005820886923001201,-0.4771524637936193,0.15696437406972236,-1.0405253920629884,312,c1,171.4118535
0.20084724272784546,1.011,197.655,8.172301353928125,121.78,0.19025508039558298,73.797,0.18722875656180715,0.023499888925448964,-0.47192530635929364,0.16951136433745156,-1.0371478338903464,313,c1,171.839631
0.2085270435427185,1.229,188.548,7.597779143569465,117.77,0.19635683407588142,76.285,0.3781518608931602,0.05932324847772641,-0.4374497516782374,0.18410121583665864,-1.0521897328703964,314,c1,172.2645609
0.2034002464452568,1.202,189.876,7.684081677835337,118.64,0.18708504966053743,103.07,0.5739271685277143,0.4679676011790015,4.053773524426138,0.4196130932956767,-0.8233752135194914,315,c1,172.6868372
0.07527387160172294,0.304,10.940000000000001,1.2881005030284367,6.974,0.07394137688928294,11.453,0.040738111546880784,0.035295614421793964,0.4860114431863827,0.47821806821226925,-0.7270107849640421,1,c4,31.41635516
0.07527387160172294,0.304,10.940000000000001,1.2881005030284367,6.974,0.07394137688928294,11.453,0.040738111546880784,0.035295614421793964,0.4860114431863827,0.47821806821226925,-0.7270107849640421,2,c4,34.8927704
0.08320377726811999,0.38,15.299,1.914360212226067,9.765,0.07996337550007727,19.054,0.12187886427993888,0.03357537983819592,0.45768747111426666,0.5301671660796254,-0.6375187264269497,3,c4,38.10284657
0.084156636324541,0.371,17.480999999999998,2.3067547171500986,11.524,0.08136850877613536,23.878,0.21408302116672084,0.1220592068983124,0.611898717623022,0.623796072821209,-0.5731635669127324,4,c4,41.06102301
0.08290519917144511,0.379,16.52,2.0527576553645597,11.112,0.08003750802476345,20.085,0.1950941385901288,0.0689229728567966,0.1505134452199397,0.39893039237924277,-0.7216176935826666,5,c4,43.78119133
0.08322035952215848,0.366,16.439,2.3405561883339754,11.28,0.0802894084264846,22.321,0.18247418209056354,0.037244208564604975,0.23512490437150557,0.5170120619653791,-0.6704670215264845,6,c4,46.27671037
0.08466301041441483,0.361,17.18,2.494697994931358,12.29,0.08180281095449161,22.92,0.18244740629990552,0.06783576090843457,0.3189139069030644,0.5439181986000002,-0.6323090183256084,7,c4,48.56042098
0.08502776847546357,0.386,17.606,2.6388934975669645,12.195,0.0820304339359257,23.758,0.14525767608389017,0.026269040364494955,0.3816719948171574,0.5574197230836244,-0.6263793546254375,8,c4,50.64466037
0.08645107256236502,0.399,16.248,2.5476019340357263,11.627,0.08360743949553891,25.026,0.0780187504138885,-0.01707876842825895,0.6943495169009148,0.6060065994008892,-0.1759765963192228,9,c4,52.54127629
0.0856699564841767,0.387,16.326,2.724180609294089,11.687,0.08270886942495605,26.313,0.12565785339247393,0.03680365553648901,0.6956443109233863,0.6705531313287826,-0.20383344845434026,10,c4,54.26164088
0.08322946197027668,0.36,16.942999999999998,2.8303618931396346,12.517,0.08030604142707379,25.019,0.11221191896074689,-0.010746713335620939,0.8033321806538951,0.6793179384217731,-0.19446231457180163,11,c4,55.81666418
0.08379995090268288,0.382,16.705,2.9722293640539763,12.548,0.08084026130102123,26.644,0.17140731372739992,0.02580902726075429,0.8185634411112099,0.6845741784446538,-0.19045350522397264,12,c4,57.21680745
0.08792981059263034,0.413,15.299,2.670160098610168,12.041,0.08489448773345212,26.165,0.11660663527126669,0.09837008597661034,0.7717818815708584,0.6106624135117916,-0.11732186576993353,13,c4,58.47209617
0.08824583662019181,0.37,14.663,2.8435839274257586,11.536,0.0845796348735904,26.133,0.12240287636818081,0.07683241864291235,0.7310534698755009,0.6777686476075739,-0.1837216528237806,14,c4,59.59213275
0.08701188526786043,0.408,15.501,2.9520118899773586,12.225,0.08364548920809463,26.071,0.11815217724588711,0.07595687974163168,0.803274574530215,0.6924429662251114,-0.1446689929727576,15,c4,60.58610902
0.08539631860190508,0.419,15.812,3.053628981241785,12.472,0.08178489232256703,25.268,0.10847197048278145,0.04748806553754026,0.8175484166771612,0.6888519033216612,-0.15189676542292663,16,c4,61.46281844
0.08625475487284782,0.445,15.868,3.159386868994421,12.506,0.08244361946746864,26.901,0.13057769431035204,0.07492826865055857,0.8405217699429439,0.7013468997409664,-0.08739897215416104,17,c4,62.23066801
0.08727398832107408,0.43,16.131,3.2673964868761582,12.935,0.08370958329517302,27.698,0.18118957699727467,0.14125277241384415,0.8756098722041594,0.6946520793316387,-0.06289568220692265,18,c4,62.89769001
0.09150582172092557,0.405,16.329,3.465781725432838,13.372,0.08770659808538624,29.711,0.09806137932285885,0.052079685786848184,0.9039959481779305,0.7102631135040607,-0.037482515042055464,19,c4,63.47155339
0.09345633817502287,0.426,17.331,3.591661373432865,14.004,0.08964517095318161,30.134,0.06214449711656744,0.041128237566079306,0.9685176956058266,0.7219786883294076,-0.03914243800521566,20,c4,63.959575
0.09095495787322688,0.442,22.541,2.9378809636657928,17.376,0.08766948864787066,32.084,0.11819515891246768,0.024056887053454545,0.9086343726386157,0.5962036634597135,-0.3292459029300616,21,c4,64.36873051
0.09135679909976603,0.396,21.511,3.005890979429913,16.648,0.08789303917505098,33.263,0.11312858514491353,0.008155427944110283,0.9737982112313279,0.6352102881478195,-0.35993865840012385,22,c4,64.70566514
0.09146611502912545,0.401,21.901,3.0879812855652604,16.807,0.08825249321985451,32.69,0.13079262078767195,0.05544990572746,0.9803479298426314,0.6404324307156855,-0.4086946661013826,23,c4,64.9767041
0.0935878516417769,0.397,22.168999999999997,3.2210366530615904,17.101,0.09013215743083884,32.714,0.15497106821891826,0.07209271735992884,0.9594798472986774,0.639472538771625,-0.42680571102013376,24,c4,65.1878629
0.09339184442197945,0.397,22.028,3.299098774404249,16.473,0.09008221161575694,32.581,0.14649056987785958,0.07234810710292416,0.9746943621192821,0.6347386805997767,-0.4625044493359449,25,c4,65.34485725
0.09300581666592724,0.397,22.074,3.3790631807205163,16.963,0.08960462602017574,33.4,0.09077550206461149,0.051507696457487206,0.9690163890338255,0.636517774890468,-0.4724954243207522,26,c4,65.45311297
0.09253760492040583,0.397,21.714,3.4170405361757115,16.8,0.08902425157461431,32.792,0.08994710461362532,0.03241025982757728,0.999211877541546,0.6289366757632471,-0.5111430539061796,27,c4,65.51777545
0.09202564250314306,0.418,22.002000000000002,3.552431188265111,16.788,0.08885628296611534,34.096,0.07993333623199561,0.015267287585594147,1.076642627166045,0.6488257005522859,-0.5300882796369977,28,c4,65.54371906
0.09345540092800404,0.402,21.5,3.597910933462532,16.98,0.09015971471601479,32.584,0.07765390409302864,-0.005813480327829357,1.1034371517299437,0.6520422199702514,-0.5588285952923746,29,c4,65.54371906
0.09397849577785183,0.481,22.402,3.688779588801126,17.718,0.09066678673167808,33.724,0.10839882006374468,0.02622267177880344,1.1466137775713676,0.6654041155074255,-0.5703588560815422,30,c4,65.54371906
0.09550415956931477,0.434,23.832,3.768847563163939,18.409,0.0922101018027946,35.165,0.10160873275109994,0.04147776056464014,1.1490476987752212,0.6643239328372036,-0.573171215735798,31,c4,65.54371906
0.09455219883813551,0.403,22.4,3.8751657692393913,17.689,0.09113647534328292,34.12,0.09731710390796078,0.03902449861106794,1.1790401020213714,0.6724996116624578,-0.6179089749987003,32,c4,65.54371906
0.09088218122350573,0.472,19.173000000000002,3.252399474016694,14.513,0.08759872725844162,34.876,0.2072211639809498,0.17834172206982046,1.1540831452021196,0.7027655362658688,-0.14440507472368447,33,c4,65.54371906
0.09336547411585377,0.396,20.335,3.3827872447264014,15.698,0.08995092390630556,34.505,0.17000536170669456,0.12191912754480905,1.199305731070992,0.7348891167305367,-0.20001826866455286,34,c4,65.54371906
0.09333615704636967,0.38,19.752000000000002,3.452194188198083,15.265,0.08985420093524428,35.744,0.11459285919499429,0.11364344463274412,1.3101912556150168,0.7558668918439345,-0.2040193839285962,35,c4,65.54371906
0.09323817994813709,0.394,19.519,3.6276310721999026,15.318,0.08980883431365291,32.627,0.1490624950479238,0.12022490183926449,1.1641731703154647,0.7132135829313486,-0.21903445913261166,36,c4,65.9459689
0.09040797697088451,0.436,20.026,3.6031472913077804,15.376,0.08702141369331037,34.569,0.17185152133021875,0.11161816038439198,1.2762478388912806,0.7295372545213138,-0.22119368181604893,37,c4,66.35836702
0.09017739692758354,0.407,20.1,3.709995224035735,15.235,0.08687188720896658,37.649,0.18128891974233996,0.11732431595337545,1.3624408594377249,0.7494716739702196,-0.24591497243683014,38,c4,66.76413333
0.09175563213372855,0.465,19.405,3.7932235064673043,15.258,0.08836531360498279,35.469,0.2230877110133238,0.16815011898664523,1.4136407506734843,0.7561142079483512,-0.2560297683894337,39,c4,67.16474862
0.09322279699673398,0.426,19.535,3.852719326210966,15.444,0.08982396502622887,35.646,0.20493091280953601,0.18625097186885942,1.416600830888898,0.7612844178942639,-0.24143817529933864,40,c4,67.56156165
0.09504828502308348,0.449,19.613,3.8731395816987595,15.072,0.09190651701859688,35.186,0.1931449218099197,0.15330742771301065,1.3742710710229158,0.7489814213675192,-0.25109045862215673,41,c4,67.95579535
0.09504373673822883,0.443,20.006999999999998,3.9735872016702434,15.927,0.09178693772367606,35.465,0.13566590635832299,0.1128867384799852,1.3645971042935576,0.7445501556366413,-0.2836140412607988,42,c4,68.34855283
0.09400772896745752,0.433,19.651,3.997199273300746,15.476,0.09068693312230378,35.795,0.14956919592007045,0.12081825370295007,1.4364339637665902,0.7536580961184015,-0.2743046632831776,43,c4,68.74082317
0.09329203684380417,0.413,19.774,4.117113219305521,15.398,0.08981994721395245,36.699,0.13207472004073484,0.11613568528731166,1.5182955107683451,0.7696782320525007,-0.29732270119213133,44,c4,69.1334871
0.0914205396671115,0.423,19.624000000000002,4.123890703669662,15.442,0.0881241380740317,36.77,0.1643636965206272,0.08269566053251731,1.4519669364989438,0.7663889515639948,-0.31770459029505016,45,c4,69.52732244
0.09171324312842165,0.42,20.325,4.183108364209836,16.675,0.08843542247109153,36.514,0.2270400155442336,0.18184488624611772,1.4896075519581728,0.7644537920879478,-0.31624834253972534,46,c4,69.92300941
0.09314519782045083,0.417,19.759,4.241725786276312,15.739,0.08997103459005393,37.241,0.21032231943342072,0.17662794886250666,1.5326694604333122,0.7683429994252469,-0.37633889727828285,47,c4,70.32113581
0.0950150434674216,0.405,19.783,4.348255688314018,15.925,0.09191683652266916,36.221,0.17527146041314667,0.17413421951343588,1.5263735310178728,0.7714408841447165,-0.3773530362291728,48,c4,70.72220197
0.0958524101998952,0.494,19.241,4.378211754591778,15.529,0.09257831989137814,37.496,0.14938294145815245,0.1168072118253729,1.5845655891401735,0.7731540368785385,-0.42183332645306804,49,c4,71.12662555
0.09495932431546121,0.41,20.144,4.489817381142146,16.336,0.09170990846839963,37.4,0.1222640352369595,0.10123304670916777,1.6473728033539565,0.7940648238051639,-0.4403295871451327,50,c4,71.53474627
0.09289366761820698,0.396,20.522,4.468314519200182,15.642,0.0894885989139519,37.256,0.13738651608036134,0.09677288097213,1.6024122137393295,0.7742693612314357,-0.4435059454398056,51,c4,71.94683041
0.09175822527390096,0.441,20.309,4.574596259414152,16.114,0.0883622131254914,36.591,0.12348855949844495,0.08754840316010615,1.6085801347425024,0.7748783969560319,-0.4656874312547221,52,c4,72.36307514
0.09194772647261197,0.473,20.182,4.66588789706113,15.655,0.08871031506435487,38.966,0.22209556291182864,0.14964998526545426,1.682493438056781,0.7915302157666795,-0.47051981022132816,53,c4,72.78361282
0.09337052259736106,0.465,19.874,4.676610323551273,15.792,0.0900067783534844,37.982,0.27871910915934395,0.2237009444963105,1.661512503802963,0.7807468621462482,-0.5060192271101025,54,c4,73.208515
0.09473534228737289,0.425,19.868,4.7085352529782565,15.984,0.09142272538026601,37.336,0.18821973260320624,0.163975324068371,1.6501365985820424,0.7721989929327031,-0.5092891229634873,55,c4,73.63779647
0.09547313595867837,0.421,19.953,4.80905920280835,15.763,0.09228140403715657,38.617,0.1743799279759055,0.13719572065920627,1.6774941332902147,0.7855859916092027,-0.5129778044310465,56,c4,74.07141897
0.09523192057409374,0.424,19.241,4.869172432321098,15.538,0.09192179192037996,37.774,0.11339866613954941,0.09041991325978715,1.768152240200874,0.8018468055133627,-0.5358393828465893,57,c4,74.50929495
0.09293651973922816,0.455,20.163999999999998,4.924503429840508,15.979,0.08953744416572965,38.609,0.10648994942815326,0.07337841895415043,1.7734154608364436,0.8068320908283,-0.5331272229549406,58,c4,74.95129106
0.09215810761611577,0.412,20.15,5.023907334023163,15.918,0.08865787298752024,40.317,0.13841388264046772,0.07040259934957538,1.7986367388183844,0.8015856923793795,-0.5302677985737119,59,c4,75.39723162
0.09218729612151685,0.447,19.412,5.110138950990363,15.616,0.08871254832194313,39.58,0.22769533803482922,0.164417535378512,1.821360712123532,0.8141530137844233,-0.5635456843992159,60,c4,75.84690187
0.09421046049111872,0.482,19.735,5.17400279402151,15.63,0.0908327055450554,38.584,0.2386908426372596,0.21225993576798619,1.8042213814943349,0.8125175416536331,-0.5781552574058599,61,c4,76.3000512
0.09642610779763502,0.438,19.785,5.239484601538503,16.121,0.09294659765462601,38.737,0.18328446303594026,0.15084337216008414,1.803395227267072,0.8132485634670663,-0.5904558605856818,62,c4,76.75639617
0.09680400003876138,0.424,19.566000000000003,5.350858951167311,16.114,0.0934106026905318,39.507,0.08122192659955552,0.07170183188655921,1.796593059551908,0.8123252928725854,-0.5962835230939394,63,c4,77.21562347
0.0960237146319737,0.418,20.688000000000002,5.4098321199277795,16.521,0.09246044641055917,41.11,0.07667438269002824,0.045876728451122784,1.8485671433503832,0.819687390535779,-0.60374609361283,64,c4,77.67739272
0.08635899703561754,0.387,21.192,3.895738303525577,16.593,0.08276216870808561,37.277,0.0962528424305158,0.07863093715525071,1.5737274966701627,0.6944794569241443,-0.46454751696588215,65,c4,78.14133923
0.08593704263176817,0.407,20.897,3.9449094851725586,15.862,0.0817064813341459,37.385,0.14153042964728124,0.06073045068902161,1.7741773505359602,0.7583409468773409,-0.5258334355922667,66,c4,78.60707661
0.08401481816681686,0.409,21.571,4.020470971982508,16.577,0.0799475319605031,38.464,0.15639305966177375,0.07688548555459107,1.8429810955974668,0.7851622159149451,-0.5566831728693171,67,c4,79.07419922
0.08403336357858959,0.466,20.344,4.111494102644414,16.18,0.08004289133002764,37.843,0.20684767753042443,0.12985020697465322,1.7778719196100248,0.7568753295436648,-0.5797277537875378,68,c4,79.54228463
0.08516940710902719,0.482,21.037,4.190536240308344,15.919,0.08106796126608365,37.945,0.26527908417568025,0.16024295787955856,1.839433987656216,0.7643705493426974,-0.6122405884181994,69,c4,80.01089589
0.08760583051125638,0.463,21.532,4.268122251236329,16.553,0.08341719536791635,38.37,0.189644386414336,0.11809647613370444,1.8475629652050163,0.7644253928020881,-0.6245956840923386,70,c4,80.47958375
0.08879907609871955,0.422,21.179000000000002,4.3055436619088105,16.609,0.08449105580378162,38.111,0.13578144847271334,0.07714197517107646,1.8483312670581125,0.7681965970681179,-0.6487690430487252,71,c4,80.94788874
0.08763775275180465,0.419,22.057,4.378232332542843,17.084,0.08339677885855606,39.321,0.11523538280167678,0.053339070499560215,1.8624536855159528,0.7699259087994258,-0.6691817132842863,72,c4,81.41534322
0.08591953849760815,0.436,20.828000000000003,4.456038704853666,16.646,0.08150511364967346,38.236,0.12533462976674237,0.0491551842877902,1.8622325745917907,0.7720803224127628,-0.687784819769174,73,c4,81.88147329
0.08538314956723268,0.441,23.156,4.538597693378762,17.887,0.0807582831120159,39.545,0.2313598535119521,0.0853512477244518,1.9448158654242373,0.7819747896971079,-0.6896993568029384,74,c4,82.34580059
0.08602618914426818,0.462,21.924,4.599610085462436,16.983,0.08127530414699959,38.918,0.2590597387639084,0.16273370989469305,1.881095548751838,0.7781398895086519,-0.7123033640823686,75,c4,82.8078441
0.08796202047430418,0.458,22.326999999999998,4.679253067251332,17.144,0.08337414702828277,39.176,0.24704627915151622,0.166167968245853,1.9053884955848845,0.7789253193802766,-0.7263280718330032,76,c4,83.26712176
0.08919915231381102,0.429,22.033,4.723497672501468,17.419,0.08460794422542915,40.338,0.15585603382017865,0.10780566159704463,1.9265106975276884,0.77816415270535,-0.7428531111918635,77,c4,83.72315207
0.08859524881714198,0.441,22.397,4.821262392352199,17.549,0.08399716491490584,39.645,0.0918638207310094,0.05618689151519041,1.9174455646296247,0.7814155442002296,-0.7619452552966517,78,c4,84.17545561
0.08736729202084714,0.465,22.582,4.813500105212731,17.467,0.08249524765243321,39.652,0.13451125801575659,0.0626171303184413,1.9303508271796241,0.7752778323585233,-0.7767222008927086,79,c4,84.6235564
0.08616417252789621,0.442,23.226999999999997,4.901350328873774,17.772,0.08112596764013022,41.766,0.17438086712378897,0.07117878856009607,1.9696194313917799,0.7836544312541507,-0.7919730934064111,80,c4,85.06698331
0.08455583710035458,0.393,22.695,4.9624433810646975,17.818,0.07991449067975377,39.155,0.2580858872356768,0.13193257342677844,1.955174428380965,0.7777951486375245,-0.8494260343042517,81,c4,85.50527131
0.08763734667393153,0.428,23.752,5.0609655484269584,18.223,0.08267839477946842,42.372,0.22624901293152666,0.1444576687668464,1.980183094202503,0.7865743243847103,-0.8176069935185617,82,c4,85.93796266
0.08939453997787265,0.494,23.374,5.1114572225749635,18.337,0.08432790057485516,40.912,0.16142136019129083,0.093558259950564,1.9603323417963763,0.7816135695194757,-0.8350669669664317,83,c4,86.36460805
0.08901322917553126,0.487,24.545,5.2233325344517665,19.128,0.08393392667123252,40.278,0.10031298383914677,0.0540755715715715,1.982010424660345,0.7874756165834931,-0.8546991165435744,84,c4,86.78476767
0.08724857962847081,0.439,24.558,5.259628538189629,18.947,0.08235798495812623,42.792,0.1247050947883781,0.037745133004369436,2.0564089682121143,0.8008325766755815,-0.8459627829404508,85,c4,87.19801218
0.08572211653798861,0.452,24.236,5.298496465299947,19.14,0.08087988707792924,42.092,0.1884287361293766,0.0717838901400758,2.052001151755217,0.8005071775991482,-0.8633591199753727,86,c4,87.60392369
0.08560810736093179,0.44,24.677,5.44024426814472,19.7,0.08081199688106466,42.085,0.2763552124343911,0.12383217407152936,2.0511656675835317,0.798750744322751,-0.8531873739975313,87,c4,88.00209657
0.08717140951354577,0.434,24.619,5.522101098241828,19.631,0.08223286453981841,41.886,0.23564788178277185,0.13524318951809322,2.081824901295448,0.8083909898941405,-0.8762707046618874,88,c4,88.39213832
0.08886253301709957,0.435,24.805,5.591120882074901,19.469,0.08420487226636247,41.489,0.18512678124269755,0.11031024313206617,2.1274138576699757,0.8213813219743461,-0.879762563098827,89,c4,88.77367027
0.08965855004716348,0.394,25.17,5.664278210310247,19.872,0.08473342437772814,42.392,0.10738825185399481,0.044742657748325865,2.08258605273741,0.7928217623906348,-0.877261188390488,90,c4,89.14632832
0.08824072877962058,0.413,26.697000000000003,5.611398142318084,20.789,0.0832415977677554,41.653,0.11931762151911718,0.06266643780049241,2.1320775234395706,0.8135288981404182,-0.9041275305990157,91,c4,89.50976354
0.08653441343960892,0.437,25.927999999999997,5.683605094658523,20.45,0.08130164504560196,41.065,0.1491140633416781,0.06134620025694204,2.1311673861978475,0.8209013833820654,-0.899643215714891,92,c4,89.86364278
0.08592269446242604,0.431,26.855,5.676989494099088,20.863,0.08057113811191889,43.229,0.26482871193526947,0.11820966386328546,2.137214584203263,0.8158711703966981,-0.9010576050196066,93,c4,90.20764919
0.08698760577196145,0.441,26.826,5.670101694082108,21.152,0.08223253120224584,40.399,0.30715845958715704,0.16176786039632596,2.093492711917616,0.816314218135621,-0.9037537793519639,94,c4,90.54148272
0.0888852904178472,0.447,26.422,5.6727512323320965,20.578,0.08463787326033209,40.072,0.1833101091793523,0.10865237605240896,2.068310371556162,0.8178633707040334,-0.897087684808969,95,c4,90.86486054
0.08912453010662522,0.375,26.623,5.733771786870344,20.51,0.08468924580407082,42.003,0.11055284490595385,0.05148244031938498,2.089850001273166,0.8104142127793836,-0.9024055393529471,96,c4,91.17751744
0.0829001698817306,0.402,32.178,3.805304660043104,22.718,0.07774374420151724,40.649,0.2594160558556249,0.12692456346254177,1.7587395150529055,0.663372867870778,-0.7879338841176091,97,c4,91.47920614
0.08256506671734962,0.423,31.302,3.821740990456931,22.429,0.07757238039640164,42.867,0.36656859817194,0.14416617868124115,1.8908118654097148,0.7240152227631934,-0.7868144456153701,98,c4,91.76969765
0.08235109341313189,0.482,32.119,3.850018735310676,22.961,0.07729879195999892,42.23,0.49466517999765136,0.23862678481785693,1.9564547009002018,0.7261975819776527,-0.7884171911010176,99,c4,92.04878148
0.08405779273310283,0.435,32.912,3.95790434113452,23.633,0.07909708838367803,41.414,0.4754970687720399,0.249233589820951,1.9995274451165859,0.7452013710861163,-0.7731574548786408,100,c4,92.31626586
0.08563445273864326,0.45,32.312,4.042152183626599,23.338,0.08054578016999644,42.998,0.42309001268909663,0.2158613211475422,2.0587584459748243,0.7412377362300199,-0.771424994559418,101,c4,92.57197792
0.08558559162242077,0.433,33.702,4.110212622979426,24.544,0.08050601090296579,41.645,0.2983531157328785,0.13332875775740183,1.9816355180610667,0.7310280915840863,-0.7596189639409361,102,c4,92.81576385
0.08471178481150726,0.44,34.259,4.221127491465821,24.195,0.07969768161156991,41.156,0.30060271043875186,0.10987151360985736,2.0922224005693133,0.7578751386135183,-0.7561837473638175,103,c4,93.04748896
0.0838463347468633,0.466,34.022999999999996,4.343829444747502,24.43,0.07888481046117576,43.297,0.3455212471294402,0.12100939011643908,2.152215509940415,0.7739572201185693,-0.756646976695786,104,c4,93.26703779
0.08343188926044913,0.449,34.717,4.359423642326699,25.32,0.07845177098479325,42.856,0.4170913709955335,0.19610018910749538,2.0594623113363966,0.7500592703222814,-0.7444912564764437,105,c4,93.47431411
0.08426193838892933,0.489,35.269,4.430429487322885,25.721,0.07895943043817807,42.888,0.5231916046770224,0.21878510461234368,2.0920832428966616,0.7508004493151089,-0.7320198467373515,106,c4,93.66924092
0.08620437216448097,0.523,35.728,4.528138833088009,26.218,0.08079780205432995,45.799,0.49174563893560475,0.23758493201216613,2.2256446337647944,0.7911903973372925,-0.7382586745701478,107,c4,93.85176045
0.08706958436262267,0.423,37.021,4.660007927707179,27.096,0.08190489956489208,43.348,0.3216046849512093,0.16049035784468657,2.241745933375576,0.8006015796062937,-0.7359449546666066,108,c4,94.02183405
0.0856860519971503,0.415,36.842,4.62035675777248,26.576,0.08037447995692291,43.926,0.2939429763604515,0.13135505480176235,2.1652956240856804,0.7782966004746515,-0.742168822739373,109,c4,94.17944214
0.0849553071741332,0.462,37.861999999999995,4.700110092849929,27.906,0.07947932127172565,43.576,0.3588388864655312,0.1384369198969626,2.1167011257684534,0.7678656932963805,-0.7279839662211351,110,c4,94.32458407
0.08465082828669755,0.478,37.269999999999996,4.843891831795018,27.619,0.07888630933901322,45.068,0.5184995812460818,0.17241612836811493,2.2648642405838793,0.7952452689392778,-0.7277299554042327,111,c4,94.45727798
0.08461196873987674,0.499,37.255,4.898708814040983,27.655,0.07894512358033211,45.141,0.5166598640991844,0.20640261261705373,2.21269708583913,0.7842113706442321,-0.7378323267467204,112,c4,94.57756064
0.08674871299258037,0.534,39.076,4.889684514260348,28.562,0.08137078796459797,45.784,0.5562659305514388,0.251905535070017,2.303035724640184,0.8139459341268567,-0.7326117832060444,113,c4,94.68548722
0.0893492706832345,0.473,39.46,5.048013815783594,29.372,0.08313469100793158,44.56,0.4586914540062854,0.1747186478610656,2.2664549776225744,0.8009589829809654,-0.7232770021912098,114,c4,94.78113112
0.08838290831010735,0.426,39.255,5.089587756141589,29.135,0.08217102105190559,46.593,0.2952448624898478,0.10611276422530169,2.2216086589703954,0.7879989299226027,-0.7264871278265015,115,c4,94.86458369
0.08736161091880588,0.471,42.216,5.228974495312822,30.128,0.08165811818125847,48.274,0.2847048855740315,0.11579863027953996,2.1550009296689465,0.7885984801715146,-0.7146202029268793,116,c4,94.935954
0.08597345089363563,0.457,40.867,5.287166177685489,30.264,0.08035603443404965,46.931,0.4843944233460138,0.14338343376867257,2.2762869430800308,0.813427680948871,-0.7132131818565073,117,c4,94.99536852
0.08622377883994052,0.523,41.892,5.389787757311654,31.207,0.08043433377363031,46.547,0.58044999519695,0.21407280089695613,2.276675685266845,0.8120895040792832,-0.7060321404603074,118,c4,95.04297086
0.0885446391905829,0.536,41.891999999999996,5.473826324161535,31.06,0.08292782551959148,47.337,0.57132829758031,0.20450812122192374,2.332934962174975,0.8201148887456354,-0.7115295873666443,119,c4,95.07892145
0.0897089336303618,0.48,42.785,5.557807205844851,31.973,0.08420318316309217,48.585,0.4379035621652294,0.15477774003677247,2.2841946086736353,0.8185417052474511,-0.7120603413703197,120,c4,95.10339716
0.08955798608723303,0.464,42.312,5.615191651091456,31.652,0.08429401557119645,46.316,0.346204288961224,0.11313268481856031,2.299729559590012,0.8194154937453288,-0.7156560914097381,121,c4,95.11659101
0.08829488734336823,0.463,43.800999999999995,5.669127478043784,32.678,0.0828406235734205,47.178,0.3412474228810316,0.10884778106994197,2.259443782035424,0.8184750906484177,-0.7079858799604968,122,c4,95.11871175
0.08756107434576499,0.5,43.76,5.741772344337911,32.446,0.08205831852892531,47.637,0.4624851777307768,0.10366627603399792,2.297175611785783,0.8265380751486107,-0.7197311109400282,123,c4,95.11871175
0.08771871997905498,0.607,46.341,5.827446238192687,34.947,0.08197138806912253,49.457,0.5604891565323071,0.15726783365201902,2.3113567205665655,0.8285505903168161,-0.71857876019588,124,c4,95.11871175
0.08966987864361331,0.504,44.480999999999995,5.868035971062084,33.096,0.08409581643855188,48.442,0.5403579087303632,0.16988451575333618,2.2881579416556983,0.8214923742659949,-0.719952687050557,125,c4,95.11871175
0.09135559875623742,0.489,44.586999999999996,6.056717410861616,33.65,0.08577759337761337,49.468,0.4132633415690279,0.09314764685677845,2.2002316782695157,0.7927320185831914,-0.7196599281114007,126,c4,95.11871175
0.09079637550960243,0.577,46.413999999999994,5.975205641593908,33.733,0.08506537242529895,50.94,0.33929161456811974,0.06703826093721821,2.1899717433002355,0.8090570839355458,-0.7250373663743868,127,c4,95.11871175
0.09035743538789004,0.481,45.446,6.071881935278931,33.991,0.08407525674632342,49.51,0.3439516662085067,0.0683246725271065,2.2081843638406893,0.8211573047138444,-0.7357913008301029,128,c4,95.11871175
0.09615702134295029,0.436,46.699,4.385756492910928,31.615,0.09190339060759405,42.571,0.1720968754452099,0.029516700883017943,1.7634471440636252,0.6931900309045955,-0.6800583982884683,129,c4,95.11871175
0.09704601487351991,0.412,46.726,4.506661157745457,32.572,0.09213188379066409,43.176,0.0779677452397145,-0.0005346763619966666,1.716701754427576,0.6664513741384142,-0.6717598490724073,130,c4,95.11871175
0.0987413645061195,0.48,48.638,4.5398849550004705,32.769,0.09311462940191723,43.733,0.12206440745140323,-0.013694469493032546,1.7768966705600553,0.6961195304700611,-0.6756068851042984,131,c4,95.11871175
0.09841846651895272,0.536,48.791000000000004,4.676735961142448,33.295,0.09213292946386055,44.425,0.11677135943154049,-0.011112638637527095,1.73392866173341,0.6877768863424246,-0.6813858643253665,132,c4,95.11871175
0.09797789805646583,0.485,49.503,4.748652572363071,34.184,0.09143323538628229,45.05,0.1480856302576754,0.0065464960932470895,1.7133131985790806,0.6785075864803282,-0.6908390917678289,133,c4,95.20726268
0.09782969031295727,0.519,51.21000000000001,4.8784715743603275,34.465,0.09163432848152855,45.252,0.1778501171405451,0.023155387600367394,1.7481388682977785,0.6751150653811026,-0.6898304561687736,134,c4,95.44025205
0.0972055368447772,0.505,50.04,4.974256476660802,34.11,0.09072130563683317,45.274,0.21230537713091113,0.023358845945395945,1.6984414964197159,0.6701385524233067,-0.6963240397246055,135,c4,95.66161694
0.09753667980186267,0.545,51.663,5.067597959484775,34.94,0.09059120052333733,46.582,0.2646347527295614,0.058054865963406144,1.6707045074475575,0.6624379782939489,-0.7145059228860942,136,c4,95.87144806
0.09757366631952408,0.536,53.369,5.133921714676599,35.453,0.09032531478485625,45.678,0.2621940036409902,0.034975469897718714,1.6876801863771265,0.6546859374700857,-0.7098420544451658,137,c4,96.06985284
0.09843978844203258,0.602,51.505,5.1751502462943995,35.139,0.09057691362219399,46.131,0.3211965115299833,0.049854130294544774,1.6872540694588212,0.6517260984251426,-0.7390978237327048,138,c4,96.25695507
0.09815507175217379,0.563,52.896,5.181951526546691,35.262,0.09063369062610818,44.982,0.3132905054642312,0.06442825641572103,1.5907993955849378,0.6379218191480361,-0.7461524464641465,139,c4,96.43289455
0.10075562761851516,0.499,52.267,5.286318703083574,34.682,0.0931368135588098,46.018,0.28033140053025596,0.057759947458194905,1.686907050734904,0.6471288911671453,-0.7516011315496507,140,c4,96.59782671
0.10283119008862504,0.516,54.909,5.373058215488066,37.616,0.09539770171068579,47.299,0.24763403509489956,0.04161075898258515,1.613145972207553,0.624710482000952,-0.7577902390211393,141,c4,96.75192223
0.10392988092935228,0.57,52.828,5.411574704426234,35.959,0.09641144313415848,46.746,0.2607729734547024,0.04477625134354435,1.587459019656733,0.6149526515652852,-0.7713744060920353,142,c4,96.89536664
0.10479681688867382,0.565,54.935,5.484798103447505,36.714,0.09681323993703111,46.691,0.18577038695678683,0.020532647355872236,1.5393025904341444,0.6097444183655594,-0.7766730812829516,143,c4,97.02835992
0.1054040018361557,0.542,53.661,5.571694433777762,36.343,0.0969827158959464,47.561,0.1976287851629266,-0.003837719195538991,1.5689708313076567,0.6155226702138737,-0.782110222257538,144,c4,97.15111612
0.10603708936823748,0.517,54.271,5.6332919833183,36.964,0.0976553284077015,46.882,0.12296161087174662,-0.0030301899229199236,1.511505589372251,0.60167907304714,-0.7897146292583614,145,c4,97.26386291
0.10645414747972037,0.563,56.988,5.637587823439878,39.219,0.0969562186639749,47.24,0.12708284412503623,0.010552535587552647,1.526268579414527,0.6035306668274076,-0.7939194499073268,146,c4,97.36684116
0.10684968224837543,0.557,55.672,5.74657184170472,37.879,0.09747364430898958,48.6,0.18283517444578878,0.03972485663302816,1.496631505900286,0.5910306074678248,-0.8041596276345926,147,c4,97.46030457
0.10710288730718122,0.534,57.527,5.753478448063879,38.819,0.0967629117958555,47.24,0.24992546310562158,0.05037498722822553,1.4274292386372238,0.5841202102641323,-0.8081334755816671,148,c4,97.54451915
0.10491942306903328,0.515,58.832,5.825067997800321,39.496,0.09416801306380548,50.133,0.32286932939604185,0.0623930192521871,1.4580588526321705,0.5778836472753633,-0.8136667963944468,149,c4,97.61976286
0.10753390695978826,0.583,58.506,5.845693612195145,40.459,0.09682956436100389,48.138,0.3106910843204336,0.07196950320978779,1.4987299991914869,0.5974333714062019,-0.8102892972062636,150,c4,97.68632512
0.10726768565206429,0.603,58.566,6.01009468127454,39.691,0.09710864531972582,48.156,0.3690069744027795,0.06668618752519118,1.3874259420322907,0.5641245517014395,-0.8209809102606518,151,c4,97.7445064
0.10613979147689837,0.592,60.048,6.063845982232674,40.551,0.09634098494098349,48.463,0.3909641313111982,0.06820737164297075,1.3639836174323872,0.5846188245492678,-0.8266927276365168,152,c4,97.79461776
0.10663001565804806,0.552,61.573,6.142744184486898,41.482,0.09725531097468547,49.916,0.4375712372499585,0.051910514963883436,1.3707788392045979,0.5784502189622801,-0.8274978087431131,153,c4,97.83698037
0.10767783460815221,0.574,61.375,6.278545422029875,41.565,0.09814186178925632,52.014,0.3725858131828357,0.05129546558580644,1.408563148805202,0.5850076058280157,-0.8299989329176878,154,c4,97.87192512
0.10884559361271469,0.623,61.372,6.2760341825743335,42.019,0.09904621777314865,50.965,0.3534967560590285,0.007678438833197632,1.4000442974762635,0.5979716601759993,-0.8247133041583239,155,c4,97.89979211
0.10962274519160672,0.561,63.497,6.41649531226947,42.983,0.09989563554077475,50.936,0.2754031953868066,-0.0046745415825864,1.3652674315543072,0.5818346857630838,-0.8406954988072934,156,c4,97.92093022
0.10912178216862359,0.556,63.077,6.511831134399491,42.897,0.09993891633762772,52.261,0.25963103263977905,-0.012472418951050557,1.3822933446485193,0.5822922574683553,-0.8435807378336837,157,c4,97.93569664
0.10981139453403718,0.567,64.794,6.596195630763722,44.282,0.09995291980543893,49.412,0.23005787435694325,-0.015660446199415645,1.3311164733549585,0.5877871660647317,-0.8482375439071519,158,c4,97.94445643
0.10994286273402694,0.512,66.481,6.6898975047950335,45.221,0.10004681405514594,52.024,0.2370484482188262,-0.010032282856162755,1.3487691446716834,0.5910235627079072,-0.8487606450153988,159,c4,97.94758207
0.10888575420358183,0.548,66.84,6.845425170889702,45.811,0.09916564185049208,51.542,0.2765771085836253,-0.012312720140563282,1.375683040891091,0.5942885263145224,-0.8540675998989373,160,c4,97.94758207
0.09880578779404997,0.547,55.701,4.445891307941474,36.659,0.09214434160938431,39.047,0.36989177218441727,0.0912021725144041,0.9803592636890275,0.47194452454483177,-1.015587691895601,161,c4,97.94758207
0.10519368352209386,0.538,57.82,4.77726086315046,37.585,0.09619136305264146,42.213,0.27109409605134127,0.06371432818028921,1.1127557037544946,0.53455103834963,-1.0092780958442673,162,c4,97.94758207
0.10841180192428322,0.512,60.206,4.986321459425342,39.668,0.09890228690875634,42.376,0.21505907438346084,0.04867003496950817,1.046545262900648,0.5211999558895423,-1.007819934357825,163,c4,97.94758207
0.10920978904079771,0.501,59.847,5.1347422852675075,40.45,0.09960509064794214,43.254,0.14177514567799987,0.02545372311526073,1.0718684383380888,0.5325633546284348,-1.007239730326775,164,c4,97.94758207
0.10972590043239938,0.512,61.458,5.217035296328107,41.161,0.10009022634703979,43.746,0.13837742050514734,0.006371488893944122,1.0880639171769877,0.5232529297434189,-1.005864646961973,165,c4,97.94758207
0.10966158622135315,0.566,62.586,5.330491772590193,42.185,0.0997708149255962,43.118,0.20039875867084822,0.046587940756987134,1.0825770202926632,0.52663330399191,-1.006596401664788,166,c4,97.94758207
0.10940107579679,0.52,63.976,5.378837028487581,42.787,0.09946313051158906,45.698,0.17496599460395634,0.03658160345311057,1.0740495543053683,0.5194278106346374,-1.005810163662705,167,c4,97.94758207
0.10898987334937492,0.563,64.499,5.494261966752559,43.23,0.09902150409331459,44.239,0.18755964674491699,0.028161650286177675,1.0670969809884667,0.5200366405473515,-1.0062550787109745,168,c4,97.94758207
0.1091570512460434,0.604,64.123,5.500395880710377,43.258,0.09860780847943955,45.092,0.30448698358854553,0.06204771746539928,1.1033062901613748,0.530690872734229,-1.007803391354176,169,c4,97.94758207
0.10939837846081837,0.622,65.441,5.6240829755389266,43.328,0.09925206683433312,44.455,0.27768772261319485,0.03607018393530126,1.044834931441434,0.5171644566976341,-1.0060311212790087,170,c4,97.94758207
0.10852937560975906,0.568,66.5,5.6903135038534565,44.657,0.09879597718659318,44.913,0.34354595702902424,0.04391459963561184,1.1453962927981722,0.5329383292051555,-1.009003319324549,171,c4,97.94758207
0.10868964818228666,0.545,67.364,5.8088801669529735,45.25,0.09952915875360747,45.133,0.2654439039657399,0.04734008271183532,1.062390072347342,0.5289937886245039,-1.006914638539372,172,c4,97.94758207
0.11293250956017326,0.584,68.693,5.768101954652073,46.907,0.10231262071146009,47.284,0.22886475527253758,0.023829830991129786,1.186003824755769,0.5435720557605749,-1.002145872117816,173,c4,97.94758207
0.115084723705277,0.536,68.59100000000001,5.816158851781525,45.554,0.10394559727336403,44.658,0.20160999472962615,0.03356402312407614,1.044110190529441,0.5268193551315241,-1.0012176868693188,174,c4,97.94758207
0.11514461181696027,0.537,69.656,5.876277686512713,46.405,0.10368399638759583,46.273,0.1858099667753086,0.006185609895594801,1.0452371733798786,0.5285964050390459,-1.0015339245508086,175,c4,97.94758207
0.11505151689936376,0.581,69.56,5.994081782642689,47.195,0.10385754999028993,47.242,0.22965281036785168,0.006961723551556442,0.9696646561453113,0.5232675113570143,-0.9977082522609888,176,c4,97.94758207
0.1152954224326158,0.572,69.851,6.0134647425443974,47.138,0.10365372483056079,47.8,0.23993025202295515,0.03630586600468977,1.0081551534477455,0.5263647966097874,-1.0002487309541566,177,c4,97.94758207
0.11488949778522407,0.576,71.491,6.123888944487881,48.231,0.10305057968538879,47.053,0.30122865454926506,0.02276800716645111,0.9391143748141628,0.5160674770873397,-1.0046039507514049,178,c4,97.94758207
0.11466625944940287,0.658,72.318,6.177773910824832,48.196,0.10296597345283086,46.863,0.3406141757842134,0.06128715552216102,0.9394303880803143,0.5150052202165608,-1.0084771624561024,179,c4,97.94758207
0.1155450177307205,0.59,75.06700000000001,6.3328066230086435,50.27,0.10326235827123276,50.294,0.39785138693699373,0.0553914611304398,0.9156625775656759,0.5156214676183898,-1.0062950320962725,180,c4,97.94758207
0.11567558479294224,0.676,75.327,6.391503357294852,51.034,0.10362102338580363,49.742,0.4636203734343489,0.04310989474779259,0.8968852004149039,0.5214919131980683,-1.0094367275506215,181,c4,97.94758207
0.11476419658933859,0.567,76.544,6.534568013160954,50.853,0.10337325720682622,48.894,0.4815232181747171,0.04499478623976172,0.906329024130299,0.5211248420555359,-1.0127569615104228,182,c4,97.94758207
0.11712997758797201,0.639,76.46600000000001,6.587147576353048,50.74,0.10526137252841061,50.571,0.36229493073101393,0.01132579673383205,0.7929916640230132,0.5122817331961825,-1.0227114879433095,183,c4,97.94758207
0.11622842834091746,0.566,77.467,6.568001864170377,51.948,0.1039336833712279,51.004,0.30458221121792883,-0.0015925445807853933,0.8588650673393299,0.523251690472673,-1.021807178868575,184,c4,97.94758207
0.11613395693298159,0.59,78.542,6.676244529669928,52.819,0.10422797793138208,50.624,0.29507008999927553,-0.03259255808530215,0.7973835367279185,0.5174570252151925,-1.0164491212532618,185,c4,97.94758207
0.11710059151947882,0.596,79.82900000000001,6.8051419450757,52.857,0.10501840065248469,50.426,0.26321042147505125,-0.03850053247284135,0.7649532632539939,0.5143450486304363,-1.0101862033197364,186,c4,97.94758207
0.11616587813011124,0.633,82.255,6.840410333912251,54.257,0.10484671389653051,51.828,0.29712265135945204,-0.010681124993807689,0.7278579412752473,0.5121794230417727,-1.0056764674363003,187,c4,97.94758207
0.11816053821119356,0.718,81.56400000000001,6.971750956672567,54.426,0.10479518745430598,52.29,0.39877253898746234,0.03497295847521631,0.8097538861597648,0.5015295550850134,-1.014927424145217,188,c4,97.94758207
0.1196294486384263,0.595,81.003,6.884986708694043,54.146,0.10666075024020986,50.19,0.28020062816819724,0.04477540876109387,0.7597349739868164,0.5077043466896316,-1.005042170148539,189,c4,97.94758207
0.12158791384713254,0.69,82.851,6.964833642139288,55.053,0.1066089076451082,51.984,0.3548055293315753,0.07493305256327565,0.8064907258932088,0.5163510640984466,-1.003278424278924,190,c4,97.94758207
0.11859030714106238,0.598,83.016,7.010415012880555,55.642,0.10494603654920283,50.963,0.3971884586838512,0.02713184681543579,0.7089984645445218,0.4980501091566021,-1.010934235709925,191,c4,97.94758207
0.11944172389495666,0.748,83.36500000000001,7.084010241940164,55.255,0.10569955651557282,50.193,0.5017057664319311,0.030143458242647636,0.7118918172176945,0.5042989484544776,-1.0164884349244447,192,c4,97.94758207
0.1134546850951949,0.719,83.328,5.649828447035023,56.12,0.10610691845522162,46.532,0.40063885124975185,-0.0476731742781662,0.4926583468662522,0.4329806814095738,-1.0190194033004816,193,c4,97.94758207
0.11696408540640801,0.602,84.345,5.679996410242655,57.028,0.1080123442596992,50.712,0.3689335102008706,-0.02451176276823608,0.5560104048235748,0.4702676473381502,-1.0193653903977968,194,c4,97.94758207
0.11883697787629,0.634,85.92699999999999,5.776590867082476,57.613,0.10928502434892659,50.206,0.34416423329950474,-0.056431081801467275,0.6210277910459348,0.47565922556509677,-1.0175201102160847,195,c4,97.94758207
0.12001941275643278,0.626,86.432,5.971245091465051,58.491,0.10992835791706425,48.243,0.3294035884565396,-0.08144768853854867,0.5416642808668639,0.4590035153977623,-1.0196455041686519,196,c4,97.94758207
0.12352948282923525,0.631,90.755,6.082502707818966,61.644,0.11259141644631279,51.25,0.3413048671918255,-0.08690923204667467,0.5462774327251672,0.4626393492174575,-1.016819931330768,197,c4,97.94758207
0.12218899006098052,0.629,93.479,6.0752226093182475,64.209,0.11173502944314918,49.936,0.33455382321836646,-0.05584800459280137,0.6090941020315372,0.49119492181853075,-0.9905323114978395,198,c4,98.04939711
0.1224394548013236,0.625,90.95400000000001,6.264720584553761,61.527,0.11112574725860994,50.422,0.4015787954226786,-0.05497545009256655,0.5788938333731353,0.46429867643435113,-1.0124682585025688,199,c4,98.16385952
0.12283152776663181,0.628,90.172,6.2975400100901435,61.136,0.11068481365898666,50.159,0.45970569794311666,-0.05074076996858645,0.5373976078276073,0.4583165999468422,-1.0146326517345257,200,c4,98.28908463
0.12123333817918217,0.633,91.736,6.349059594340592,62.936,0.10972727166386803,50.657,0.5060503960070695,-0.06236052501543199,0.44329753988112985,0.45012429257809156,-1.0143435347647063,201,c4,98.42538882
0.12211315431763409,0.658,92.739,6.34316657234067,63.292,0.11039651608389171,50.658,0.5773028574694123,-0.04486392994356647,0.4982699707674638,0.4699681533444283,-1.0056981265355054,202,c4,98.57308034
0.12409971705547833,0.683,95.199,6.470731075403717,63.814,0.11250571657490707,51.705,0.49033865379915387,-0.061931482147211,0.38393720269896026,0.44759657717946477,-1.0183011888958693,203,c4,98.73245902
0.12590787315703478,0.652,95.09100000000001,6.478259459507726,64.236,0.11364044069273145,49.919,0.506645656063248,-0.04851403176898872,0.40693992593400496,0.4454579381542746,-1.0182960430178918,204,c4,98.90381609
0.12705234391043127,0.732,97.02000000000001,6.52418164261574,65.864,0.1141735823411801,53.963,0.46799633565284715,-0.09816805507794069,0.3819873337512405,0.4435204057027631,-1.0212509913719316,205,c4,99.08743402
0.12764887154040425,0.758,98.22899999999998,6.556120878189368,65.689,0.11519264601160444,50.969,0.4512217744152611,-0.09262671246739851,0.3600258300654655,0.44197770872899594,-1.0200200716174688,206,c4,99.28358632
0.1278712335879506,0.704,98.08000000000001,6.632478331813388,65.528,0.11464667672403317,51.743,0.3940138614914521,-0.09188463384605194,0.35869922957118927,0.4434422749258093,-1.0222901102915616,207,c4,99.49253735
0.1272441932185871,0.742,100.191,6.666485166152486,67.376,0.11325647266399982,51.681,0.46410308871801176,-0.0482395145593153,0.37606120835287804,0.445428587131997,-1.0225654640458837,208,c4,99.71454217
0.12673422037513662,0.674,99.51599999999999,6.776884383050347,67.044,0.1135021212085656,52.648,0.5282939743653126,-0.046820839446993556,0.38476081823619435,0.44674948324016306,-1.0241958107728428,209,c4,99.94984642
0.12534305594714215,0.724,99.63799999999999,6.974166902067246,67.219,0.11366985195534468,49.2,0.49150350417372746,-0.06691929767840055,0.3026374451455074,0.40736895819523805,-1.0463772666502158,210,c4,100.1986861
0.12694033226088144,0.738,102.046,6.959142221884893,68.912,0.1145766867262555,54.937,0.5352442409796985,-0.04495429549538832,0.3882976738726365,0.4487238676979539,-1.0246295114269919,211,c4,100.4612875
0.12775679386601524,0.68,103.645,6.992400596479166,69.476,0.11510057592957142,53.467,0.5253771946836623,-0.06627506382030957,0.3429187517435528,0.44599378412540974,-1.028197468830871,212,c4,100.737867
0.12958191035002825,0.684,105.054,6.986130619342755,70.983,0.11632941772696849,53.325,0.4947188640589637,-0.0734911850556057,0.3304216850881958,0.4430282560768841,-1.028936094480264,213,c4,101.0286311
0.13153181915452708,0.743,104.62800000000001,7.234440282768671,70.483,0.11893381815170952,53.807,0.4301117675719133,-0.09482445966332609,0.2400063638876131,0.41243891008380656,-1.049677283214125,214,c4,101.3337761
0.1313199660121081,0.705,106.376,7.1527895990916095,71.158,0.11909531619191027,55.362,0.43197240400679915,-0.08708764703217131,0.2588013129296227,0.42399604042690375,-1.0313699842937403,215,c4,101.6534881
0.13216211172521403,0.67,107.789,7.298065313019687,72.53,0.11928031305351988,53.333,0.40690181315395035,-0.07507053525879837,0.2523648448825404,0.4268997290904983,-1.0275553858618725,216,c4,101.9879429
0.13052992068951727,0.67,108.46799999999999,7.336841411404968,72.622,0.11797060653134,54.111,0.4288498485980363,-0.06312273291909243,0.2616082743784074,0.4323596611818912,-1.0270394424746627,217,c4,102.337306
0.13194673436128684,0.684,110.197,7.4784505485087385,73.863,0.11887591932857802,55.796,0.5088535350120806,-0.05274733134397991,0.23540232173586473,0.4160258242437073,-1.0420557228602145,218,c4,102.7017323
0.13209325352338236,0.764,112.128,7.432875462650851,75.187,0.1195493965812783,54.876,0.4972211441069083,-0.03485207185959993,0.2328605233256411,0.4355310158668326,-1.0350764763589413,219,c4,103.0813662
0.13285026146017992,0.788,114.736,7.568834275465453,77.379,0.12101797134251138,56.068,0.5566193200426905,-0.07396135074970589,0.20012434067324358,0.43262929189374694,-1.034050595574595,220,c4,103.4763417
0.13499686854762294,0.79,115.47800000000001,7.60648034350804,77.358,0.12280192320061478,55.263,0.5135907424253605,-0.10287008658544528,0.2221511649160295,0.4341264826777071,-1.0371393940550258,221,c4,103.8867818
0.13670580381092462,0.724,116.572,7.789102699058946,78.406,0.12480721195880642,56.474,0.4667083607754745,-0.10812026203384306,0.18476866448371698,0.42937137637143946,-1.036479521706984,222,c4,104.3127991
0.13951920762640332,0.709,119.074,7.947118356183939,79.309,0.1269201308059984,57.999,0.453384275355198,-0.11032277560373815,0.16434022240818935,0.42921093268345956,-1.0361268576550322,223,c4,104.7544953
0.1400298389618568,0.766,119.47999999999999,8.057953758800613,79.86,0.12769234026631532,56.633,0.40852678167806156,-0.11705946610312123,0.1393563265843012,0.4274989950079338,-1.0371062297126967,224,c4,105.362396
0.1348005859649841,0.716,116.104,6.152572582994235,77.232,0.1210873645927781,53.899,0.46486509515480146,-0.0656959690354757,0.09427832803540337,0.37706830235956745,-1.0101140270106255,225,c4,106.1176442
0.1395459713517123,0.73,119.13499999999999,6.210186246917551,78.738,0.12287080698204665,59.048,0.5932285002793196,-0.049307692044253226,0.13575399897341933,0.39771676447328835,-1.0143162090624394,226,c4,106.8910702
0.14156755465440685,0.8,120.36699999999999,6.3147784192997545,79.898,0.12427811727156234,58.705,0.698342520995141,-0.03337971213344071,0.1464104534392443,0.4024499312167318,-1.0124920417090646,227,c4,107.6825431
0.1429755286502337,0.734,122.072,6.507624521997069,80.789,0.12613805059437885,59.762,0.6635606023858416,-0.0638096136125137,0.11627436569785399,0.3967065229014047,-1.0200630694664432,228,c4,108.4919199
0.14130454054645317,0.725,122.628,6.534928249240421,81.068,0.1259310344327097,58.724,0.5339575372135839,-0.08110338190987054,0.10247010515720323,0.3930712081495548,-1.014168886610265,229,c4,109.3190454
0.1414408496253595,0.736,124.696,6.633230421572519,82.451,0.12596800955030887,58.348,0.4605272777645366,-0.07479892435377389,0.11899063611488137,0.39222240254391977,-1.013820525552747,230,c4,110.1637529
0.14478735179641214,0.723,127.13,6.691923567932414,82.35,0.12637460770670636,57.86,0.5392579363333283,-0.06712034297935254,0.12423517474675849,0.39034452822653,-1.0125853476914846,231,c4,111.0258638
0.14338470077589713,0.823,129.428,6.792921168749473,85.238,0.12643084262474785,58.212,0.6529110079476581,-0.047438224677257335,0.13729131622976576,0.3951501179572029,-1.0077583924576412,232,c4,111.9051881
0.1440601606962792,0.806,130.572,6.832763323324575,85.082,0.1265358791909851,60.432,0.6964493148884654,-0.03202952525284264,0.12372315113108057,0.39903333183358747,-1.0074175181534215,233,c4,112.8015244
0.14371110665064524,0.781,129.793,6.970331220292342,85.486,0.12758542377759538,60.477,0.6126021184164592,-0.04885783410143718,0.08003920339187731,0.3914815919776508,-1.011247053040788,234,c4,113.7146603
0.14664646137789666,0.891,131.107,7.018323994214391,86.88,0.1294207710530141,59.315,0.6499705674542149,-0.03808629760835247,0.08173881327955002,0.39035653204435494,-1.0105291402179164,235,c4,114.6443724
0.14806850280126946,0.81,131.198,7.111860776062329,85.671,0.1309347240540565,60.391,0.5153303246959084,-0.06578794109217112,0.08617895909849738,0.3856184710061986,-1.0047045975060669,236,c4,115.5904267
0.15109701493517722,0.853,133.36,7.150440106679532,86.839,0.13196091181216382,59.657,0.5482419462557218,-0.03429557267629102,0.09570189371412008,0.3820632655429263,-1.0033119119535192,237,c4,116.5525786
0.15078671032195767,0.804,135.887,7.166404386602835,90.415,0.13203063214419627,60.335,0.5688732127215879,0.02497078410617215,0.07980662629132018,0.37234333606871767,-1.0043270081450177,238,c4,117.5305732
0.1499926228211835,0.804,135.257,7.203956937051894,88.902,0.13053759997096048,60.556,0.6049235043100429,0.034788217213665096,0.07292484655105236,0.37270980202476983,-1.0050074645465839,239,c4,118.5241458
0.15395273694106149,0.855,136.064,7.309239679303282,89.11,0.13280017395254326,61.95,0.6534567862660086,0.05738576118189265,0.08345640293138024,0.37069292885482974,-1.0058289841265478,240,c4,119.5330215
0.1510952365990417,0.839,139.946,7.357989609020407,91.325,0.13221381340511684,61.545,0.6827464256201625,0.04566074888584737,0.0727848935767641,0.3690636213634584,-1.003695261036551,241,c4,120.556916
0.15264849909355982,0.809,140.211,7.412834181772752,92.012,0.13474657730548678,62.865,0.667719940411577,0.037339788887982284,0.0851960485626524,0.3740926430263131,-1.0032055408751916,242,c4,121.5955358
0.1528427112081707,0.842,139.905,7.480624011207431,91.75,0.13519633219821048,61.406,0.5826180438728823,-0.004253418949391463,0.08397104087111806,0.371880018366156,-1.001679313893018,243,c4,122.648578
0.152407414870586,0.803,142.042,7.579024601025265,92.01,0.13563650434236857,61.927,0.6251793562774708,-0.004990243418603768,0.05870160204766073,0.36811419799062733,-1.0007938259286366,244,c4,123.715731
0.14851942136288096,0.806,143.611,7.6211481675065205,93.011,0.13495460895922531,62.987,0.5301079356082616,-0.029540934693152554,0.06659276642279588,0.3744831201443958,-1.0018496364930238,245,c4,124.7966747
0.15197621672903847,0.855,144.076,7.689569987457204,94.161,0.1367405531100907,62.748,0.6480537305940537,-0.000508855612925796,0.05178780741001843,0.37870137037401613,-1.0071918556036352,246,c4,125.8910804
0.15475348447932552,0.906,144.137,7.743019736606983,93.93,0.1382959050579951,62.98,0.663780623359381,0.028408949834529906,0.051428707703612186,0.3813278344435855,-1.0083727723191382,247,c4,126.9986117
0.156614251533141,0.952,145.59199999999998,7.837600027697365,94.273,0.1398316080309214,62.576,0.5013798087386512,-0.01497849341395252,0.03383008898929507,0.38333033469509264,-1.0211444589073309,248,c4,128.1189241
0.15888340206499982,1.086,146.913,7.885872118391878,95.006,0.14183507217604416,64.829,0.459095565154775,-0.037161413007664734,-0.002651869568651488,0.3817689152600509,-1.0238004518962962,249,c4,129.2516656
0.16343232781621114,0.843,148.378,8.022487856464952,96.866,0.14486149029047118,63.067,0.4499435681069439,-0.040074672532635525,-0.03593283443754114,0.3637843343634541,-1.043278334969852,250,c4,130.3964771
0.1621890867237907,0.846,149.196,8.0236207694507,97.116,0.14395113022943107,63.534,0.47247840595176704,-0.02152101660621719,-0.0340431573976927,0.37893939728100356,-1.0297655846092106,251,c4,131.5529925
0.16031483452191722,0.836,149.704,8.071661175977193,96.864,0.1428736685796195,63.802,0.4576373816493562,0.03317267581796868,-0.055712576731040464,0.376161989103171,-1.0310083163344184,252,c4,132.7208389
0.1590947694840959,0.863,151.38400000000001,8.196431775133124,97.724,0.14275734203773086,62.587,0.4411610879668455,0.02941247913982359,-0.052611026187031396,0.38064470621637175,-1.031409654068286,253,c4,133.8996371
0.15638185632070375,0.834,156.084,8.34566658631096,100.77,0.14348325278619536,65.273,0.48397706304138044,0.008835468956576165,-0.040033359563710125,0.3794876291321042,-1.028913365761455,254,c4,135.0890018
0.15713111722832238,0.895,157.231,8.44671029895286,100.74,0.14449107161875335,64.728,0.5929742189341516,-0.015061884868885045,-0.035810572413792485,0.3763965839958156,-1.0255211986506745,255,c4,136.2885418
0.15737841712722458,0.903,158.83100000000002,8.533532432722204,101.78,0.14626385805072895,65.153,0.4927927819162363,-0.02978443587464774,-0.05072180055153419,0.3697134689389083,-1.0246394797205902,256,c4,137.4978605
0.15776182142645132,0.885,155.333,6.981607631788103,100.1,0.14652583937993313,56.572,0.5606071982782175,-0.020583898862351457,-0.1626552416099245,0.33042478857239754,-1.0168628023241364,257,c4,138.716556
0.1585605643011778,0.854,158.01,7.130191407922913,101.96,0.1481229409427439,60.531,0.5352542017403024,0.012484644641463483,-0.124004809682845,0.34226343509071183,-1.019102652055555,258,c4,139.9442215
0.1632472882113903,0.906,158.03699999999998,7.226819315726505,101.57,0.15094992572751736,58.946,0.3484631375977485,-0.009519417604866742,-0.1393411493229335,0.33995737164205936,-1.022740921798547,259,c4,141.1804455
0.16415384250364254,0.91,161.126,7.387155577578971,102.37,0.1525600353325012,61.996,0.5448814253706598,-0.03307047841975974,-0.14327748222079162,0.334170360723559,-1.0264402427726154,260,c4,142.4248124
0.1677397156449034,1.002,163.086,7.4464120547676504,104.79,0.15662057588424316,63.44,0.4056800442116737,-0.04745907464528498,-0.13928636032034625,0.34244394689211005,-1.0284179219483607,261,c4,143.6769023
0.17504442846506382,0.924,168.211,7.721217050321199,107.47,0.16074999481343125,62.834,0.38879987213170475,-0.06525975503626125,-0.1541061601428959,0.3325742558634949,-1.0335940756638906,262,c4,144.9362918
0.18174154463089184,0.962,171.334,7.827978835719349,110.17,0.1646310104848986,64.979,0.30650314475470175,-0.04109008632125022,-0.17498405511398651,0.3316761162636354,-1.034757133977957,263,c4,146.202554
0.18531040346984343,0.963,174.335,8.012147774146891,111.48,0.16656339474704976,66.183,0.3849905134819802,0.02711567417168892,-0.19045586901839195,0.326335675638483,-1.03212555585255,264,c4,147.475259
0.18420140501997764,0.906,174.861,7.885790003483106,112.63,0.1645902675911028,65.243,0.371402300709045,0.10244693609992161,-0.15362199150221656,0.34883785494432573,-0.9940379525793395,265,c4,148.7539741
0.19340536923968715,1.094,176.28199999999998,8.010772762986374,112.97,0.17088236535392742,67.457,0.33509326782545523,0.09437077373202163,-0.20222140502246377,0.31749033562267226,-1.029186847376783,266,c4,150.0382639
0.1916497254100471,1.111,173.02,7.860151970859546,110.87,0.16942661586160562,62.482,0.3869123985415506,0.12495928997478067,-0.2029241889451061,0.3210110439529969,-1.0292807656269176,267,c4,151.3276912
0.1922637606186573,1.012,174.632,7.901529289655542,111.27,0.17005655020651259,63.055,0.3667548635433877,0.12567475062589306,-0.207009163700139,0.321734265235907,-1.0301091726577887,268,c4,152.6218167
0.1939358452758869,1.062,176.041,8.06850031139053,112.81,0.17066990188532338,62.744,0.3020450381159856,0.12818346804988678,-0.24948599555611972,0.2919833636426108,-1.0590555963384662,269,c4,153.9201996
0.19365799234147565,1.144,177.775,7.986575815610436,113.93,0.16996736522402278,63.006,0.42182672672101873,0.19295002229250713,-0.23610105004133652,0.3098679446575858,-1.0358432363620187,270,c4,155.2223977
0.1967777986997471,1.042,177.598,7.9579473893323325,114.2,0.16986788357278307,61.771,0.38343469930234164,0.2584178655905198,-0.22842158653934552,0.30384150133451016,-1.0368045625589868,271,c4,156.5279683
0.19427581098330773,1.006,180.237,8.03127666023821,114.32,0.16934404543802262,63.811,0.4004105461384526,0.236233825530066,-0.23618568252947592,0.30576104617628536,-1.036608064465299,272,c4,157.8364676
0.19609546039482081,1.15,180.635,8.093738887401855,115.74,0.17013599977162658,62.353,0.47193746580209783,0.22463221234135178,-0.2164663345071718,0.3095521556322349,-1.0323469508268845,273,c4,159.1474517
0.1989122990040917,1.175,183.79500000000002,8.121178041463548,115.75,0.17145713481542754,63.957,0.49861342679875076,0.14167191683509728,-0.21041903157190767,0.30646101000396886,-1.032319257546325,274,c4,160.4604766
0.1995603660830393,1.273,184.538,8.233443871538006,117.14,0.17330654787051913,64.806,0.5378986044097318,0.09859995477916295,-0.2127051550755068,0.3094840764179924,-1.0295605890913453,275,c4,161.7750987
0.19928885971412097,0.977,186.119,8.382910965875608,118.06,0.1744858304496007,65.056,0.42557438412049153,0.0691000952385048,-0.26275335761826346,0.29917119199654224,-1.033093849294085,276,c4,163.090875
0.1982401830721627,1.167,185.584,8.41814917915774,117.61,0.17496971131364505,64.873,0.3776530547977237,0.06639842515334315,-0.2678052054254967,0.3009663833692171,-1.032420268624237,277,c4,164.4073631
0.19891497873407474,1.128,186.082,8.483756245424189,117.86,0.1744928340323469,64.269,0.3376320245302704,0.05989927848685461,-0.24612868807163935,0.30718096281205454,-1.0309769591497868,278,c4,165.724122
0.20108958065850258,1.075,185.49200000000002,8.433223589757326,117.2,0.1750668410008803,62.82,0.3150001523892203,0.10641370528967853,-0.242888766483496,0.3057816711819075,-1.028472942664126,279,c4,167.0407123
0.19936758557676,1.025,187.346,8.559970848734848,118.45,0.17692238121498222,63.91,0.45213564605015133,0.13350824300124176,-0.24737209134965443,0.3026643550378591,-1.027038077249749,280,c4,168.3566961
0.21014245389609748,1.306,189.061,8.525599587507367,119.65,0.1829785113999809,62.476,0.5331532524686842,0.2219614489362729,-0.26650355061364595,0.290334523259778,-1.0231083420406253,281,c4,169.6716378
0.2082111395774557,1.11,188.08100000000002,8.537421287119873,119.19,0.18319957432910028,64.429,0.5613042782304447,0.23079718922718273,-0.2720302322981163,0.2944697140420733,-1.0246902637110573,282,c4,170.9851038
0.21235531694352833,1.062,187.542,8.539871814789022,118.91,0.18516082267798656,62.88,0.46096206281246,0.22608597605785663,-0.2719818918679975,0.2987397479524979,-1.0248207415071078,283,c4,172.2966636
0.219313999538764,1.25,186.02100000000002,8.731986157880208,117.88,0.19000366713005956,61.882,0.49894386916677336,0.28267748810825477,-0.33663642571888364,0.2785464325234071,-1.0500342466826442,284,c4,173.6058893
0.22337057890084308,1.186,187.86,8.577855346333102,118.82,0.190293990887545,62.808,0.524225108772697,0.33583276896067993,-0.28584871251666577,0.3035766843362549,-1.0252790889044943,285,c4,174.9123562
0.22882251459182754,1.33,192.898,8.796017271975506,121.91,0.19620723200982676,61.802,0.5975797970391485,0.33464061083485674,-0.2990151986801153,0.30144266867862224,-1.0245280790576412,286,c4,176.2156432
0.22061192318810494,1.237,195.519,8.900619011267656,123.37,0.193055708806384,63.509,0.6907358291138372,0.360975119445647,-0.2954200674615701,0.3007521674116748,-1.020010503741076,287,c4,177.5153329
0.2173047912803415,1.268,196.639,8.845228078158456,123.17,0.19186270880454073,62.974,0.6620895127760948,0.32884294882110243,-0.28454955413505356,0.30363620358740134,-1.0157115004177062,288,c4,178.8110119
0.20775979388927213,1.263,197.623,6.977057180720527,124.97,0.18330831719184065,61.376,0.8694224573896858,0.3370337948473501,-0.2910341706226518,0.27958337244690096,-0.9747809609527089,289,c4,180.102271
0.2090032602807667,1.166,198.527,7.169131816983886,126.3,0.18424979761991053,63.035,0.712035656803828,0.3513846189022738,-0.29783045213536186,0.27899867128766803,-0.978551641934815,290,c4,181.3887056
0.21630535395545653,1.216,199.01600000000002,7.30693756245539,125.87,0.18861826135226728,62.788,0.6791919778476538,0.4117255977896739,-0.303707970606268,0.27274727775676405,-0.9795798593919645,291,c4,182.6699161
0.2292559057494348,1.273,202.15800000000002,7.486389007851536,127.36,0.1957772802664823,63.214,0.8089584780451391,0.4420055678412518,-0.3074738224357496,0.26714946499790954,-0.9830553265828095,292,c4,183.9455075
0.22707410390289479,1.314,203.177,7.441245001636661,129.01,0.1953409661963843,64.12,0.8554478522007014,0.47271080109568375,-0.25869228263026756,0.29747275128693923,-0.9465330327592101,293,c4,185.2150905
0.233439732266468,1.345,207.553,7.779051015986885,132.04,0.20014907421948344,65.548,0.7528257990083498,0.460971067169762,-0.32152849577299225,0.26621860233412853,-0.9836863973608438,294,c4,186.4782811
0.23732829501061659,1.288,209.45600000000002,7.869895144971881,132.4,0.20248668583391258,64.509,0.7336146037810347,0.4455261612920127,-0.3186949480756116,0.2694021916804943,-0.9874359919740594,295,c4,187.7347013
0.24805641720106555,1.287,211.229,8.031058457772556,133.02,0.20993562780296054,65.026,0.6669550772766386,0.5030929737227003,-0.33690805161752824,0.26426331211952897,-0.9904167377247868,296,c4,188.9839787
0.24206498345260014,1.471,211.349,8.279995045748919,133.62,0.20846724498548774,64.684,1.180825848468281,0.33858919259856135,-0.36452459610481114,0.26527096251654037,-1.0097245051793569,297,c4,190.2257477
0.216992233872717,1.098,212.056,8.284303205864092,133.37,0.19613687499866742,67.044,0.5304125364507062,0.24442342238860348,-0.33399600902805027,0.28103114345642305,-0.9935470916608375,298,c4,191.4596487
0.2219558721077128,1.274,213.027,8.258583868665237,133.29,0.19835202001437272,65.239,0.7818235395425157,0.3137529499642313,-0.32248680476916647,0.27718450183775,-0.9876976591939357,299,c4,192.685329
0.2170383347323254,1.175,214.32299999999998,8.194118736616705,134.91,0.19239906010733207,64.591,0.7385091519288705,0.36012508269388643,-0.32199578020987385,0.2713798391292331,-0.973798720630195,300,c4,193.9024428
0.21011743133413127,1.185,210.80200000000002,8.069010440705808,133.03,0.18653725309967273,65.675,0.6675487548038115,0.2800675653191189,-0.3030753632825425,0.2759452853087572,-0.9704160344938355,301,c4,195.1106513
0.21292089269472844,1.088,209.52,8.069229048610524,132.52,0.1898354900688174,66.089,0.5578245613415227,0.2919208576129595,-0.31274137256711665,0.2836145589419443,-0.9738643754941356,302,c4,196.3096231
0.21534901637481077,1.108,207.246,8.186601922287101,130.86,0.19220060052189988,64.82,0.6667695224727117,0.2510418806494359,-0.33802246470961306,0.2792444384175071,-0.9798928005846648,303,c4,197.4990343
0.21902013328591172,1.231,209.105,8.386951625863823,131.82,0.19511918281036195,64.653,0.5648290559500104,0.2867386444809603,-0.34634213756059573,0.2816432010620297,-0.9843413959240848,304,c4,198.6785687
0.21922209159410086,1.096,210.929,8.437531980470897,132.65,0.19665964855777987,67.934,0.5735303483344736,0.26202197797516424,-0.34674526423038055,0.28118082026610786,-0.9902986457307335,305,c4,199.8479179
0.20210514286307277,1.181,206.65099999999998,8.600291267120229,129.14,0.18303443439346423,62.374,0.5874545911339557,0.19611500653480052,-0.36925003681191093,0.286599166597332,-1.0027151570775792,306,c4,201.0067816
0.19547341477021402,1.036,202.548,8.587269383582436,125.24,0.17861585548095962,60.709,0.42130513458108787,0.2055333093902143,-0.38213361746993124,0.2908535599466958,-1.0122621778133967,307,c4,202.1548679
0.1987891977081348,1.103,199.856,8.445763209052272,124.72,0.17963655690920727,62.404,0.4757200707939093,0.1621157590617872,-0.3932150546301907,0.2721548418939583,-0.9989987152621627,308,c4,203.291893
0.1966383971951295,1.127,187.244,8.063638504347047,116.72,0.17253477214220916,55.241,0.5955452947412136,0.256656784453845,-0.4038928495016272,0.26844509444652015,-0.9953672883444034,309,c4,204.417582
0.19639662378755626,0.915,175.93,7.863736293000817,110.26,0.17104247394572028,54.023,0.34248167787125405,0.17461539342163412,-0.39237337943856776,0.28120952095310264,-1.0022795086926333,310,c4,205.5316685
0.19763411480631754,1.11,172.832,7.761746157564473,107.4,0.169914146792842,53.516,0.47580060332595275,0.18744373979609064,-0.3766288920106713,0.2884683595347771,-0.9998548990339655,311,c4,206.6338951
0.19064309772133556,1.009,173.019,7.744599718755177,107.97,0.16648895948504644,54.889,0.43748999980010916,0.15989940716210382,-0.36784020972269316,0.29224623359123164,-1.001184995899403,312,c4,207.7240132
0.18562752903762253,1.028,176.72500000000002,7.79050017668714,109.01,0.1645821865662573,54.108,0.45817085045826467,0.14476135371227317,-0.35381083636611876,0.29771207927490184,-0.9970529467436062,313,c4,208.8017835
0.18396633793176803,1.027,176.43,7.877247952342164,109.36,0.16342535087559315,57.158,0.4483015539300266,0.19279127246239058,-0.34519951153771,0.30149308058545116,-0.9962524675147773,314,c4,209.8669762
0.17943970369213091,1.022,178.724,7.954338877012778,110.19,0.1619188291492097,54.112,0.397219105154214,0.12787063488902373,-0.36412825990325093,0.3011215608902516,-0.9986840714606302,315,c4,210.9193705
0.06221280303654432,0.878,5.965,0.8156997842082002,3.658,0.06276757522335573,5.915,1.1869371135394822,1.120729068564799,5.591367406356348,-0.7639396308785724,-0.38224397946202604,1,c6,62.78864802
0.0744522633452115,0.341,10.818,1.808173620395768,7.369,0.08071039048617054,12.901,0.220374802390658,0.06864844173976081,0.7243863184834605,0.6030533706651613,-0.12224089238382163,2,c6,64.13604296
0.07925225722685664,0.398,13.661000000000001,2.6524188734521985,9.726,0.0956034991413873,19.025,0.3559999266611569,-0.013079196245020075,0.8447071645805853,0.7447741609178442,-0.3642480441494107,3,c6,65.36527295
0.08546521429571093,0.49,15.401,3.0923382566718782,10.755,0.10354354915489225,21.51,0.35350252273510563,-0.02064594376705431,0.784668909102856,0.7715936067302787,-0.4867667903147006,4,c6,66.4868801
0.09080660672855957,0.424,14.343,2.6561715540451285,11.007,0.11095956711125016,22.179,0.10254662761319855,-0.1111382297062331,0.7231215473404133,0.6878668035226122,-0.49958441127575925,5,c6,67.51080822
0.08446084066873562,0.39,15.165,3.2552473750524986,11.757,0.10888968457367326,23.489,0.18568670605843618,-0.03343817620270029,0.7666914039239576,0.7515118946974877,-0.4903353796746188,6,c6,68.44642494
0.0870239711590254,0.383,14.765999999999998,2.9420427472201287,11.168,0.10824590799762465,22.559,0.16515209001585296,-0.031700586080722015,0.6697416276389672,0.7503055593540848,-0.5015850805636388,7,c6,69.30254323
0.08226141731056298,0.367,14.68,3.0662063006645734,11.228,0.10556496152918986,22.464,0.1627105476485866,-0.07747380936317194,0.7076059260013601,0.737246852335971,-0.49757107092953756,8,c6,70.08744241
0.0840903980911429,0.379,19.551000000000002,2.630540299950746,13.571,0.10714790888598139,33.122,0.3342121226795354,-0.01897779606153982,1.3909548376082688,0.927257953384051,-0.3923264290342501,9,c6,70.8088887
0.08224739446995132,0.399,19.168,3.254673396414251,14.152,0.11172974581761182,31.626,0.43304537702300516,-0.16233874305945495,1.3873040063428155,0.9541826924905528,-0.374894796927113,10,c6,71.47415519
0.08335249383514748,0.351,19.262,2.9510260026121347,13.792,0.10882979717926261,32.213,0.3143629481704595,-0.1854670955637614,1.278541648223813,0.9443715091886555,-0.39154989934044027,11,c6,72.09004135
0.08263350053322979,0.416,19.091,3.1559236554082744,13.819,0.11011320029615598,31.165,0.3290233289302491,-0.19898691782136968,1.365133282826866,0.957513936107143,-0.403687040735881,12,c6,74.13432456
0.08346392419156114,0.419,17.250999999999998,2.8126228391661248,12.668,0.11148947417819588,26.342,0.3794415468635375,-0.21513948146662898,0.7285822790606167,0.6838936346758988,-0.375956811759798,13,c6,75.21507024
0.08372761399468909,0.43,17.68,3.289521785611491,13.205,0.1135874162256018,26.531,0.35149545760825474,-0.07931493627144892,0.7512432010491956,0.7335495059990345,-0.4472363708014,14,c6,76.29581591
0.08434093801171977,0.379,19.586,3.341160312836715,14.361,0.11509233853747268,27.242,0.2947803701295548,-0.13747607143941654,0.7990679025144378,0.7310736928871524,-0.4284892427898246,15,c6,77.37656158
0.08474862052022633,0.375,18.448999999999998,3.493496346431376,13.636,0.115739978551238,28.877,0.2640579949353299,-0.21563594707588596,0.8165497051872435,0.744067578529975,-0.45081759384914966,16,c6,78.45730726
0.08350775960761779,0.372,18.529,3.5830818091287826,13.349,0.11621297566611244,28.283,0.28730050583272826,-0.2561273770387933,0.8625879385571937,0.7399531075282035,-0.43706905970866217,17,c6,79.53805293
0.08236872869433905,0.373,18.835,3.727211018644548,13.834,0.11620773690276992,27.99,0.33004920421506734,-0.2456681026785832,0.860011205260506,0.7360757554646776,-0.42569058746360566,18,c6,80.6187986
0.0829032179993097,0.464,17.09,3.0505396042768056,12.378,0.11216908155901494,26.888,0.44329716148581566,-0.2231209471548623,0.6486531449805528,0.7139224492716837,-0.41864834213560975,19,c6,81.69954428
0.08154023431937113,0.491,17.657,3.1838003159081674,13.415,0.11067900518634133,26.931,0.4435968398162542,-0.09745730102985295,0.7271012157029748,0.7246132541794712,-0.4033198592104652,20,c6,82.78028995
0.08775444273139994,0.435,19.067,3.030921834581115,14.496,0.12141809746121521,31.851,0.3580228827916647,-0.017381746597342485,0.9847034790072855,0.7750759775373464,-0.5628860929967616,21,c6,83.61749165
0.08738497055931031,0.398,18.926000000000002,3.548389519164017,14.433,0.12353021740017436,32.562,0.28289359508919887,-0.24067610738131906,1.1393130977762427,0.8273228162548193,-0.5685035313887208,22,c6,84.45469334
0.08636740239659708,0.445,19.232,3.6097494623115804,14.64,0.1243838916804865,31.477,0.3641699462722139,-0.21903261919730133,1.2644432137318313,0.8462466130247517,-0.5669063083218195,23,c6,85.29189504
0.08602851712457156,0.419,19.169,3.772941559598249,14.726,0.1250738532738337,32.047,0.40750186675021727,-0.1553179989333504,1.2949472627146426,0.8516827618505081,-0.578878154641008,24,c6,86.12909673
0.08733676007475547,0.486,20.336000000000002,3.876510612356728,15.723,0.1262714638163632,31.834,0.3870068918546523,-0.10426458654138626,1.336088352449944,0.8629664739368283,-0.581873877403853,25,c6,86.96629843
0.08942516243427909,0.494,19.343,3.9481637786574977,14.726,0.1290658954165477,32.645,0.32637531221098426,-0.1398903652968433,1.3082620457159395,0.8507692463317075,-0.5778985213711136,26,c6,87.80350012
0.09189438856196272,0.553,19.014,4.006251468505916,14.647,0.1311346413910073,33.174,0.2585666216616169,-0.19309266240262168,1.3448785323510508,0.8488439773694947,-0.5904423467011535,27,c6,88.64070181
0.09335016327936169,0.515,20.232,4.084869725817866,15.323,0.13282226848376752,33.569,0.23652330875206662,-0.23074798983608114,1.366494178202057,0.8507263380103024,-0.5850960896177968,28,c6,89.47790351
0.09266397260546519,0.466,19.826,4.092207063443143,15.542,0.13259394035415836,34.876,0.2685177109069077,-0.24866132583748524,1.3934306867490287,0.8510921523629537,-0.5764466548575156,29,c6,90.3151052
0.09173111432002519,0.481,19.91,4.183786227747281,15.0,0.13315793584433755,33.614,0.3542725417078172,-0.20296030256155717,1.436536850357812,0.8560510246915011,-0.5960256765892669,30,c6,91.1523069
0.0881436150204669,0.57,18.968,3.2629718523389406,14.272,0.12270937143595752,31.638,0.26282270413879694,-0.1636484583488107,1.0294625745165158,0.811080938210665,-0.5672325768925264,31,c6,91.98950859
0.08810100506692574,0.445,18.595,3.385058893105544,14.271,0.1225012007376884,32.233,0.24044105600010335,-0.2291776932675602,1.0671311857023076,0.8137117458840198,-0.5718170999732521,32,c6,92.82671029
0.08918701531759485,0.667,21.538,3.2838993776028147,16.844,0.12836604466919677,32.508,0.551845009540894,-0.1302007972585293,1.6070992379531557,0.8469103165783453,0.19643011259160525,33,c6,93.25202035
0.09301493840212734,0.507,20.915,3.755934943423108,16.896,0.1331386153282903,32.798,0.302358380371448,-0.24272052212279238,1.662982320034927,0.8950423432501216,0.15589587987612497,34,c6,93.67733042
0.09275082487966466,0.506,21.076,3.891302177456544,16.112,0.13396373105456694,33.363,0.28129460590292155,-0.2784080151220416,1.7429389969542752,0.9040648723201872,0.1599647768246215,35,c6,94.10264048
0.09075290010361428,0.511,20.374000000000002,3.9223895384952683,16.373,0.13381270417269497,33.539,0.33922043021094916,-0.28482110631837054,1.643982271789569,0.8763575281253445,0.12801337082172326,36,c6,94.52795055
0.09025904656050739,0.499,20.656,4.011060645909528,16.34,0.1331200671522895,34.973,0.3958902396015538,-0.2177843256343306,1.7429236627822169,0.8932614795276975,0.10931529659863726,37,c6,94.95326061
0.09062031847441784,0.495,21.427999999999997,4.098708308890072,17.423,0.13444289005575177,35.483,0.4386655388851688,-0.14009568994460553,1.7866525179098494,0.9032324792378681,0.08507670651911425,38,c6,95.37857068
0.09262293989932574,0.47,21.185000000000002,4.110948840326023,16.576,0.13576920052770675,35.469,0.43062503833597177,-0.146625473093549,1.7959917344833514,0.8965388712170053,0.07083636213633593,39,c6,95.80388075
0.09518994494675578,0.552,21.313,4.166919819311124,16.563,0.1378323937947962,35.099,0.4356036644765182,-0.15558939250970383,1.8003359617624142,0.8952708569443176,0.05570668325351358,40,c6,96.22919081
0.09440092874897964,0.532,20.718999999999998,4.247334643907428,16.682,0.13792176928909386,34.072,0.3576696004983324,-0.2337933377102135,1.8041489326658908,0.8980041864846212,0.03667678412974906,41,c6,96.65450088
0.09415420121621892,0.529,21.802999999999997,4.350896210090902,17.432,0.13925852359103444,35.65,0.42559028387209974,-0.2615712111836226,1.826176101677441,0.8981937294157284,0.004464341675284089,42,c6,97.07981094
0.09285872370875439,0.598,21.667,4.430361535791915,17.12,0.13852922960669356,34.586,0.4695616625626844,-0.21891168856812282,1.8622328296398205,0.9032466063836616,0.009393219006205822,43,c6,97.50512101
0.09298097885459962,0.535,22.607999999999997,4.475577071743784,17.862,0.13912633736796823,36.558,0.544999145507977,-0.13802502532840233,1.9163179798475696,0.9065748728543461,-0.021270852624053038,44,c6,97.93043107
0.09546746011249924,0.639,22.467,4.550471707501906,17.705,0.14113921033990434,36.825,0.5571393207363449,-0.09905441959464856,1.9254364235945642,0.9070033889233395,-0.047868034173621954,45,c6,98.35574114
0.09703098541957243,0.51,21.655,4.6343842886020274,17.018,0.14331271016090624,36.227,0.4097579693262716,-0.1274730176924006,1.9178014871852689,0.9077572869767139,-0.07849888874508038,46,c6,98.7810512
0.09062734264932268,0.448,19.957,3.4898790420528742,15.802,0.13029693355826993,32.309,0.4220304710538576,-0.15808402451469705,1.6283093874819983,0.8987172284548746,0.19803073146239747,47,c6,99.20636127
0.09867289756883812,0.581,21.461,4.691880872161503,17.025,0.1432832741765866,35.459,0.44536863268461024,-0.1687934463662062,1.9366924240577879,0.9113055428051584,-0.12114920285255781,48,c6,99.63167133
0.09832373020065988,0.63,22.088,4.722468667847233,17.629,0.14391082295093022,35.927,0.44964098777783335,-0.20242103260693778,1.9556695318559587,0.9046643694242561,-0.1322990561699533,49,c6,100.0569814
0.09752540831780815,0.554,21.741999999999997,4.797632696565103,17.237,0.14390288060483025,35.221,0.584234188148598,-0.18665605140781416,1.9937072107836595,0.9013699387167146,-0.1608183321926817,50,c6,100.4822915
0.09713420401641863,0.561,21.843999999999998,4.854754322148386,17.441,0.1444950952335389,35.901,0.6526359528372176,-0.14960433171888976,1.9483645090717294,0.9034937487852723,-0.16727486229659938,51,c6,100.9076015
0.09845570687479298,0.583,22.421,4.920153193353226,18.079,0.14521061700512577,36.737,0.7409811453523649,-0.06426887619683308,1.9914955752261045,0.9107285960585702,-0.1984912442943374,52,c6,101.3329116
0.1011965048231752,0.63,22.858999999999998,4.960854593571052,17.604,0.14774522970894297,35.972,0.7164812781609915,-0.04924508209316025,1.9668035451293795,0.8957514565856887,-0.2312245283647245,53,c6,101.7582217
0.10223028724626623,0.597,22.909999999999997,4.939810325707479,18.124,0.14828030058561636,36.786,0.7095804722205901,-0.11981953510255972,1.9890438982411522,0.9043023096521774,-0.24956095182667992,54,c6,102.1835317
0.10204323343832178,0.594,22.828,5.039988036060709,18.127,0.1494234483247705,37.567,0.5849691028569817,-0.17573418738844637,2.0537500515711926,0.9111606635731976,-0.2715665077251854,55,c6,102.6088418
0.10044851775226732,0.526,23.399,5.0870535939959405,18.221,0.1485697283517885,37.861,0.6172019404181963,-0.18638342941311414,2.0937805991864558,0.9309362430759719,-0.27335076327900376,56,c6,103.0341519
0.09914924517206933,0.558,23.344,5.151431233953678,18.348,0.14996119201976585,36.394,0.6699858079660448,-0.16429525019709512,2.1137404104551383,0.9286530159302244,-0.2998914757293063,57,c6,103.4594619
0.09266377602095674,0.509,20.732,3.647755217470761,16.02,0.13241464482086573,31.817,0.3675137189404176,-0.16880096092467323,1.6679060007368323,0.8990334031684463,0.16974532859970015,58,c6,103.884772
0.10109513354923838,0.654,23.081999999999997,5.228643180552639,18.708,0.15166708945343085,37.482,0.7261300074456378,-0.09492965915161333,2.0775504919167878,0.9152334837310465,-0.32398960044039526,59,c6,104.3100821
0.1030197907656661,0.588,23.669999999999998,5.303351667708652,18.732,0.15419910236122072,37.005,0.6104792395965628,-0.10113272081796465,2.001175366080864,0.9074449302401971,-0.3609372830421642,60,c6,104.7353921
0.10524028029566358,0.619,24.769000000000002,5.376535227143086,18.861,0.15587664237924723,38.666,0.5730619605466551,-0.15906250043891568,2.091024969162893,0.9182519797605152,-0.36506908542024163,61,c6,105.1607022
0.10419529185108171,0.592,22.979000000000003,5.436750652622357,18.452,0.15615117230690997,38.76,0.5119693445820288,-0.22223369528754544,2.0631644175162522,0.9177050048822488,-0.39217564434742824,62,c6,105.5860122
0.10432747400380503,0.752,24.075000000000003,5.5116241849896666,18.658,0.15685303796786113,38.702,0.7718492508017034,-0.1857463809743165,2.10359998039819,0.9180482467040507,-0.418178528135547,63,c6,106.0113223
0.10369544947890573,0.693,24.311,5.562550085780512,18.802,0.1571847976557416,37.588,0.9165083143170873,-0.15653434250838094,2.159636477623513,0.9267649928932639,-0.43097254913512995,64,c6,106.4366324
0.10240110579732707,0.707,22.570999999999998,3.6743988561272385,17.272,0.15672724398550333,35.861,0.700471868111511,-0.03271510298543001,1.4350194600108876,0.7220108924567706,-0.6205912592553391,65,c6,106.4907197
0.10686190305774357,0.548,23.079,4.034998240046689,17.491,0.16456983146090703,33.546,0.4570431807200026,-0.24031231777300555,1.4694735740236533,0.7664414610158135,-0.7296827621149289,66,c6,106.5448071
0.1054796761342187,0.676,22.817,4.151325499069379,16.852,0.16302618289318663,33.814,0.5303531637244046,-0.23704235179557642,1.5193668926873354,0.7646189456902085,-0.7337828416584928,67,c6,106.5988945
0.10473697680356701,0.614,23.221999999999998,4.317199160154291,17.47,0.16404312123981854,34.211,0.5599479915566006,-0.21249708342378337,1.5721140905480473,0.7775411574121218,-0.7568775215012167,68,c6,106.6529819
0.10546417404025356,0.65,23.546,4.391915484088814,17.695,0.16529897801609378,35.273,0.6538240251207754,-0.13728597227846917,1.5895339123606034,0.7792684388652441,-0.7624054758155867,69,c6,106.7070692
0.10779764985953837,0.687,23.669,4.47146541213163,17.884,0.1673954885152504,36.415,0.6636809880283634,-0.11010991329512043,1.638882094137653,0.7804855477208275,-0.773259503236873,70,c6,106.7611566
0.10741077556305671,0.753,23.672,4.520383257782358,17.732,0.16732118874732485,35.009,0.6826313586296671,-0.1503890586763128,1.693943864562872,0.7971299918100867,-0.786149215845684,71,c6,106.8304699
0.10875257370731052,0.569,23.872,4.586235511145974,18.18,0.17020301669867796,36.213,0.4505229090503686,-0.2156437661897499,1.7580907559951129,0.8062580496253149,-0.7960773148172628,72,c6,107.4013983
0.10786691730162846,0.746,24.531999999999996,4.6419489618114484,18.272,0.16857439554146533,36.353,0.5883230522557157,-0.19327507139759126,1.7725905141370673,0.8058252688113331,-0.8038720502762557,73,c6,107.9568315
0.10648866919935054,0.704,26.034000000000002,4.745968435938962,18.536,0.16963282116007744,36.208,0.6480215927053616,-0.18664064017043014,1.772222054833434,0.7970915997250037,-0.8051416752291027,74,c6,108.4961893
0.10743769788541095,0.605,25.633,4.783725111502293,19.855,0.1706665644680186,37.175,0.7492625438845,-0.09793128196493761,1.8280153243792796,0.8098463169501066,-0.8074425219697252,75,c6,109.0189324
0.10575379196107292,0.611,22.33,3.868651916085448,17.115,0.16137516282153122,34.303,0.5471578998792008,-0.14835681686924085,1.5044431364988746,0.7828974652150823,-0.6762371075645777,76,c6,109.524563
0.1085878267101927,0.717,25.73,4.826391852574743,18.735,0.17101040918230007,36.164,0.6504751104755568,-0.09728645206245368,1.8413865628114028,0.8094576230086097,-0.8131511894403003,77,c6,110.0126251
0.11172367096152519,0.715,25.101000000000003,4.895883395803125,18.795,0.17428264229597742,36.504,0.6333170991552679,-0.14102685694460781,1.891001203215362,0.8111364990257598,-0.8223030092807582,78,c6,110.4827052
0.11026797322792208,0.706,26.318,4.98948816520831,19.484,0.1740609396270573,36.606,0.590604176208025,-0.1499727126809649,1.8860031988423476,0.8060762964092069,-0.8262263715482026,79,c6,110.9344325
0.10878030711785425,0.579,25.596,4.997275532904214,19.392,0.17403352383406456,36.758,0.5992547194994531,-0.21921916320842172,1.8986792400651806,0.798877695381683,-0.8367868697446394,80,c6,111.3674791
0.10881937999965112,0.664,26.233,5.058436044363136,19.628,0.17410348298620335,37.596,0.7604471251091476,-0.19178204535464527,1.9496928800462747,0.805754382123609,-0.8288377219688501,81,c6,111.7815604
0.10920295429216162,0.725,26.347,5.106612253921082,19.314,0.17485234854942505,37.614,1.003742728659172,-0.11463013498811758,1.8573420604081532,0.7948555647379688,-0.8387778099040228,82,c6,112.1764343
0.10944163931123381,0.575,27.405,5.16200862013949,20.043,0.17601940341810593,37.173,0.7621012709929906,-0.12450454443327219,1.9619903411398347,0.7973704753665797,-0.8383665819425135,83,c6,112.5519021
0.11198477185212324,0.663,27.06,5.288674831947135,20.394,0.17859653530124162,37.313,0.7548955667773725,-0.142141571939852,1.9642328908583515,0.8027451943691585,-0.8480982686747254,84,c6,112.9078077
0.11387350329154124,0.629,28.227999999999998,5.338397353677979,21.258,0.17994141020454738,38.715,0.6520975636910409,-0.1579168656868264,2.029839143272703,0.8127976503271224,-0.84751483235768,85,c6,113.2440373
0.11087512189659741,0.666,27.925,5.421854508326905,20.799,0.17848424820878384,41.128,0.6598150018003608,-0.1945729765696833,2.058877202249781,0.8214948886902083,-0.8607654111365588,86,c6,113.5605194
0.10626525626633687,0.673,22.560000000000002,3.9670986349244,17.137,0.16298590304484317,34.699,0.47321496249877404,-0.19288448385206491,1.5252922394119048,0.7873905901187437,-0.7015979991603118,87,c6,113.8572241
0.11175869944037924,0.71,28.948999999999998,5.49041857814893,21.208,0.1808618680977529,38.567,0.7693222269413584,-0.18853748176973228,2.042311241623123,0.8127979706379759,-0.8573011643840807,88,c6,114.1341627
0.1133256405129711,0.793,28.954,5.519642401748713,21.472,0.18242501878222223,38.792,0.750310791647463,-0.1792076155991249,2.015357643366615,0.8101840784885967,-0.8634847694818957,89,c6,114.391387
0.11669725238254032,0.8,30.397000000000002,5.597968346423727,21.658,0.18536173699646072,38.75,0.798923567254965,-0.13543033291643214,2.060346465545222,0.8017905021218885,-0.8653589771578671,90,c6,114.6289887
0.11895748562756048,0.721,29.612000000000002,5.648580314845856,22.271,0.18716837844327425,37.547,0.7457491047729179,-0.14313601330597914,2.008833938794745,0.800846623362411,-0.8744926643499205,91,c6,114.8470987
0.11837061553809632,0.67,29.892,5.689724665235052,22.015,0.18634016280478338,38.357,0.6375940511984508,-0.17101389667576283,2.044597839441855,0.8024675350444832,-0.8818330168835105,92,c6,115.0458861
0.11682649422913391,0.926,30.094,5.757118888133987,22.324,0.18564426494446265,38.526,0.7657000797613831,-0.2257635782469145,2.078560750551583,0.8067432430354539,-0.879415124113121,93,c6,115.2255578
0.11713355575968751,0.862,31.08,5.834170634667444,22.712,0.1875877179936015,40.845,0.8123824960443473,-0.199910338733424,2.1323424644335365,0.8169187840069306,-0.892753567000832,94,c6,115.386357
0.12050096766280255,0.717,31.65,5.881317457497404,23.56,0.19076310955123088,41.713,0.8850002056645807,-0.13304862884867186,2.1580612622467763,0.8305149917758603,-0.8908484674255277,95,c6,115.5285627
0.12030551181384622,0.651,32.01,5.965347491966545,23.615,0.19191868040355434,39.012,0.67148390914612,-0.14106684869653874,2.127376843872913,0.8207677784569951,-0.8954876065601551,96,c6,115.6524886
0.11822163535412701,0.902,31.912,4.1687722546827395,22.706,0.18420161471616725,37.234,1.0811890586014155,0.020346946166863056,2.043710801091713,0.7565156614182211,-0.8966577099523017,97,c6,115.7584818
0.12047855364892227,0.777,32.731,4.6139616497928175,23.755,0.1891698684813671,40.175,0.7647162237677394,-0.05266238976769211,2.0673906993526963,0.7743944134212674,-0.9249566592123823,98,c6,115.8469217
0.12445814893087413,0.805,33.246,4.642160799303844,23.207,0.19341802002238193,37.19,0.9059420502701756,-0.05821354138556689,2.1027764490516594,0.7774510835089312,-0.9213559848487267,99,c6,115.9182194
0.12526363652042746,0.832,34.642,4.755873837503361,24.347,0.19493382739391651,39.697,0.9603077902816581,-0.09019845785087899,2.0773841432782945,0.7652220830082167,-0.927547443566294,100,c6,115.9728158
0.12521361607296033,0.891,33.884,4.8447805052506885,24.376,0.19551154318405026,39.834,1.0922806747487783,-0.07338169022126761,2.127104474231219,0.7849329893589695,-0.9162301391016778,101,c6,116.0111807
0.12500392542570504,0.824,34.785,4.958096288057327,25.044,0.19595774429909613,38.873,1.066019030206034,-0.061082107591160284,2.0864172818437323,0.783158040787419,-0.927938202459329,102,c6,116.0338116
0.12729243901144965,0.957,33.803,5.024223749037196,24.676,0.1981868477298102,39.082,1.1421861406322993,-0.021823701238111504,2.111361681158412,0.7888993113685518,-0.9237602404695262,103,c6,116.0412323
0.12999801708177966,0.972,34.953,5.084299969011466,25.023,0.20111514124088206,38.923,1.0286901645441482,-0.014034149667784046,2.119841996725331,0.7874942839176249,-0.9229901067625792,104,c6,116.0412323
0.1293458343965566,0.983,35.236000000000004,5.1430915495204035,25.446,0.200228955844412,40.082,0.9322968881401894,-0.09508197486614911,2.2256662128926195,0.8023169155951255,-0.9161704429517874,105,c6,116.0412323
0.13152779135851375,0.985,35.545,5.209820838592957,25.71,0.2042812301299482,40.786,1.1137966637307732,-0.05602270052523162,2.1540651113077365,0.7846659036316561,-0.9294833175493018,106,c6,116.0412323
0.1275279690703671,0.891,36.809,5.27205608669103,25.952,0.2012213027025326,38.957,1.112694416690828,-0.05614228539322852,2.230798411387572,0.7928885797943094,-0.921275764890817,107,c6,116.0412323
0.11750800533367374,0.923,32.065,4.363278429031111,23.05,0.1858132792239705,38.426,1.129119891893108,0.033172733048735026,2.128315576407208,0.8017887091054275,-0.9132756549655054,108,c6,116.0412323
0.129759588547276,0.973,36.33,5.323890535133214,26.036,0.20452289756351932,40.104,1.3864066462276963,-0.019754527432964242,2.1386468487172277,0.7817621017384071,-0.9302256671556006,109,c6,116.0412323
0.13181371919575283,1.129,36.731,5.388664861639916,26.328,0.20464932093003801,38.769,1.0832961853196732,-0.020961924786490282,2.1669754770816168,0.7948190362793803,-0.9279514218036202,110,c6,116.0412323
0.13622527500652878,0.92,37.26,5.460110964976154,26.796,0.21081492277714398,42.69,1.0315658003853443,-0.04095082836249997,2.1583863195263744,0.7767616783759139,-0.9387358210580476,111,c6,116.0412323
0.13640300289519897,1.039,38.058,5.510561573844481,27.46,0.20987784029504886,40.855,1.2866082996356134,0.0169016931809427,2.2614094057676617,0.8090677256333862,-0.937439698685246,112,c6,116.0412323
0.1377800506819393,1.074,38.037,5.605298885862387,27.259,0.2128583484646461,42.392,1.0968072558653015,-0.12702860315385234,2.224549829794915,0.7962071682444929,-0.9429165578948244,113,c6,116.0412323
0.13803263492954007,0.949,39.301,5.628222344155548,27.609,0.21445258302791512,40.38,1.1596135606492597,-0.04984682072703661,2.1924969011969315,0.7825263474568821,-0.9488590038656834,114,c6,116.0412323
0.13742405244892636,1.109,40.024,5.700755345376103,28.765,0.21332996167444465,40.634,1.2597846509872452,-0.014775283110691095,2.1564755650071836,0.7838971347517679,-0.9486219381567267,115,c6,116.0412323
0.13709107728818853,0.775,39.346999999999994,5.770239634807625,28.455,0.21364803008507688,39.7,1.0397694307128216,-0.11554524209174533,2.0658512888720546,0.7651163420586872,-0.9553761837664836,116,c6,116.0412323
0.14348664889404444,0.993,39.946,5.860809902253413,28.697,0.2200167872630971,41.716,1.0976917151931822,-0.07565586686364068,2.091875475023997,0.7668626476769235,-0.9605601637299932,117,c6,116.0412323
0.1446558098902882,0.943,40.0,5.898879397556899,28.41,0.2201881021687934,40.092,1.202010592466154,-0.05805297712363755,2.0982704434743873,0.7663197498847604,-0.9595858195811968,118,c6,116.0412323
0.12002658932333404,0.877,31.031,4.472156793376674,22.127,0.18858025143188398,38.005,0.8825903313362757,-0.006924222737046293,2.0841839556583084,0.7886172912436031,-0.9192380256439727,119,c6,116.0412323
0.14652915587872212,1.097,41.703,5.941328836815975,30.373,0.22291676539660402,41.222,1.30945267429028,-0.05287320921922234,2.1078786456572347,0.7692147359091263,-0.9608755981568144,120,c6,116.0412323
0.14291877924818805,1.071,41.668,5.934236974843425,29.872,0.2194184314242328,42.757,1.2925324922819508,-0.06513363788582405,2.155178680525518,0.7844912190575518,-0.9594632180629397,121,c6,116.0412323
0.14763112808820236,1.221,41.538,6.015118705756949,30.04,0.22454261505492146,40.484,1.3425828023216653,0.04947134036950063,2.152706829137787,0.7791590696388202,-0.9645714277817965,122,c6,116.0412323
0.15128406990949003,1.229,41.717,6.069754884862505,30.411,0.2289927290221705,42.032,1.4183128768956452,-0.025741491745863154,2.0975738823387706,0.7714162264275457,-0.9650689608623519,123,c6,116.0412323
0.14742901931973476,1.099,42.797,6.16558624607456,30.435,0.2255051749810031,40.464,1.2645998438087922,0.021409127734893563,2.1367274498644395,0.7724949720433553,-0.9612663961629409,124,c6,116.0412323
0.15120471449903758,1.117,43.857,6.233675493016639,31.781,0.2293425010875181,42.399,1.2709447644172718,-0.06841810199379639,2.127029332174466,0.7728445030266852,-0.9603206356377951,125,c6,116.0412323
0.14921077319421905,1.266,43.591,6.267771287457421,31.207,0.22764214775660688,40.604,1.4118005350773037,-0.012409474110225194,2.100493633559142,0.7631346033862658,-0.9593341826499993,126,c6,116.0412323
0.15085996197660087,1.166,44.263999999999996,6.273415486041647,32.238,0.22716267277948696,41.982,1.6256955366175632,0.025522288394677073,2.1408528150605175,0.7741846184280741,-0.9596606561374355,127,c6,116.0412323
0.14863506637645443,1.474,44.181,6.338069434137502,31.521,0.22499942128897732,41.719,1.5993377564959008,0.0977969101652203,2.1394555267887867,0.7744507598899373,-0.9621797199846549,128,c6,116.0412323
0.14046759793079383,1.104,44.586,4.629160475027707,31.021,0.21642242308660967,38.861,0.9716791220092333,0.06488736805680473,1.7451874091819413,0.645510337662165,-0.9500032626570989,129,c6,116.0603334
0.14650667025820327,0.988,45.571,5.024231916595467,32.141,0.22475439654275164,42.22,1.100040061703539,0.10091591358225882,1.9985663210069209,0.7157696115847825,-0.9349631717865883,130,c6,116.2732426
0.14922830472064372,1.014,46.263,5.126006535858593,32.568,0.2277267074900501,40.795,1.1486173933527386,0.00025356701475409693,1.9033257076830363,0.7015665391842981,-0.9339797250366524,131,c6,116.4861517
0.14986061834782968,1.104,47.69,5.281087718898731,33.285,0.22863168067327222,45.058,1.0412276411699741,0.0329543472111502,1.8882170314208526,0.6971944285773853,-0.9342676771443283,132,c6,116.6990608
0.1534284583319544,1.123,48.296,5.38471783644325,33.931,0.23185296722968018,41.726,0.99894666787766,0.0374669081349821,1.905433783703673,0.7056206282823771,-0.9266836934997866,133,c6,116.9119699
0.15508012001026214,1.081,48.615,5.44309099788303,34.481,0.23298757528687722,42.137,1.159146029838924,0.05045531762166888,1.8765248590613899,0.6985301573314432,-0.9245752166362853,134,c6,117.1248791
0.15440189763049028,1.169,50.09,5.528127302810517,34.701,0.23356376120306532,42.96,1.301409672230042,0.14524674120550962,1.9916142510716712,0.7210256271343175,-0.9219133055044972,135,c6,117.3377882
0.15497889976636978,1.088,49.821,5.629435311341365,35.314,0.2349589156680262,43.531,1.1880059396944516,0.18550410190651156,1.9763332542652234,0.7168481603132952,-0.9229357063626957,136,c6,117.5506973
0.15335122718700253,1.255,49.853,5.732176595347653,35.497,0.23416308850930342,42.896,1.0236309488133362,0.11522093315586224,1.909066083089165,0.7018888969445433,-0.9243064677512893,137,c6,117.7636065
0.15827065648768346,0.936,50.096,5.738551965709963,35.724,0.23875898376397417,43.682,1.0158327502716018,0.14063271853317616,1.83049788525991,0.6746507749592988,-0.9258235702667572,138,c6,117.9765156
0.1595674686372777,1.032,51.999,5.842146362232978,36.68,0.24105553824479758,42.011,0.9756615596381106,0.17274006291978816,1.8942825472993858,0.702730739015327,-0.9185705914940665,139,c6,118.1894247
0.14159861240713026,0.951,45.195,4.8144306371646834,32.134,0.21997192508053065,42.267,1.0293140387723971,0.015206132219299118,1.953899702163218,0.7244516492799211,-0.9380317477912525,140,c6,118.4023338
0.15823739677466894,1.188,52.664,5.9309453683549025,36.986,0.24035344437459585,43.697,1.0853830531032296,0.16485102048143352,1.8360648067259842,0.6861898157600681,-0.9209701253353781,141,c6,118.615243
0.1568472203637533,1.162,52.846,6.002442784213448,38.08,0.24043248470735215,42.287,1.0965656781679662,0.16555019633244905,1.8572596504080225,0.6959250764743401,-0.9114978652960866,142,c6,118.8281521
0.158453585923053,1.098,53.673,6.056794902659048,37.772,0.2426473284837483,45.269,1.1669094942530807,0.1716842137843284,1.8350571149791906,0.6921917908746852,-0.9120042333069884,143,c6,119.0410612
0.1619288211009325,1.107,53.694,6.125025130994743,38.255,0.2457217220284649,44.109,1.2041251042542704,0.13363950097592792,1.729998230350299,0.6681417842141567,-0.9141931083898349,144,c6,119.2539704
0.16331268022640855,1.078,54.53,6.208032938936489,38.594,0.24723998290370597,43.545,1.177188912058372,0.2415620822537119,1.8329321360059208,0.6939765728409809,-0.9127333245820815,145,c6,119.4668795
0.1637934868378976,1.548,55.971000000000004,6.2198452242421505,39.871,0.24879818369215087,46.108,1.0643313681569762,0.32110769566717945,1.8754484613144715,0.6972457852363043,-0.913170513726604,146,c6,119.6797886
0.16817527164749535,1.117,56.058,6.302322506642002,39.549,0.250804955876416,45.148,1.299694791962681,0.2515767783864544,1.8417965806184453,0.6969701517646323,-0.9204443381331866,147,c6,119.8926977
0.1645948322322166,1.117,56.263999999999996,6.388205131860299,39.875,0.24911400682707582,43.601,1.063151286491828,0.1978322531928396,1.698573148862578,0.6665805238072398,-0.9320772157321997,148,c6,120.1056069
0.1649924053427014,1.269,56.327999999999996,6.396263691508194,40.41,0.24981419453004317,44.78,1.2292992065429162,0.2215201800667863,1.7036154782864656,0.6802857051703369,-0.9256953056416415,149,c6,120.318516
0.1449142592003978,1.102,45.535,4.907556125969099,32.086,0.22364598071887037,41.076,1.1920206704561513,0.03770773502281388,1.89881735806809,0.7158783169788209,-0.9365391570075694,150,c6,120.5314251
0.16833629952346374,1.1,56.646,6.48720771728192,40.492,0.2522149356953579,42.996,1.1181120141649181,0.3265119289365144,1.6090355767190543,0.6711619720406166,-0.9326782461970402,151,c6,120.7443343
0.16921914733974247,1.255,58.194,6.592460665768292,41.47,0.2539111020946451,45.51,1.263725629262396,0.2420774328866555,1.611457581608069,0.6669989060300149,-0.9339372568800024,152,c6,120.9572434
0.17357577216320103,1.105,58.004,6.624887156130442,40.684,0.2576525347475576,45.142,1.160065891081218,0.2618706305370826,1.5939737007144528,0.6605563720120576,-0.9341710757425776,153,c6,121.1701525
0.1711447938482673,1.181,57.887,6.670559791917205,41.105,0.2570039100320894,48.418,1.1497680141864475,0.28241752659402497,1.5636282905526722,0.6598798526754243,-0.9340210054574474,154,c6,121.3830616
0.1711670409032388,1.227,58.69499999999999,6.750866719497922,41.864,0.2594742154585603,45.839,1.206137748087409,0.35493638947779793,1.61394549129266,0.6656531712227746,-0.929695004283233,155,c6,121.5959708
0.17045889413021673,1.066,59.887,6.852290380447651,42.406,0.2595056891887334,45.787,1.0836000703929392,0.38466314515578715,1.5750795982262238,0.662911811759977,-0.9304060082532599,156,c6,121.8088799
0.17160792276933445,1.261,59.347,6.914376352800304,42.133,0.2614653711622379,43.779,1.0766293839881609,0.4044624735101183,1.5092842275764147,0.6474225875619207,-0.9232336009273454,157,c6,122.021789
0.17485699533291196,1.288,62.594,7.0515728962305815,43.881,0.26903035369516787,46.577,1.090588457683329,0.4607877961646669,1.508796847532043,0.6466462737378444,-0.922469186739483,158,c6,122.2346982
0.1744827515907986,1.373,62.221999999999994,7.190282000746478,44.086,0.26944805473935257,46.375,1.123677381062909,0.3848631536278928,1.5348680581792173,0.6476405192190738,-0.9231824276403557,159,c6,122.4476073
0.16802374190425012,1.161,64.017,7.346567063150658,45.079,0.2657572369175211,47.424,1.099597937591012,0.35937403432377657,1.4200565865063286,0.6308784283977683,-0.9256795304273449,160,c6,122.6605164
0.1719712851698851,1.095,56.642,4.975403821291999,40.786,0.2476731478243738,38.398,1.2242257316766318,0.34238799895229244,1.0613269508445997,0.4982225021714985,-0.9771475100336335,161,c6,122.9007941
0.17622922052607112,1.243,61.926,5.525989102181839,44.713,0.26038549163981867,44.036,1.2818358649022832,0.3728372289637272,1.245917394555323,0.5436700627236859,-0.9558612349237534,162,c6,123.1410717
0.17021149649977235,1.225,63.879000000000005,5.615336868196221,46.459,0.2574103343896802,41.869,1.3844484313578516,0.4380209236237156,1.2405491488151137,0.5480731450635979,-0.9434840503796771,163,c6,123.3813494
0.18145100645931034,1.195,63.384,5.692797244031842,46.024,0.2655438933177554,44.739,1.274178009305218,0.4347147899020114,1.1735157452069505,0.5374674801803807,-0.9538591409252555,164,c6,123.6216271
0.18111249222957687,1.129,63.306,5.824867172374393,45.461,0.26366304552909064,41.372,1.243002711114955,0.40510360219154284,1.1205372452860107,0.5337309549811888,-0.9505036859323712,165,c6,123.8619047
0.1906025032199869,1.331,64.569,5.856317870632674,46.314,0.271621360159154,43.898,1.3400952791630685,0.3557151398139191,1.2218949991299617,0.5448217794137272,-0.9450747341647507,166,c6,124.1021824
0.18893563651986897,1.206,63.160000000000004,5.852179520358869,45.578,0.26895331600381117,43.446,1.1495004177000494,0.38198457202732694,1.1599004443850998,0.5309805421096386,-0.9494752358831064,167,c6,124.34246
0.19092484228696896,1.344,64.439,5.939074010687397,46.138,0.27140729858383683,41.93,1.3045352432273667,0.4684043164470144,1.1856426817357395,0.5367965706769269,-0.9471852358609247,168,c6,124.5827377
0.19475209024958792,1.354,66.247,5.995638573265788,46.862,0.2752006630887579,42.616,1.2095979415031541,0.4880343434999852,1.1749559955892943,0.53280016560335,-0.954268127571472,169,c6,124.8230154
0.19387700842352518,1.226,66.23400000000001,5.966373410326089,47.127,0.2728147175986467,43.389,1.3607884155007142,0.5894491287348158,1.1573882356531593,0.5395329657587845,-0.9375584833318249,170,c6,125.063293
0.1941751023443585,1.373,66.584,5.9985963616829485,47.528,0.2734619752350769,42.107,1.1831167754092373,0.5059209466181138,1.1423933715188923,0.5348857203295807,-0.9420345634310281,171,c6,125.3035707
0.16959993845637666,1.302,61.326,5.357875372027196,43.152,0.2526101760048725,40.78,1.326902030589019,0.3118059647081566,1.3206265835421052,0.546869579468072,-0.9647454775611357,172,c6,125.5438483
0.1934879813143722,1.261,67.847,6.088029181701939,48.61,0.2739861606989113,44.204,1.2381067577775102,0.4826214946098224,1.1212727196321266,0.5308061439155702,-0.9409423981248239,173,c6,125.784126
0.19625515473292707,1.309,68.603,6.081286264488289,48.982,0.27365759721562866,45.371,1.2973507612734503,0.6114616351328284,1.084279642934824,0.5255837044640108,-0.9382503371322701,174,c6,126.0244037
0.19621224738562673,1.176,69.28999999999999,6.195866179450402,49.25,0.276131521601451,43.667,1.2785048247198603,0.5619975522609648,1.078811147151825,0.5338753170333983,-0.9404550178440663,175,c6,126.2646813
0.1955913816031192,1.371,70.039,6.2702551464496095,50.053,0.27712222024562244,42.917,1.2300130756400325,0.5647895538755954,1.049155283124784,0.5312909172519638,-0.9367387126071924,176,c6,126.504959
0.2010221599402587,1.284,70.211,6.3420853543077715,49.951,0.28250282376981106,43.138,1.1949337229788606,0.5202190818256702,0.9991066106956001,0.5334019423733648,-0.9367476418658387,177,c6,126.7452367
0.20265733826072863,1.547,70.663,6.400881258251012,51.297,0.2831444723641225,42.268,1.1373665786261196,0.6060033348209162,1.0134019689139366,0.5405559781897895,-0.9347671697468551,178,c6,126.9855143
0.2031636362782828,1.358,71.743,6.471295045639454,51.377,0.2857623182882939,43.462,1.1839030623369977,0.5760186040534521,0.9521300489187978,0.5304016335900168,-0.933684046547866,179,c6,127.225792
0.19884712590935447,1.31,71.526,6.537334359053727,51.576,0.2828575869454686,46.305,1.1713604965362334,0.4966870112246662,0.941513685699944,0.5293253195284697,-0.9405012008936322,180,c6,127.4660696
0.20295586948608718,1.325,72.737,6.618157163929053,52.493,0.2895378649387561,43.743,1.1734366826409053,0.6894405346662098,0.903198689092148,0.5193695341713938,-0.9406205049147873,181,c6,127.7063473
0.20297006118443583,1.436,73.38,6.661535666977717,52.712,0.28801595990557904,44.602,1.1843613327756186,0.5748486562500297,0.9098674737696233,0.5223969913713599,-0.944464760932286,182,c6,127.946625
0.17591676273282278,1.19,61.474999999999994,5.400593804319141,44.413,0.2594555115665001,42.037,1.4217645059694481,0.3712346179448489,1.3490459796711143,0.5610028881401095,-0.9539744260481604,183,c6,128.1869026
0.20093949988713558,1.22,74.999,6.7538904697729905,53.777,0.28806267324891704,44.892,1.1855232466917256,0.5238370356542239,0.8460766884090094,0.5069765021630969,-0.9489405229648735,184,c6,128.4271803
0.20383093453242218,1.272,76.304,6.81238435168197,54.085,0.28917059961377717,44.706,1.2256380546576047,0.5530636630775598,0.8559257895050165,0.5159634679077908,-0.9490037335827437,185,c6,128.6674579
0.20390690998754865,1.615,77.731,6.890160254019088,55.846,0.2909444878433843,45.383,1.3191841961488242,0.7527783406373372,0.8560291975612628,0.5093372353862626,-0.9540297086614768,186,c6,128.9077356
0.20231193403998907,1.246,77.185,6.906589277588685,55.428,0.2917734002669041,44.572,1.252361479012139,0.6392763813686688,0.7989175637298396,0.5037331200532782,-0.9581108130087084,187,c6,129.1480133
0.20408891327144252,1.471,77.943,6.998613891847118,55.48,0.29459100200436034,46.444,1.2921841642072822,0.5846683141766489,0.7855375053753679,0.4980180093257307,-0.9632774367052432,188,c6,129.3882909
0.2058876917040207,1.336,80.02199999999999,7.072192745198896,57.486,0.2993611601356425,45.655,1.144964935399261,0.6856413838126283,0.7781908969621041,0.4965070692144843,-0.9608561090651602,189,c6,129.6285686
0.2129043390805344,1.336,82.757,7.217885395477526,58.737,0.31023931963646834,48.892,1.1106665518853882,0.6582031653118117,0.7738046436293353,0.4913759231186002,-0.9586984650266239,190,c6,129.8688462
0.2015743184950755,1.696,83.106,7.33975921897046,59.368,0.30013001276060786,46.925,1.3278079208775644,0.5653124064504831,0.766768950600051,0.49654099105488336,-0.9588408487253237,191,c6,130.1091239
0.20272526426244217,1.345,83.767,7.44847984472841,59.348,0.3016915931047121,47.975,1.3080816636365586,0.56159810473781,0.75173987115644,0.48510068426346264,-0.9569362041493155,192,c6,130.3494016
0.19710139526815046,1.401,83.316,6.00897265870236,56.535,0.2944712933527173,42.171,1.4204830599904064,0.7116138207949296,0.50868678221059,0.43944004751381804,-0.9744021685897049,193,c6,131.0330779
0.20655819285656077,1.521,88.571,6.424892254911776,60.037,0.30688761597460246,43.955,1.3757841771374402,0.6923524633846112,0.5273783353685548,0.42987097851041806,-0.9621346214288304,194,c6,131.7167543
0.21004694329820128,1.397,89.521,6.558593718278445,59.854,0.3128437241404085,45.779,1.4093010988778714,0.7339362201930442,0.5281741273111304,0.4326402392329888,-0.9606542010095218,195,c6,132.4004307
0.21270241796933764,1.405,88.587,6.632731220566489,60.533,0.3152834674342475,47.093,1.2640744150511978,0.619489993823358,0.5144363612454144,0.4236096746855157,-0.9599493607799925,196,c6,133.084107
0.21824349043726882,1.525,91.265,6.719317134560418,61.106,0.3191577970382668,46.547,1.3202980045825283,0.7188313464254428,0.49822812192978105,0.42593677548764974,-0.9658978294256757,197,c6,133.7677834
0.21943211099177695,1.369,91.654,6.870255666434596,61.723,0.32188978478484637,45.921,1.4662662135042623,0.6593018195140155,0.4886749056460551,0.4324468073534846,-0.9709068856643461,198,c6,134.4514598
0.21745595687871816,1.487,90.97800000000001,6.891361803192167,61.877,0.3203470235670343,47.078,1.385019590423969,0.7430076937226486,0.4525997067600285,0.43120970182400775,-0.9693082641409001,199,c6,135.1351362
0.21880675444853537,1.346,91.934,6.964898492389092,62.748,0.32287911979645423,45.212,1.3886621717221397,0.6836268499840021,0.4300121054576329,0.43088662077404943,-0.9752367298495761,200,c6,135.8188125
0.22240374172520794,1.321,94.845,6.998342748980779,63.339,0.32774708885479903,46.757,1.37492584418127,0.6822886975084983,0.426705174370861,0.42804038070257955,-0.9719251444557284,201,c6,136.5024889
0.22345370742317944,1.352,92.899,7.055300843349916,62.687,0.32888156389821793,46.767,1.4496587551141635,0.7683974375415592,0.4065134618449777,0.4279891251593284,-0.9751094547570927,202,c6,137.1861653
0.23283378228066645,1.448,94.944,7.068999039831084,63.482,0.33711304345853116,45.976,1.5635140394580151,0.7663112858255099,0.3866413290488535,0.4265937380116671,-0.9716807533280685,203,c6,137.8698416
0.2016748613176229,1.393,84.651,6.157017040930085,57.86,0.3010349176564626,43.057,1.4326420948220457,0.7509086941268319,0.5925593121033743,0.44846568158853173,-0.966624495917956,204,c6,138.553518
0.22961381132492423,1.511,96.092,7.139556077849624,65.252,0.33462805918233635,46.065,1.4772282812593431,0.8079485215645446,0.40396248625921016,0.43916408515082145,-0.9705253432281515,205,c6,139.2371944
0.23206055838817388,1.795,96.534,7.243348006735232,65.429,0.33695575470440775,46.978,1.4172714077088644,0.81996733032542,0.3919621362766108,0.4369130487372838,-0.9761544823107524,206,c6,139.9208707
0.2308693067652011,1.408,97.366,7.316497265198398,65.062,0.3336187650576408,47.344,1.3436476455122826,0.8437432557346196,0.38672349940999506,0.43729327988918815,-0.9748328351449111,207,c6,140.6045471
0.23141054444707693,1.511,98.644,7.366697691457072,66.174,0.3369803739474944,47.297,1.3874790438213083,0.7249066330240908,0.39284693999349374,0.4422778096203699,-0.9772837226837399,208,c6,141.2882235
0.2333558097608341,1.569,101.711,7.439128289817887,68.738,0.33796082901669855,48.11,1.248841348179626,0.6596459199092428,0.40218331898191373,0.4529387090570317,-0.9764755889989107,209,c6,141.9718998
0.2345689946734171,1.362,103.85499999999999,7.479160576533607,69.961,0.3411281819042115,48.737,1.2270341106356932,0.7447306215234257,0.37432823132320436,0.4560154534188304,-0.9742567937765485,210,c6,142.6555762
0.2389555414952343,1.492,103.411,7.555119542477712,69.566,0.3429411547557095,47.153,1.3001852925390178,0.741075056740923,0.35578258689475506,0.4582909463083944,-0.9775839380279394,211,c6,143.3392526
0.23993760008053072,1.482,102.47,7.581453161400699,69.031,0.34784177072301276,48.71,1.303903987465735,0.7645044022589311,0.378069989972623,0.4671828882633667,-0.9748361629608082,212,c6,144.022929
0.23896904814641806,1.644,103.667,7.696183555796247,69.481,0.3482749072948833,48.99,1.306266111078874,0.7691298468332906,0.3292114526971037,0.4539546331632808,-0.9767155954155915,213,c6,144.7066053
0.24686125782041557,1.614,106.15899999999999,7.719202240133988,70.297,0.35470354024687956,49.619,1.3601187029416195,0.7104220246209989,0.31095764962853734,0.4566828039546098,-0.9789313527881363,214,c6,145.3902817
0.2032406250435483,1.281,86.158,6.2755658307923365,58.582,0.30358355423551203,45.477,1.276584393133394,0.7057686122747171,0.5767600523916729,0.4445403773838402,-0.9649624718994629,215,c6,146.0739581
0.24700290481731046,1.852,104.955,7.8134160412288605,70.303,0.3582588246406374,48.605,1.5654740579286068,0.7184192112272356,0.2913329125081652,0.44848024052920105,-0.9759309046146525,216,c6,146.7576344
0.24925825335158389,1.627,105.92699999999999,7.859458493132611,70.783,0.35878307317675434,48.718,1.369391179997586,0.7312139422823796,0.2695216939851961,0.4406432933598991,-0.9764277945931013,217,c6,147.4413108
0.2499431087782225,1.553,108.104,7.938625272948205,72.167,0.3594168678034501,47.574,1.2657301297745072,0.6631589771027904,0.2378792121631199,0.4313096283248497,-0.9781970883465227,218,c6,148.1249872
0.2502816101940499,1.475,108.32,7.964148988554397,72.277,0.36000155334938794,49.167,1.320264727262348,0.7278487193283807,0.23598057544026352,0.4317706743725651,-0.9757001101948326,219,c6,148.8086635
0.2515578410471872,1.588,109.31200000000001,8.045101640687221,73.194,0.3597031444483968,48.895,1.2224981803878245,0.7069593027379857,0.21688008236727496,0.42647718712600136,-0.9763639043412913,220,c6,149.4923399
0.2544961433131171,1.495,111.64000000000001,8.086094530215542,74.659,0.3640919659304857,51.762,1.194283851498258,0.7461171314319368,0.22715875457596724,0.4268434108689604,-0.9787027427358401,221,c6,150.1760163
0.2617623035532674,1.668,113.005,8.309520283745702,75.453,0.3780366423940632,49.914,1.3978576314024735,0.6644139436010961,0.22194675451125967,0.4195928054470793,-0.9892858052330715,222,c6,150.8596926
0.2566640922364267,1.634,113.11,8.369353727490067,75.729,0.3739434555145836,49.977,1.3920573979301682,0.6618564224610037,0.197443668741911,0.42064030875468994,-0.9756111340528126,223,c6,151.543369
0.25421278308144685,1.646,116.055,8.468691617311242,77.337,0.37250000123464233,53.532,1.356073288047675,0.6684498865843227,0.22079086559590122,0.4198783283614771,-0.9807843668602443,224,c6,152.2270454
0.2660653416453965,1.985,115.538,6.790327394776191,76.467,0.37953847055540463,46.893,1.5807568434795387,0.9012019875363055,0.10558719957442397,0.371443191849536,-0.9728137848054574,225,c6,153.5255936
0.27538876523650146,1.767,120.077,7.267829911396551,78.866,0.39265859992837177,52.151,1.3167655688411983,0.6045619696791231,0.09886725977554,0.3784581968280896,-0.98607765384001,226,c6,154.8241418
0.2770021715560825,2.026,121.19399999999999,7.377251223253422,79.913,0.39725935467806617,48.917,1.4281555064398201,0.5597423684787857,0.09066342783955816,0.39024703366308,-0.9889116544187653,227,c6,156.12269
0.2825515921740314,1.717,124.554,7.537700072760347,81.546,0.4014175940381463,50.852,1.3815211578548325,0.8083282020889349,0.12181662675433946,0.3992256452016957,-0.9888039513360902,228,c6,157.4212382
0.2856055527995501,2.237,123.438,7.638622594633454,81.075,0.40564572084817424,51.113,1.3967463007965168,0.5481930029648332,0.11263056486009893,0.4032698957770642,-0.9945652270010537,229,c6,158.7197863
0.2860068163474954,1.718,124.259,7.713688245330664,81.86,0.4063839475898255,51.8,1.2908496398687586,0.6309353175426198,0.07707559284460075,0.3950975316755261,-0.9980533594797683,230,c6,160.0183345
0.2902867464018589,2.263,124.574,7.727350513824654,81.3,0.41288144447594655,51.829,1.5982812831062185,0.6194588794283575,0.07917186853478952,0.4020595488660902,-0.996302134352157,231,c6,161.3168827
0.2903257417861117,1.858,125.612,7.802001219301357,82.539,0.4112330815739587,50.432,1.3645374362198606,0.7540338748292195,0.06659267233786581,0.3934078208616573,-1.0004981839758227,232,c6,162.6154309
0.29265835568333026,1.99,126.125,7.872153160944391,83.257,0.4153528171171096,50.582,1.3347212876829548,0.664616760808955,0.0658919972493055,0.3972760260894366,-0.9997122518533201,233,c6,163.9139791
0.29362076462743825,1.852,129.671,7.940411972455977,84.985,0.41743662565108974,54.532,1.351694770120731,0.7781371274827515,0.080527675352152,0.3973913618718783,-0.9946451457453152,234,c6,165.2125273
0.2953653688451894,1.649,132.926,7.998989737991265,86.973,0.42190313463738116,51.684,1.3423016324895718,0.8329751945772297,0.08663012015324023,0.40779467703783884,-0.9925337295538377,235,c6,166.5110755
0.26603742412314624,1.799,117.153,7.039738266156311,77.433,0.382180446073175,49.25,1.4386581996916181,0.5620460961428706,0.12470499732085605,0.38722204810122973,-0.9717635414597225,236,c6,167.8096237
0.30442151550940555,2.046,132.225,8.031153930200585,86.036,0.4267476567552407,53.015,1.375012878891268,0.7149324315124663,0.08970806496160089,0.40325561611767186,-0.9943808878922242,237,c6,169.1081719
0.30382934033277037,1.737,133.17499999999998,8.090119011290815,86.823,0.4315515266850321,52.067,1.270850861982498,0.6817700869441374,0.07250670298112105,0.3998605763599043,-1.0042742718835418,238,c6,170.4067201
0.3002538918003508,1.935,135.269,8.203815801804181,88.247,0.43020757363156226,52.592,1.3669839308319913,0.698612716829274,0.07639685220635828,0.4092584888714573,-0.990771273494726,239,c6,171.7052683
0.30039590126063037,1.958,136.602,8.291468738494267,89.006,0.4302981149329145,54.823,1.5022155238028896,0.6333225277768566,0.04230377282990494,0.4083889231413093,-0.9929036717486484,240,c6,173.0038165
0.3064445709771396,2.032,137.28,8.285899093677592,89.113,0.4339292337154866,52.207,1.345402283073942,0.7256581243319613,0.06951830386834601,0.4072786798666125,-0.9951704629993152,241,c6,174.3023646
0.3101775022941449,1.832,137.59300000000002,8.319192350219094,89.01,0.4361490095625789,55.853,1.2089070619517344,0.7610446085474356,0.08478044640002569,0.4149501623914269,-0.9982861458785073,242,c6,175.6009128
0.3093722289683065,2.099,139.58,8.364342315219712,90.421,0.43501192386756793,53.851,1.2877015158119889,0.7563047457176313,0.06574514543958543,0.4225616106458244,-0.998793624518933,243,c6,176.899461
0.31405031340932565,2.136,140.863,8.40167414191172,91.427,0.4389133153797025,53.408,1.3640211969751848,0.5858623895565409,0.0651066967574705,0.4204900473475352,-0.9984753002673896,244,c6,178.1980092
0.31034723811718967,1.985,141.141,8.512235611518967,91.252,0.4367327037604345,53.943,1.2535291589079698,0.7058780253559291,0.0360939884477407,0.41626412538145086,-1.00617971570796,245,c6,179.4965574
0.2707995435667032,1.784,118.97200000000001,7.127220903895821,77.955,0.3874695511240677,49.309,1.3922974382186615,0.6851887803118513,0.12700955006641346,0.38434528212351404,-0.9772612897465143,246,c6,180.7951056
0.31184018876055036,1.797,141.425,8.502151817190622,91.268,0.4352682648591361,55.946,1.2335108340525132,0.6714261779072013,0.03659507936558759,0.41244107974489075,-1.0039445171353019,247,c6,182.0936538
0.31293214290690086,2.05,142.95499999999998,8.61074571882807,92.588,0.44220818965197406,56.992,1.365987487810239,0.7032655043325993,0.04037592477704566,0.4129562227641382,-1.0039691231235348,248,c6,183.392202
0.3171473559373597,1.995,143.348,8.659405851189717,92.629,0.446207092173236,56.542,1.2768577691636063,0.6627108005241045,0.006904692952265368,0.4046032902381726,-1.0061824837966105,249,c6,184.6907502
0.3196483744641291,2.013,144.4,8.742569945238278,93.527,0.4481088127726509,55.409,1.3460944752014372,0.7438272547012663,-0.0025982363139518405,0.40798808561306876,-1.0057712422400906,250,c6,185.9892984
0.3232524206025802,2.016,148.965,8.794601650853199,96.034,0.45005594169261426,56.909,1.3319378286193881,0.7577855586553399,-0.006622510123360126,0.40316535813474674,-1.0081080915684195,251,c6,187.2878466
0.3246624674891134,1.986,147.361,8.859052641159954,94.512,0.4539967573443794,56.382,1.2996412893542146,0.7966709455352001,-0.014435856488637988,0.40621515753336285,-1.0094595506635964,252,c6,188.5863948
0.3217340142459836,1.818,148.603,8.887608246812926,95.882,0.44869886899955314,56.439,1.197873812678603,0.8138484984632472,-0.0033600016363428686,0.4017279765650696,-1.007859251462993,253,c6,189.8849429
0.31849702861470053,1.963,152.34,8.9572335823204,96.891,0.4433455444113661,57.289,1.208995237803741,0.634878828784041,-0.00327491574543215,0.40107493344563566,-1.0075322750480318,254,c6,191.1834911
0.3208729792117031,2.152,151.513,9.023785705515056,97.27,0.4441168220928003,58.466,1.2998319825111704,0.7737680646293676,-0.015252714766953002,0.40268292398061745,-1.0089160624630844,255,c6,192.4820393
0.32357055932779133,2.245,153.666,9.11955312326599,97.998,0.44358432502471073,56.521,1.5101338336764885,0.718305157954374,-0.025972597513250317,0.399250731392553,-1.0096039919138013,256,c6,193.7805875
0.3269286529963191,2.136,158.571,7.587662480776756,102.08,0.451370599109207,55.699,1.1965894023552384,0.927087548559435,-0.02937986537289161,0.3889883803915764,-0.9911522999998752,257,c6,194.9262222
0.33167718685522724,2.362,161.64,7.918680875266751,105.7,0.45373729293336335,58.622,1.355038110317368,0.9552739224742623,-0.03574180720532416,0.38473943688483386,-0.990428701176838,258,c6,196.0718569
0.33113616364344406,2.254,162.243,8.028697564904041,105.16,0.4497910464483029,56.862,1.2525381131583515,0.8329370293595768,-0.0601296726088445,0.37841503753425193,-0.9921538951875957,259,c6,197.2174916
0.32366070113522105,2.051,163.091,8.158118870552252,105.44,0.44541574595286804,57.786,1.1329746452449028,0.8419481238506323,-0.0678290488272073,0.38258071978147334,-0.9953887629367655,260,c6,198.3631263
0.3326690248323739,2.06,165.18200000000002,8.254918008778114,106.89,0.4518047353251544,57.914,1.2565513744745678,0.8229332025165488,-0.09305435503322368,0.38239987364320266,-0.9981177855658436,261,c6,199.5087611
0.33019363547144265,2.379,167.471,8.402437574781512,108.24,0.4511768743071327,59.228,1.2892383836532275,0.7495321006605691,-0.08020820188876288,0.38546089258595456,-1.0014517502592382,262,c6,200.6543958
0.3336804545288558,2.007,168.301,8.472210338616058,109.11,0.45417551810818224,58.915,1.1971593069743056,0.9489021206148709,-0.05761697942784494,0.3962062339302339,-1.0047428902158333,263,c6,201.8000305
0.32635523771676855,2.357,171.10500000000002,8.555452251203159,110.64,0.44851357271912107,60.278,1.3196606256138868,1.0198977549782553,-0.07282229342540747,0.3874763279838489,-1.005714700552536,264,c6,202.9456652
0.32551003145928814,2.07,172.244,8.601904342880545,111.02,0.44962273047530793,61.002,1.2370997529012033,0.8359960359079888,-0.102523306739978,0.3852677858595689,-1.0089713381883945,265,c6,204.0912999
0.3239184312887153,2.687,174.175,8.744620200265564,111.98,0.45135110702739795,59.863,1.2657365467551962,0.7952503475733321,-0.10129002263832465,0.38893443750913803,-1.0099221553666506,266,c6,205.2369346
0.3162348336153684,1.908,174.864,8.737728188820192,113.7,0.4482697186430908,61.347,1.1564686363798948,1.0064883960972892,-0.04898151563998754,0.3898127778776066,-1.0113124117265293,267,c6,206.3825693
0.33486415919270923,2.094,157.86599999999999,7.7244675351266725,101.53,0.45910140926631926,57.237,1.1957283191545844,0.8257239229124043,-0.014446933952560137,0.3868723514303375,-0.987442143153511,268,c6,207.528204
0.3203175370302293,2.167,175.696,8.805251793618947,113.44,0.4468433277538121,61.016,1.2369548165471826,0.7941036926564813,-0.041379226453961415,0.3878724641012439,-1.0108788346412652,269,c6,208.6738387
0.334266178491185,2.37,176.585,8.808656696737113,113.45,0.4571628862348655,61.586,1.2750696033320095,0.7615265119897034,-0.0708379620479409,0.38242853934919785,-1.011044086931286,270,c6,209.8194734
0.3197932454105932,2.079,180.471,8.896345055585133,115.42,0.44517921960536333,60.825,1.2259513140003442,0.6998204100266912,-0.08030103102126684,0.37776210340800637,-1.0134051058635047,271,c6,210.9651081
0.33131359477227107,2.302,181.211,8.938955767551043,116.94,0.451624877846526,61.304,1.4977912310915187,0.7121034648643354,-0.0720895651825284,0.38175501704154463,-1.0100547862078713,272,c6,212.1107428
0.3205908087240185,2.019,181.74200000000002,9.008920358774596,117.61,0.4457356969655961,59.002,1.1102127748349435,0.7925840007433744,-0.08652164013348829,0.38635908935211316,-1.0092131693655046,273,c6,213.2563775
0.31432868811484127,2.276,183.137,9.074660956894709,117.54,0.4333772392430466,60.358,1.2560561053772537,0.8095911184930022,-0.08804137934686018,0.3841103029960793,-1.0087002171235742,274,c6,214.4020122
0.30862925069360847,2.107,184.45,9.172084072788795,118.18,0.42960897787934027,59.654,1.247155690983087,0.7162389005570384,-0.09598914252610147,0.3813948212986691,-1.0095412673943254,275,c6,215.5476469
0.30096714978643313,2.459,187.423,9.249757919385274,121.21,0.4213257171760896,61.546,1.3724040155489563,0.6628203754662998,-0.08545261011315963,0.3865859492026951,-1.0098136342970931,276,c6,216.6932816
0.3013578201431187,3.089,189.17399999999998,9.332075738207559,120.86,0.4242089908399812,62.211,1.708270556758226,0.6074549602903998,-0.09328965053190386,0.3844973484291814,-1.0042171988294921,277,c6,217.8389164
0.28918736738112255,2.15,186.87,9.443876294965042,119.22,0.42398438011666095,60.452,1.06759505318984,0.5549917911596411,-0.1613109800175927,0.37214092697370293,-1.017944275374393,278,c6,218.9845511
0.3385621363793016,2.11,159.01999999999998,7.771406867206699,103.44,0.46082586925221836,56.75,1.2570994485774127,0.734310225091646,-0.033045528830748516,0.3813398098885251,-0.9877994896804467,279,c6,220.1301858
0.29792418640061435,2.271,190.91899999999998,9.454657726483134,122.36,0.42447944609298377,61.451,1.611716480453964,0.6108736705085893,-0.11844071359452712,0.3778127436648078,-1.006892167580051,280,c6,221.2758205
0.30770433060884506,2.541,190.018,9.478900372998545,120.98,0.42865020702269946,61.848,1.586561709418329,0.6005859497975559,-0.1208130787892463,0.371874115247886,-1.0082822596042722,281,c6,222.4214552
0.3006518294164919,2.272,193.01999999999998,9.521215409098142,122.8,0.4268410868181879,61.689,1.5237826535100982,0.5766967045509936,-0.12235204502959318,0.3723409800130718,-1.0082324365538917,282,c6,223.5670899
0.29527456329884805,2.472,192.325,9.61685044930273,123.39,0.42390072302934106,63.093,1.6370013229286684,0.6132301023663502,-0.11847476934816248,0.3741154256245276,-1.012098456338691,283,c6,224.7127246
0.28764953665616794,2.442,191.69,9.643145433955059,122.57,0.421676215275867,60.879,1.612156535882936,0.6160277280075559,-0.14027577450658857,0.3682360928582282,-1.013605820516792,284,c6,225.8583593
0.2980338372177968,2.677,195.648,9.714601587734863,124.85,0.42728012239628804,61.869,1.9096050603479693,0.6007994726428318,-0.14323208747624516,0.36323581891890694,-1.0133556777674289,285,c6,227.003994
0.2926990305043332,2.407,197.223,9.829647377996087,125.41,0.4277260765864635,64.877,1.4344818051769002,0.4312415413500612,-0.15244063177172018,0.3685028272819192,-1.0160064228307994,286,c6,228.1496287
0.3058464615810143,2.273,197.748,9.88606986571808,125.67,0.43068045981119624,63.096,1.8026978463764918,0.45559787355074644,-0.15406793065321356,0.36313637983929037,-1.01700913268132,287,c6,229.2952634
0.3471758398005372,2.264,201.297,9.956076318099734,127.46,0.4451243795041137,62.232,1.548286114538545,0.4820844804164106,-0.13599577022276277,0.3695090216825863,-1.0168378201407184,288,c6,230.4408981
0.3479666008661579,2.393,195.34,7.7791345815565025,122.05,0.4557413821899541,56.226,0.9700458165024308,0.7561906818956512,-0.13596572858358646,0.33259517083456663,-1.0064037282422482,289,c6,230.5992333
0.3205720176033627,2.613,195.365,8.183438242199385,122.88,0.4340569969941087,57.776,1.2838175209813008,0.6271319099301231,-0.19443352719342943,0.33359809973712323,-1.0014639388743702,290,c6,230.7575685
0.3408253506471824,2.649,196.626,8.238568753285836,124.08,0.4413430450499849,58.604,1.5418871807461327,0.6307177848858707,-0.18508875242807754,0.3378718602730173,-0.9955471273887899,291,c6,230.9159037
0.3402971244791176,2.672,198.80700000000002,8.396560287547906,126.25,0.4409237558635814,58.798,1.4222609664321464,0.6103272932415438,-0.19550866621442475,0.33630995795296104,-0.9974774998337956,292,c6,231.0742389
0.3408893511347943,2.674,200.547,8.450909401872039,127.44,0.44646996365399977,58.788,1.328063117413378,0.70746855451688,-0.18923059947964882,0.3429740045049618,-0.9968505426486294,293,c6,231.2325741
0.3511497145256273,2.719,201.618,8.576139402998596,127.53,0.44660635586962844,60.19,1.4883025079953471,0.714247639629082,-0.19849607897818888,0.3397440908586007,-0.9926630582716944,294,c6,231.3909093
0.3376467732499507,3.042,202.934,8.631215976680085,127.61,0.44372692932844704,60.963,1.3473469855732203,0.788774591883572,-0.19787849667007373,0.33991970116124914,-0.9919283501028868,295,c6,231.5492445
0.32978985775219266,2.406,203.465,8.688106206321438,128.0,0.446873758116451,60.454,1.3841305784481523,0.6185000181274187,-0.21612486895576044,0.3409822928171903,-0.9859618975923108,296,c6,231.7075797
0.32826353071501013,2.351,203.25900000000001,8.701449535421293,127.4,0.4436801588251062,61.015,1.1773893227815106,0.7479121435997147,-0.1981531331187809,0.34535231174585157,-0.9845543900782836,297,c6,231.8659149
0.3338665617531033,2.232,203.489,8.70683842984561,127.45,0.45165847091115213,61.11,1.102431771593702,0.5221264335027485,-0.22128221541043258,0.33996810591052706,-0.9785536060398909,298,c6,232.0242501
0.3256014468908189,2.029,201.868,8.635446861455215,126.65,0.44343848227419663,61.923,0.9922270664541433,0.7886448336316025,-0.20424146874680638,0.34612244906555495,-0.9758320954348019,299,c6,232.1825853
0.3239683842421432,2.041,194.046,8.005072481768096,121.97,0.43527479203276065,58.076,1.261583957119469,0.5270771144482698,-0.17379712667205105,0.33061381156383696,-1.0049575184029165,300,c6,232.3409205
0.35202950163650204,2.291,201.042,8.63773499395669,127.22,0.4493819689173503,62.237,1.0700892132585142,0.6764550876626036,-0.2418620744993354,0.34022205590988214,-0.980005071050595,301,c6,232.4992557
0.3530429321410764,2.3,200.027,8.609651373892627,125.24,0.4463700498986668,59.228,1.0857884062768015,0.6669245004916298,-0.22853521846804492,0.3373810994298235,-0.9843365889036284,302,c6,232.6575909
0.35198097946973567,2.213,199.402,8.688550980463557,125.29,0.4500149475886888,57.673,1.0732786502819396,0.6560410986956313,-0.23319023446053144,0.3361039463721886,-0.9844322765132247,303,c6,232.8159261
0.3499153208308494,2.461,200.334,8.667561681987804,126.32,0.4417090641343081,60.494,1.17778751792504,0.5841673840171877,-0.23116154405326705,0.34063147048000464,-0.985666960244286,304,c6,232.9742613
0.3572361278805189,2.231,201.095,8.697715605604557,127.21,0.4389397460534693,59.859,1.1688141821590738,0.4598817617770865,-0.22083573075456897,0.33714566520957573,-0.9890457492213223,305,c6,233.1325965
0.354773212616071,2.399,199.38400000000001,8.766296414669124,125.85,0.4365753603015422,60.562,1.15523875286498,0.5568807644337674,-0.22055715624083172,0.34202419975574117,-0.9884355266718625,306,c6,233.2909317
0.3444293178941529,1.882,200.95600000000002,8.800779099420744,127.03,0.4320221598819039,60.358,0.9831035085118449,0.5427387479908945,-0.22654379173159178,0.34326009889890746,-0.9896687608577168,307,c6,233.4492669
0.356678432708022,2.141,203.198,8.784923248858517,128.05,0.43239384859021435,60.959,0.9993804748384103,0.5221440694754844,-0.22352411555011464,0.34362246453875595,-0.9883401703196828,308,c6,233.6076021
0.3474324605315472,2.349,202.559,8.81769166408429,126.73,0.4328456041947948,62.064,1.103256019012747,0.5866857249970412,-0.22690495615313555,0.34344690685774687,-0.9922045330826212,309,c6,233.7659373
0.34395681537070283,2.222,201.103,8.865444842227198,125.58,0.4190747169201361,60.308,1.242790563587934,0.5385346547441343,-0.21999672423000538,0.34633759896732963,-0.9946651586583819,310,c6,233.9242725
0.3155360469416753,2.109,194.745,8.092143167068507,123.18,0.43378871363407595,57.303,1.0303965263513328,0.6675298593079533,-0.21466559446078737,0.3252623188279522,-1.0150566235082508,311,c6,234.0826077
0.34802513243402833,2.268,200.772,8.837620438388896,126.58,0.4191460998299411,62.353,1.2251591787057468,0.5276938801310336,-0.18977603255294362,0.3484625384375281,-0.9944070640606779,312,c6,234.2409429
0.34159639924892204,2.025,200.216,8.848214169656138,126.74,0.4167515769825513,62.637,1.1236781457966014,0.4927397325417848,-0.1843977128427854,0.3509985672257861,-0.9923421360400786,313,c6,234.3992781
0.34593580830579324,2.588,202.63,8.931804592768444,128.99,0.41723061629085784,60.176,1.312449714288439,0.4206017096831465,-0.18370454436596217,0.35176938013244113,-0.9892865814879457,314,c6,234.5576133
0.350240308527964,2.479,201.432,9.033950374022675,128.98,0.4161422548190767,63.508,1.372148831539863,0.4061280839789605,-0.15982039320406294,0.36755055532448655,-0.9869599153395008,315,c6,234.7159485
