timestamp,cut_number,cutter_id,spindle_speed,feed_rate,depth_of_cut,coolant,force_x_max,force_y_max,force_x_p2p,force_y_mean,vib_x_std,vib_x_max,vib_y_std,vib_x_kurtosis,vib_y_kurtosis,force_y_kurtosis,force_y_skewness,force_x_kurtosis,force,vibration,acoustic_emission,tool_wear,tool_health,rul,status,is_anomaly
2026-09-24 08:00:00,1,c1,10400,1555,1.5,Off,3.744,10.724,6.245,0.6294631041059976,0.0763493576607161,0.33,0.0763146487763662,0.1322931587713891,0.1254590894507941,5.844452277200279,-0.6822183460971171,-0.2451886548325785,11.359,0.1079,0.7271,48.89,72.8,314,NORMAL,0
2026-09-24 08:00:10,2,c1,10400,1555,1.5,Off,8.427,14.302,12.646,1.11858048275386,0.0853500415044748,0.399,0.0850265618796782,0.2751716034332574,0.2359823036412365,0.530867940611381,0.3658071594675578,0.0226391582826526,16.6,0.1205,0.5733,49.57,72.5,313,NORMAL,0
2026-09-24 08:00:20,3,c1,10400,1555,1.5,Off,11.534,20.826,17.528,2.347886262065681,0.0956411149267343,0.433,0.0938164897887096,0.2627204749701404,0.1945425738373396,0.8129799315681665,0.4872909137900053,0.0733174529786748,23.807,0.134,0.5829,50.3,72.1,312,NORMAL,0
2026-09-24 08:00:30,4,c1,10400,1555,1.5,Off,11.788,24.148,17.945,2.7214464651451973,0.0990315605852565,0.443,0.097125092508071,0.1919806995210118,0.14304333848147,0.6816227365759491,0.4938009044556586,0.1025479260629964,26.872,0.1387,0.5784,51.08,71.6,311,NORMAL,0
2026-09-24 08:00:40,5,c1,10400,1555,1.5,Off,12.555,24.337,16.843,2.3511685079978317,0.0836720948268031,0.447,0.0813495789214012,0.3030404597340741,0.253100745951262,0.4978230404091417,0.378872804855413,0.0169360476804767,27.385,0.1167,0.5785,52.25,71.0,310,NORMAL,0
2026-09-24 08:00:50,6,c1,10400,1555,1.5,Off,14.291,26.583,18.458,2.3327078950494866,0.0831992070077552,0.435,0.0810150300684212,0.426084869871,0.2560162737973561,0.55555199419218,0.4311968716784394,-0.0506472474151125,30.181,0.1161,0.592,56.28,68.7,309,NORMAL,0
2026-09-24 08:01:00,7,c1,10400,1555,1.5,Off,13.014,27.215,17.924,2.4431466218622444,0.0834012286325607,0.426,0.0817622287841802,0.4422554421809068,0.3245716952286042,0.5076366589901675,0.4289155233207326,0.0067080552387506,30.167,0.1168,0.5984,59.98,66.7,308,NORMAL,0
2026-09-24 08:01:10,8,c1,10400,1555,1.5,Off,13.322,26.872,17.469,2.5315786255149293,0.0858680630299356,0.419,0.0842751021520699,0.4650091561785667,0.342901520762787,0.505549323455722,0.4274042708017076,-0.0532296368266438,29.993,0.1203,0.6058,63.35,64.8,307,NORMAL,0
2026-09-24 08:01:20,9,c1,10400,1555,1.5,Off,10.615,26.321,16.231,2.546445781323237,0.0805165819401872,0.413,0.0771720439894779,0.2148407289373426,0.1403174757202485,0.411298629429611,0.3937327009440995,-0.5724889726933973,28.381,0.1115,0.6016,66.43,63.1,306,NORMAL,0
2026-09-24 08:01:30,10,c1,10400,1555,1.5,Off,10.99,25.764,17.066,2.525279571365929,0.0787302479895146,0.359,0.0756094449373366,0.2152612735792343,0.0926680753013813,0.4813317701981798,0.4203203934576612,-0.5150250610933815,28.01,0.1092,0.6093,69.22,61.5,305,NORMAL,0
2026-09-24 08:01:40,11,c1,10400,1555,1.5,Off,11.397,26.906,17.396,2.63374433435203,0.0771821972029732,0.376,0.0748333921505059,0.267683149156098,0.1019707291076938,0.5342344145786946,0.4359387529177518,-0.4876699709266594,29.22,0.1075,0.6175,71.74,60.1,304,NORMAL,0
2026-09-24 08:01:50,12,c1,10400,1555,1.5,Off,11.099,28.727,17.235,2.748919348652006,0.0787123336003298,0.414,0.0761130118891186,0.3109248984758439,0.168483400125921,0.5596710128169664,0.4686582779801299,-0.4521971172805576,30.797,0.1095,0.6242,74.02,58.9,303,NORMAL,0
2026-09-24 08:02:00,13,c1,10400,1555,1.5,Off,15.72,28.185,19.532,2.526244956719901,0.0803075204837802,0.356,0.0757787718353713,0.1462594234266352,0.0235221483818657,0.6437854008427792,0.4187485221141943,0.0382010916109858,32.272,0.1104,0.6258,76.06,57.7,302,NORMAL,0
2026-09-24 08:02:10,14,c1,10400,1555,1.5,Off,16.622,30.026,19.545,2.561929652073448,0.0800694364567022,0.352,0.0755277379520011,0.1912471932361876,0.012391949631457,0.6529109088978857,0.4985796176643489,0.0196699500709396,34.32,0.1101,0.6311,77.89,56.7,301,NORMAL,0
2026-09-24 08:02:20,15,c1,10400,1555,1.5,Off,18.316,31.007,20.46,2.63404358145734,0.081109865095736,0.36,0.0762422433614836,0.170685677952294,0.0157099795464361,0.6824171945034445,0.497394836240001,0.0191760608637521,36.013,0.1113,0.6346,79.51,55.8,300,NORMAL,0
2026-09-24 08:02:30,16,c1,10400,1555,1.5,Off,19.033,30.47,19.343,2.718312847607186,0.0815737640069456,0.374,0.0768265914606999,0.1554195899740125,0.0120456983242367,0.6881898896171021,0.4955223955786971,0.021820248344277,35.926,0.1121,0.6372,80.93,55.0,299,NORMAL,0
2026-09-24 08:02:40,17,c1,10400,1555,1.5,Off,20.121,31.863,19.75,2.753795775194329,0.0823876762595917,0.384,0.0773722079959673,0.1680344314027984,0.0280888248641781,0.6997712391548565,0.4993803348966058,0.0266111425585036,37.684,0.113,0.6404,82.19,54.3,298,NORMAL,0
2026-09-24 08:02:50,18,c1,10400,1555,1.5,Off,22.009,30.57,21.097,2.771960547342276,0.0819329187928744,0.368,0.0769722560443146,0.1747227231411914,0.0317305882239384,0.735803791258907,0.504718939588686,0.0176693163275354,37.669,0.1124,0.6439,83.27,53.7,297,NORMAL,0
2026-09-24 08:03:00,19,c1,10400,1555,1.5,Off,22.748,31.434,19.988,2.7981866163437044,0.0815748953655682,0.382,0.0767467086653233,0.1605286972424768,0.0292364193559833,0.735871117366794,0.501669425554176,0.0159740383888444,38.802,0.112,0.6453,84.2,53.2,296,NORMAL,0
2026-09-24 08:03:10,20,c1,10400,1555,1.5,Off,23.477,31.719,20.389,2.8410125437226594,0.0811912449142724,0.368,0.0766285748352936,0.1878539786881976,0.036875197447288,0.7386410055550012,0.5040861105543999,0.0034812307376301,39.462,0.1116,0.6478,84.99,52.8,295,NORMAL,0
2026-09-24 08:03:20,21,c1,10400,1555,1.5,Off,11.727,25.453,17.216,2.554461268254946,0.0875897212572436,0.423,0.0831923800673258,0.1401681993232624,0.1297187991631685,0.5224268043872025,0.3365214672464749,-0.6658834143748038,28.025,0.1208,0.6412,85.65,52.4,294,NORMAL,0
2026-09-24 08:03:30,22,c1,10400,1555,1.5,Off,12.547,28.56,18.267,2.5883197128229485,0.0880722494737685,0.397,0.0835685232668765,0.1839762533576765,0.119108617794637,0.5636358352146704,0.4392072126603318,-0.6120174001739112,31.195,0.1214,0.6448,86.19,52.1,293,NORMAL,0
2026-09-24 08:03:40,23,c1,10400,1555,1.5,Off,13.062,28.201,18.759,2.701530052573162,0.0883151965275929,0.364,0.0838672978889647,0.1900806062985429,0.1359876705953606,0.638273143988358,0.4503044125025446,-0.6105784200215743,31.079,0.1218,0.6481,86.62,51.9,292,NORMAL,0
2026-09-24 08:03:50,24,c1,10400,1555,1.5,Off,13.397,31.635,19.218,2.790999726076177,0.0876804727274772,0.396,0.0829453575083452,0.1794371361895326,0.1380200150829735,0.6785448324523564,0.4587048976683495,-0.612507110666975,34.355,0.1207,0.6496,86.94,51.7,291,NORMAL,0
2026-09-24 08:04:00,25,c1,10400,1555,1.5,Off,13.286,29.266,18.787,2.877131536156685,0.0874425581985181,0.392,0.08264650469454,0.1830963199396849,0.1128519350338104,0.655421515726383,0.4512068725568141,-0.6619154946829862,32.141,0.1203,0.6495,87.18,51.6,290,NORMAL,0
2026-09-24 08:04:10,26,c1,10400,1555,1.5,Off,13.976,31.022,20.233,2.979001625904867,0.0876308321112514,0.428,0.0827375034137089,0.2056747627595232,0.1094742445829646,0.7102112753215444,0.4664978740293822,-0.666341543540149,34.025,0.1205,0.6521,87.32,51.5,289,NORMAL,0
2026-09-24 08:04:20,27,c1,10400,1555,1.5,Off,14.002,31.582,19.938,2.970004046308772,0.0872583840480556,0.488,0.0823100437465149,0.2440363789840467,0.1312881996717596,0.7116040154021963,0.47081863264436,-0.6559492745396707,34.547,0.12,0.6535,87.39,51.4,288,NORMAL,0
2026-09-24 08:04:30,28,c1,10400,1555,1.5,Off,14.14,32.005,20.007,3.0043029932134337,0.08772757230818,0.452,0.0830244048110439,0.2608151267168206,0.1443264018303787,0.7348896666144751,0.4711452836147105,-0.6807838552855507,34.989,0.1208,0.6547,87.39,51.4,287,NORMAL,0
2026-09-24 08:04:40,29,c1,10400,1555,1.5,Off,13.829,30.873,18.956,3.049281400149807,0.0881591347560112,0.463,0.0834685000388984,0.2707250829066132,0.1914111595205567,0.7140019386535092,0.4678537975672419,-0.7020223704730517,33.829,0.1214,0.6543,87.39,51.4,286,NORMAL,0
2026-09-24 08:04:50,30,c1,10400,1555,1.5,Off,14.802,30.702,20.076,3.1252299304749807,0.0893124155973847,0.434,0.0841733564929399,0.3022920306179264,0.2162763138537444,0.7566493894123494,0.4725128843601256,-0.7032762228576201,34.084,0.1227,0.6566,87.39,51.4,285,NORMAL,0
2026-09-24 08:05:00,31,c1,10400,1555,1.5,Off,14.646,31.433,19.848,3.156421417062628,0.0896895728083841,0.423,0.0848906329247853,0.280698330601842,0.221753294324813,0.7651220192000823,0.4729063759739729,-0.7205185704948471,34.678,0.1235,0.6562,87.39,51.4,284,NORMAL,0
2026-09-24 08:05:10,32,c1,10400,1555,1.5,Off,14.369,31.203,19.713,3.158319213347701,0.0904990454811897,0.481,0.0856652407207018,0.2884114556456061,0.2119567648985474,0.7703918264666441,0.4796256566530829,-0.7436542418128429,34.353,0.1246,0.6565,87.39,51.4,283,NORMAL,0
2026-09-24 08:05:20,33,c1,10400,1555,1.5,Off,16.372,36.051,22.735,3.4142100385994687,0.0812110280977878,0.394,0.0750140455724252,0.2740041624327345,0.1460039077987467,0.861349615988872,0.4973583230301356,-0.514090179688377,39.594,0.1106,0.6588,87.39,51.4,282,NORMAL,0
2026-09-24 08:05:30,34,c1,10400,1555,1.5,Off,15.592,35.112,21.865,2.981430284118903,0.0811631535394068,0.405,0.0757555827208827,0.3886951775908009,0.241915766710445,0.9038633089086772,0.4951027342859752,-0.5337392803734411,38.418,0.111,0.6636,87.39,51.4,281,NORMAL,0
2026-09-24 08:05:40,35,c1,10400,1555,1.5,Off,14.918,34.222,21.418,3.019500897190629,0.0834402637153449,0.4,0.0788920044258132,0.2521154981242155,0.1543686842622396,0.879588725274663,0.48404973113112,-0.5843558056636455,37.332,0.1148,0.6587,87.39,51.4,280,NORMAL,0
2026-09-24 08:05:50,36,c1,10400,1555,1.5,Off,14.562,35.634,21.764,3.061732218012508,0.083159070468483,0.356,0.0787764130475543,0.1994584275067827,0.085574786312085,0.9359251553872956,0.4838775906064197,-0.6192302111716304,38.495,0.1145,0.6588,87.39,51.4,279,NORMAL,0
2026-09-24 08:06:00,37,c1,10400,1555,1.5,Off,15.084,34.044,22.311,3.15538749588951,0.0821734330660553,0.397,0.0775592896049604,0.2009695738941204,0.080632387034583,0.8750565245533961,0.4805745849276214,-0.6287790044470793,37.236,0.113,0.6571,87.39,51.4,278,NORMAL,0
2026-09-24 08:06:10,38,c1,10400,1555,1.5,Off,14.894,35.294,21.67,3.19553425351804,0.0820807292820375,0.433,0.0775539543795191,0.2681933021156024,0.1022162300609244,0.944719954956895,0.4839928780282776,-0.6649141701552419,38.308,0.1129,0.6612,87.39,51.4,277,NORMAL,0
2026-09-24 08:06:20,39,c1,10400,1555,1.5,Off,15.055,35.386,21.598,3.2821792874321725,0.0843587267426791,0.461,0.0800636022950274,0.3217732536806168,0.1644914348475898,0.9339916699886536,0.489776410163072,-0.6896403816570498,38.455,0.1163,0.6625,87.39,51.4,276,NORMAL,0
2026-09-24 08:06:30,40,c1,10400,1555,1.5,Off,14.972,34.746,21.293,3.29942295647728,0.0872148383378886,0.399,0.0830949889853808,0.2019645180443969,0.116154212519139,0.9721546847773604,0.4929488043730985,-0.7068084865147366,37.834,0.1205,0.66,87.39,51.4,275,NORMAL,0
2026-09-24 08:06:40,41,c1,10400,1555,1.5,Off,14.746,34.726,21.914,3.3900299757619465,0.0874617735986736,0.432,0.0829744308500241,0.1672677652987571,0.0512761117844009,1.012230638563654,0.4989120318000035,-0.729471522897744,37.727,0.1206,0.6602,87.39,51.4,274,NORMAL,0
2026-09-24 08:06:50,42,c1,10400,1555,1.5,Off,14.869,34.964,20.993,3.458665587528881,0.0843807839986238,0.376,0.0797560975871131,0.1710632275255372,0.0486075713914413,1.0082122429470646,0.4943416208922504,-0.7607626574345279,37.994,0.1161,0.6602,87.39,51.4,273,NORMAL,0
2026-09-24 08:07:00,43,c1,10400,1555,1.5,Off,15.57,37.353,21.996,3.468033147077889,0.0835031228040186,0.434,0.0785068759270992,0.2747512028727947,0.0944609394033904,1.0578197996523446,0.5091352727343199,-0.7675622455424551,40.468,0.1146,0.6648,87.39,51.4,272,NORMAL,0
2026-09-24 08:07:10,44,c1,10400,1555,1.5,Off,14.977,35.513,21.364,3.544299241629174,0.0863536791054484,0.427,0.0814298243614647,0.3395685628459737,0.1814989822893924,1.0485722113126004,0.515462809205672,-0.788225130839669,38.542,0.1187,0.6664,87.39,51.4,271,NORMAL,0
2026-09-24 08:07:20,45,c1,10400,1555,1.5,Off,15.865,36.15,22.216,3.619970139101297,0.0895568527342723,0.42,0.0851789877290076,0.2332445989366047,0.1293290601811705,1.0638065229307443,0.4998957601550677,-0.8098029031909486,39.478,0.1236,0.6637,87.4,51.4,270,NORMAL,0
2026-09-24 08:07:30,46,c1,10400,1555,1.5,Off,15.332,36.821,21.4,3.64187827074666,0.0865796318297539,0.432,0.0814784062964089,0.1973329289945193,0.0912959337712462,1.0594562529602485,0.5187047230010942,-0.8199982060111934,39.886,0.1189,0.6636,87.92,51.2,269,NORMAL,0
2026-09-24 08:07:40,47,c1,10400,1555,1.5,Off,15.267,38.742,21.988,3.736919558964525,0.0870330948037214,0.384,0.0820400740317804,0.1671464947027057,0.0755702082642315,1.130829019534367,0.5284844841840535,-0.8236154631237724,41.642,0.1196,0.6658,88.43,50.9,268,NORMAL,0
2026-09-24 08:07:50,48,c1,10400,1555,1.5,Off,15.648,36.702,21.962,3.798743247622917,0.0876118363421747,0.504,0.0828196053297113,0.2384911155349893,0.0683985413088872,1.122383287214304,0.5181915793214349,-0.8385088558104039,39.899,0.1206,0.6686,88.91,50.6,267,NORMAL,0
2026-09-24 08:08:00,49,c1,10400,1555,1.5,Off,14.855,35.139,21.28,3.836955722049087,0.0894468767416187,0.441,0.0846703059554662,0.3156056359249559,0.1640139114088672,1.1193811787599517,0.5269292445020916,-0.8597189385094177,38.15,0.1232,0.6718,89.37,50.3,266,NORMAL,0
2026-09-24 08:08:10,50,c1,10400,1555,1.5,Off,14.823,37.348,21.284,3.888856316618355,0.090660544589558,0.427,0.0858130350392911,0.2466732995236453,0.1032641800620761,1.174331776783795,0.5318901975754624,-0.8692678050554825,40.182,0.1248,0.6722,89.81,50.1,265,NORMAL,0
2026-09-24 08:08:20,51,c1,10400,1555,1.5,Off,15.005,36.721,21.432,3.972441337696777,0.0897919060580116,0.382,0.0850495863790636,0.1186781231574984,0.0429542977564785,1.1972706641938915,0.5335282599555244,-0.8760466379323284,39.668,0.1237,0.6699,90.22,49.9,264,NORMAL,0
2026-09-24 08:08:30,52,c1,10400,1555,1.5,Off,15.462,37.518,21.265,4.0240031538542285,0.0864891869743428,0.409,0.0814494291502006,0.1706885387391987,0.0718410267835119,1.1976782693450057,0.5310522422495207,-0.8915177564370285,40.579,0.1188,0.6723,90.61,49.7,263,NORMAL,0
2026-09-24 08:08:40,53,c1,10400,1555,1.5,Off,15.283,38.399,22.115,4.114520275048937,0.0855283438664135,0.451,0.0804027365480261,0.2745533423073079,0.1268207852934399,1.1998349124506342,0.5344317864091955,-0.8838372402866823,41.329,0.1174,0.6762,90.98,49.5,262,NORMAL,0
2026-09-24 08:08:50,54,c1,10400,1555,1.5,Off,15.428,38.22,21.702,4.160584912029413,0.0889388199662854,0.511,0.0838085623481053,0.3254092662570849,0.1713334704370535,1.2393927330213392,0.5351516546775072,-0.8945002906875237,41.216,0.1222,0.6796,91.33,49.3,261,NORMAL,0
2026-09-24 08:09:00,55,c1,10400,1555,1.5,Off,16.188,37.691,22.547,4.218861909454208,0.0917966099454006,0.448,0.0866635603021838,0.2269753530367424,0.0926119600064585,1.2306528369464589,0.5337953568021935,-0.8776143810020725,41.02,0.1262,0.677,91.65,49.1,260,NORMAL,0
2026-09-24 08:09:10,56,c1,10400,1555,1.5,Off,15.463,37.242,21.668,4.25764042467766,0.0900051485173565,0.415,0.0852076413083286,0.1414055896494046,0.0549566337083788,1.2130929060135047,0.5329177806512668,-0.9002532253975546,40.325,0.1239,0.6746,91.96,48.9,259,NORMAL,0
2026-09-24 08:09:20,57,c1,10400,1555,1.5,Off,15.98,39.488,21.749,4.339968943220761,0.0874338564016615,0.397,0.0822555730425332,0.1815711447531032,0.0666484328566565,1.2276512135704358,0.5335544969392437,-0.9058659813943084,42.599,0.12,0.6768,92.24,48.8,258,NORMAL,0
2026-09-24 08:09:30,58,c1,10400,1555,1.5,Off,15.512,37.59,21.498,4.369790337745321,0.0870108105855815,0.448,0.0816623280322744,0.2861906022633,0.1156288652737123,1.2534604974922106,0.5427069298535718,-0.9107951584233538,40.665,0.1193,0.6812,92.51,48.6,257,NORMAL,0
2026-09-24 08:09:40,59,c1,10400,1555,1.5,Off,15.887,38.786,21.826,4.4293958074874125,0.0901140923394997,0.443,0.0848987309581856,0.3181260211046539,0.1557911603667889,1.2970910734821617,0.5388712115577936,-0.921034477620084,41.914,0.1238,0.684,92.76,48.5,256,NORMAL,0
2026-09-24 08:09:50,60,c1,10400,1555,1.5,Off,15.96,39.171,22.037,4.502988227033138,0.0919767790907494,0.433,0.0870269384050115,0.1912446598614456,0.0767011349618207,1.3297089781605909,0.5455644980872101,-0.9276224079487374,42.298,0.1266,0.6816,92.98,48.3,255,NORMAL,0
2026-09-24 08:10:00,61,c1,10400,1555,1.5,Off,15.589,39.183,21.138,4.600353119125403,0.0909574013199214,0.485,0.0857023770624493,0.1486280696645554,0.054431470725035,1.3771514365681463,0.5548374165920412,-0.9271162522000882,42.17,0.125,0.6822,93.19,48.2,254,NORMAL,0
2026-09-24 08:10:10,62,c1,10400,1555,1.5,Off,16.027,40.782,21.704,4.623606676944971,0.0883054488466415,0.427,0.083001540824883,0.1705728163453916,0.0696004924598767,1.4107955310301632,0.5623791118825483,-0.922821540885408,43.818,0.1212,0.6842,93.39,48.1,253,NORMAL,0
2026-09-24 08:10:20,63,c1,10400,1555,1.5,Off,15.283,39.321,20.923,4.661295184624366,0.0885597331432526,0.443,0.0827766051079861,0.2798642121786616,0.0996880837714551,1.3630506126174469,0.5500857011227146,-0.9317509721060504,42.187,0.1212,0.6864,93.56,48.0,252,NORMAL,0
2026-09-24 08:10:30,64,c1,10400,1555,1.5,Off,16.295,39.319,22.295,4.70449634363866,0.0906573427710414,0.444,0.0853830033130097,0.3022374860661849,0.1405677733021892,1.3541783376115006,0.5544195153432379,-0.9512933031774627,42.562,0.1245,0.6871,93.72,47.9,251,NORMAL,0
2026-09-24 08:10:40,65,c1,10400,1555,1.5,Off,15.146,36.257,21.042,3.564067473108543,0.0910231861371528,0.448,0.0854147493440582,0.10383119943197,0.0319214575485431,1.2504028133188791,0.4672796622656532,-0.9258773608751314,39.293,0.1248,0.6784,93.87,47.9,250,NORMAL,0
2026-09-24 08:10:50,66,c1,10400,1555,1.5,Off,14.487,35.859,20.227,3.5472353587783485,0.0911770694150927,0.458,0.0854006172559362,0.2131460934326225,0.026703002113452,1.3755487255806322,0.527485337912282,-0.9228777137485942,38.675,0.1249,0.6856,93.99,47.8,249,NORMAL,0
2026-09-24 08:11:00,67,c1,10400,1555,1.5,Off,14.341,36.356,19.92,3.546438771785746,0.0924248634094175,0.472,0.0869819984921731,0.2415460866376451,0.0753428627952219,1.4384495474448462,0.5490922536097311,-0.9404994214064192,39.082,0.1269,0.6886,94.11,47.7,248,NORMAL,0
2026-09-24 08:11:10,68,c1,10400,1555,1.5,Off,14.801,36.007,21.015,3.583913036929523,0.0944623475475716,0.525,0.0891582551902725,0.2072247176241703,0.0805082249632831,1.4217101591158174,0.5441789565224827,-0.924389194229823,38.93,0.1299,0.6873,94.21,47.7,247,NORMAL,0
2026-09-24 08:11:20,69,c1,10400,1555,1.5,Off,15.074,36.605,20.779,3.652604116195143,0.095482483885263,0.427,0.0903845870718615,0.1308136131416799,0.0238708347761069,1.4537197917714826,0.5421395172764064,-0.923630824317649,39.587,0.1315,0.6861,94.29,47.6,246,NORMAL,0
2026-09-24 08:11:30,70,c1,10400,1555,1.5,Off,14.828,35.484,20.722,3.748268073305784,0.0960586243069926,0.432,0.0908218613072329,0.0841364496073717,0.0086231550666369,1.454033380749058,0.5448152500757127,-0.9085965543237932,38.458,0.1322,0.6849,94.37,47.6,245,NORMAL,0
2026-09-24 08:11:40,71,c1,10400,1555,1.5,Off,15.784,37.102,22.067,3.794358342266724,0.0944343874930101,0.413,0.0892492224492863,0.0583722787368152,0.0075422799597242,1.4810233268718038,0.5485798896689649,-0.8999368814283168,40.32,0.1299,0.685,94.43,47.5,244,NORMAL,0
2026-09-24 08:11:50,72,c1,10400,1555,1.5,Off,15.506,39.563,21.242,3.868642660973184,0.0929911288026792,0.465,0.087445699377557,0.1309830917977823,0.0318353298340725,1.4975916315427948,0.5544425170769146,-0.9121618038134384,42.493,0.1276,0.6878,94.48,47.5,243,NORMAL,0
2026-09-24 08:12:00,73,c1,10400,1555,1.5,Off,15.695,36.897,21.422,3.956966625936935,0.0922704440017385,0.489,0.0868732111366066,0.1690646623830338,0.0452643617306787,1.494138904590085,0.5552606401207381,-0.9072885451638312,40.096,0.1267,0.6889,94.51,47.5,242,NORMAL,0
2026-09-24 08:12:10,74,c1,10400,1555,1.5,Off,16.19,37.349,22.662000000000003,3.997301947637292,0.0928878967818153,0.476,0.0878198020212724,0.224893630092192,0.0773364025127389,1.5225665228399414,0.5572331696302041,-0.8955220026818576,40.707,0.1278,0.6915,94.54,47.5,241,NORMAL,0
2026-09-24 08:12:20,75,c1,10400,1555,1.5,Off,16.2,37.272,22.13,4.075949784994778,0.0904425511202095,0.479,0.085055204610219,0.4523599000785863,0.2451124620578086,1.4676341308782943,0.5545276346856939,-0.8766972535957565,40.64,0.1242,0.6967,94.56,47.5,240,NORMAL,0
2026-09-24 08:12:30,76,c1,10400,1555,1.5,Off,16.074,38.315,22.361,4.129921927660292,0.0874193700343836,0.454,0.0815374663371692,0.2762617539667191,0.1086085420242044,1.5344305074495992,0.5599724924601661,-0.8636956197816779,41.55,0.1195,0.6935,94.57,47.5,239,NORMAL,0
2026-09-24 08:12:40,77,c1,10400,1555,1.5,Off,16.526,38.467,22.803,4.219449289436611,0.0873761892541063,0.429,0.0816487838860513,0.1660813570410506,0.0741667854572778,1.499767011911164,0.5557343997562061,-0.8609849392310931,41.867,0.1196,0.6891,94.57,47.5,238,NORMAL,0
2026-09-24 08:12:50,78,c1,10400,1555,1.5,Off,17.004,38.145,23.558,4.25218815019543,0.0856570816688419,0.442,0.0798165469324815,0.1968817672267966,0.1291924355055957,1.54778331215621,0.5659421999234386,-0.8464659716786973,41.763,0.1171,0.6915,94.57,47.5,237,NORMAL,0
2026-09-24 08:13:00,79,c1,10400,1555,1.5,Off,17.433,39.025,23.829,4.318071845040824,0.0835612574042382,0.421,0.0774938082208127,0.2836024578032838,0.1381235640805029,1.577995488046362,0.5717608799199013,-0.8366272028498702,42.742,0.114,0.695,94.57,47.5,236,NORMAL,0
2026-09-24 08:13:10,80,c1,10400,1555,1.5,Off,16.882,37.502,24.017000000000003,4.383991875815384,0.0838921123308774,0.457,0.0778192377290692,0.3996057196405869,0.1680394919721011,1.56070853346107,0.5801960777578914,-0.8240707898345865,41.127,0.1144,0.6979,94.57,47.5,235,NORMAL,0
2026-09-24 08:13:20,81,c1,10400,1555,1.5,Off,16.862,39.65,23.269,4.45938770132706,0.0854776974310809,0.475,0.079228453884303,0.4516715271395419,0.1763651861178861,1.5872118414357672,0.5842227830741166,-0.8182828477552975,43.087,0.1165,0.7003,94.57,47.5,234,NORMAL,0
2026-09-24 08:13:30,82,c1,10400,1555,1.5,Off,17.443,41.088,24.222,4.480782764656012,0.0876082537159756,0.47,0.0816539388555765,0.3571935738906049,0.1520272560408435,1.6263070890884297,0.5870855989638122,-0.7858947861319829,44.637,0.1198,0.6986,94.57,47.5,233,NORMAL,0
2026-09-24 08:13:40,83,c1,10400,1555,1.5,Off,17.854,38.655,24.392,4.568694794445584,0.0890503543704489,0.433,0.0831555262496527,0.2213562559773731,0.0695167091981221,1.6256204345317211,0.582091921072213,-0.7699629253852227,42.579,0.1218,0.6945,94.57,47.5,232,NORMAL,0
2026-09-24 08:13:50,84,c1,10400,1555,1.5,Off,17.586,38.351,24.114,4.605338357145137,0.0883375431869345,0.404,0.0823277184411656,0.1630846621815482,0.0876325339406585,1.618530474051143,0.5884465758536218,-0.7737830997376145,42.191,0.1208,0.6926,94.57,47.5,231,NORMAL,0
2026-09-24 08:14:00,85,c1,10400,1555,1.5,Off,18.307,41.315,25.859,4.661134335565578,0.0863849750618005,0.45,0.0802650249759883,0.21444776095404,0.1517395620602881,1.6838018376674109,0.6012377096329339,-0.768671173303145,45.189,0.1179,0.6961,94.57,47.5,230,NORMAL,0
2026-09-24 08:14:10,86,c1,10400,1555,1.5,Off,18.212,40.24,25.941,4.726374145814432,0.0842636432271456,0.422,0.078467478128349,0.337005490872003,0.1880815061190768,1.6579334366794871,0.5861055992250664,-0.7560355233655485,44.169,0.1151,0.699,94.57,47.5,229,NORMAL,0
2026-09-24 08:14:20,87,c1,10400,1555,1.5,Off,18.913,39.408,25.838,4.788256192807999,0.0851681968936325,0.469,0.0789402318689187,0.4388202069571001,0.1906271207195811,1.6618185837896196,0.5892710780361283,-0.7512943201622964,43.711,0.1161,0.7022,94.57,47.5,228,NORMAL,0
2026-09-24 08:14:30,88,c1,10400,1555,1.5,Off,19.037,39.397,26.434,4.850061496948399,0.0875861439172266,0.438,0.0814655353081923,0.4370180624375912,0.1686860983377585,1.6467055852018575,0.5871766459768368,-0.7474887638032577,43.755,0.1196,0.7016,94.57,47.5,227,NORMAL,0
2026-09-24 08:14:40,89,c1,10400,1555,1.5,Off,18.178,39.53,25.795,4.91379029559906,0.0897404592248149,0.469,0.0835031105481458,0.3182717995839113,0.0943895808683703,1.6615030991005917,0.5861097810319565,-0.7478575281685269,43.509,0.1226,0.6985,94.57,47.5,226,NORMAL,0
2026-09-24 08:14:50,90,c1,10400,1555,1.5,Off,19.113,40.068,26.782,4.961310470433232,0.0901423811821224,0.433,0.0842061853484156,0.1740248866373384,0.0413193495344335,1.6261288918142975,0.5744844499269333,-0.7434242259637034,44.393,0.1234,0.6931,94.57,47.5,225,NORMAL,0
2026-09-24 08:15:00,91,c1,10400,1555,1.5,Off,19.572,39.938,27.082,5.032490475018011,0.088984260503522,0.449,0.0828147348628468,0.1779147229506783,0.1087031439626233,1.611295860615419,0.5772421569923414,-0.7286525715939067,44.476,0.1216,0.6928,94.57,47.5,224,NORMAL,0
2026-09-24 08:15:10,92,c1,10400,1555,1.5,Off,19.19,41.093,26.807,5.0804403518366605,0.086395126866983,0.439,0.0802346899868578,0.2441521318751331,0.1120291132104638,1.6680224332805969,0.5798288178272198,-0.7489318805574414,45.353,0.1179,0.6965,94.57,47.5,223,NORMAL,0
2026-09-24 08:15:20,93,c1,10400,1555,1.5,Off,20.089,41.039,28.088,5.139257749765298,0.085985687857672,0.478,0.0796358685216103,0.3807431091250133,0.1563414544377996,1.7246995042122215,0.5891381746140475,-0.7346697798413846,45.692,0.1172,0.7023,94.57,47.5,222,NORMAL,0
2026-09-24 08:15:30,94,c1,10400,1555,1.5,Off,20.908,41.742,28.951,5.196280280553999,0.0879580790572527,0.486,0.0813471480855352,0.4795529760000474,0.1582882264296881,1.6955634960698749,0.5876081305952544,-0.7363734243985949,46.686,0.1198,0.7044,94.57,47.5,221,NORMAL,0
2026-09-24 08:15:40,95,c1,10400,1555,1.5,Off,20.9,41.334,29.226,5.281404476972575,0.0907685793811969,0.547,0.0843014341361255,0.382809813409473,0.1178898800404502,1.6857843983689458,0.583296824928327,-0.7464902446024699,46.317,0.1239,0.7012,94.57,47.5,220,NORMAL,0
2026-09-24 08:15:50,96,c1,10400,1555,1.5,Off,20.746,41.614,28.493,5.315431549532055,0.0922414146652242,0.434,0.0859377411161502,0.2643334663447501,0.0570085031429923,1.670261701944873,0.5796276581352106,-0.7397555589065514,46.499,0.1261,0.6972,94.57,47.5,219,NORMAL,0
2026-09-24 08:16:00,97,c1,10400,1555,1.5,Off,22.32,37.693,32.482,3.798546805603006,0.0912512432834004,0.502,0.0859495551537878,0.3205493470979212,0.1399566708007134,1.453660073094455,0.5170700121921228,-0.5689074345798479,43.806,0.1254,0.6924,94.57,47.5,218,NORMAL,0
2026-09-24 08:16:10,98,c1,10400,1555,1.5,Off,22.054,39.868,32.306,3.768635482004819,0.0948156579853849,0.562,0.0895893579713578,0.3551088063259842,0.1395316442115737,1.618895759279695,0.5943286675700921,-0.5877588382903638,45.561,0.1304,0.6984,94.57,47.5,217,NORMAL,0
2026-09-24 08:16:20,99,c1,10400,1555,1.5,Off,21.764,42.17,31.126,3.854364263580023,0.0973909421245531,0.518,0.0920414100820532,0.2214423692644116,0.0799772009734618,1.5849648095591036,0.5880147460691333,-0.584727988016958,47.455,0.134,0.6933,94.57,47.5,216,NORMAL,0
2026-09-24 08:16:30,100,c1,10400,1555,1.5,Off,22.622,40.337,32.076,3.928432398802171,0.0983179079798168,0.52,0.0932199578471368,0.1468256107582162,0.0605588533254932,1.6273810523643215,0.5821923207919828,-0.5849860293578129,46.247,0.1355,0.6924,94.57,47.5,215,NORMAL,0
2026-09-24 08:16:40,101,c1,10400,1555,1.5,Off,22.357,41.375,31.63,4.048024712394924,0.0981132473588574,0.459,0.0925635368614061,0.1562728331839857,0.0781182095771222,1.6295153259505115,0.5784295520352899,-0.5903135989684127,47.029,0.1349,0.6927,94.57,47.5,214,NORMAL,0
2026-09-24 08:16:50,102,c1,10400,1555,1.5,Off,23.05,40.853,33.733000000000004,4.112346631803357,0.0973892839171708,0.492,0.0915061005990765,0.2135295682038389,0.0695984263240183,1.6731961897679266,0.5859860663422226,-0.5927811621542349,46.907,0.1336,0.6957,94.57,47.5,213,NORMAL,0
2026-09-24 08:17:00,103,c1,10400,1555,1.5,Off,23.056,43.236,32.816,4.17017127892148,0.0966247427647661,0.454,0.0908576269202484,0.2809203217056066,0.1070229452180742,1.6222278288168113,0.5866592739407214,-0.6031636367262623,48.999,0.1326,0.6962,94.57,47.5,212,NORMAL,0
2026-09-24 08:17:10,104,c1,10400,1555,1.5,Off,23.29,41.81,32.952,4.238834857996739,0.097463263410354,0.474,0.091701246908467,0.3615407432003885,0.1400848300930679,1.696622263698479,0.5938153314406621,-0.6129200022893926,47.859,0.1338,0.7009,94.57,47.5,211,NORMAL,0
2026-09-24 08:17:20,105,c1,10400,1555,1.5,Off,23.546,42.062,33.106,4.303708277156287,0.0980763786751164,0.479,0.0921141709374378,0.2885027492519589,0.0766407615710726,1.6200763477163995,0.5881077041317564,-0.6121137750434529,48.204,0.1346,0.6964,94.57,47.5,210,NORMAL,0
2026-09-24 08:17:30,106,c1,10400,1555,1.5,Off,23.675,41.295,33.607,4.352076542760237,0.0987223051516316,0.496,0.0934933955898786,0.2494877878791439,0.074380184383934,1.702728239925059,0.5964747169176648,-0.6206572208439196,47.6,0.136,0.6977,94.57,47.5,209,NORMAL,0
2026-09-24 08:17:40,107,c1,10400,1555,1.5,Off,23.461,43.795,33.911,4.403161618965282,0.1000981218997863,0.555,0.0943424068912065,0.1799048441435471,0.0497107715278422,1.695113320826635,0.5950002290844116,-0.6260893876662372,49.683,0.1376,0.6954,94.57,47.5,208,NORMAL,0
2026-09-24 08:17:50,108,c1,10400,1555,1.5,Off,23.52,41.865,33.786,4.477017514690475,0.0994529187449916,0.671,0.0938136107497515,0.1657017811098216,0.0748920208482757,1.6413059400813816,0.5976147527166134,-0.6249858060462139,48.019,0.1367,0.6933,94.57,47.5,207,NORMAL,0
2026-09-24 08:18:00,109,c1,10400,1555,1.5,Off,23.948,41.69,34.299,4.54483313540003,0.0967993972722227,0.498,0.0911603218052034,0.2223224542403201,0.0903988492433574,1.7268959029657225,0.5948730139642695,-0.6324681779977817,48.079,0.133,0.6976,94.57,47.5,206,NORMAL,0
2026-09-24 08:18:10,110,c1,10400,1555,1.5,Off,23.295,42.581,33.148,4.59082336738782,0.0957713588890301,0.568,0.0898936505550698,0.3914363188279699,0.1658113318983356,1.7747500027375986,0.6072552236440573,-0.6456912064211555,48.537,0.1314,0.7041,94.57,47.5,205,NORMAL,0
2026-09-24 08:18:20,111,c1,10400,1555,1.5,Off,24.101,41.321,34.423,4.652073614937949,0.0952630807828857,0.488,0.0893903688945919,0.3607829859202924,0.1094725308811845,1.729163163406097,0.5954947783271949,-0.6473055459360957,47.836,0.1306,0.7018,94.57,47.5,204,NORMAL,0
2026-09-24 08:18:30,112,c1,10400,1555,1.5,Off,24.853,43.663,35.384,4.685316324299704,0.0968419968788668,0.519,0.0916581334221236,0.2946077450526991,0.1048504043837867,1.6718079429046346,0.5963714252199305,-0.6568101323186721,50.241,0.1333,0.6981,94.57,47.5,203,NORMAL,0
2026-09-24 08:18:40,113,c1,10400,1555,1.5,Off,24.165,42.449,34.289,4.790673719229422,0.098325246005353,0.503,0.0933973608061615,0.2297425752861523,0.0725818632924384,1.613284526866563,0.5888554260972213,-0.6594734221267169,48.845,0.1356,0.6944,94.57,47.5,202,NORMAL,0
2026-09-24 08:18:50,114,c1,10400,1555,1.5,Off,24.817,42.586,35.44,4.865843621043043,0.0982299776428892,0.456,0.093331090551329,0.160924281204394,0.0395878308926636,1.71246759324774,0.6041254308084598,-0.66999106538207,49.289,0.1355,0.6953,94.57,47.5,201,NORMAL,0
2026-09-24 08:19:00,115,c1,10400,1555,1.5,Off,25.235,41.999,35.517,4.890587864689789,0.0991846528259291,0.516,0.0939337786884556,0.1664333707864185,0.104720074759514,1.6491693253576625,0.5947701398264225,-0.671692467377631,48.997,0.1366,0.6936,94.57,47.5,200,NORMAL,0
2026-09-24 08:19:10,116,c1,10400,1555,1.5,Off,25.493,43.199,36.508,4.94183267196971,0.0961855391480309,0.581,0.0913347239999619,0.2447084051390682,0.1179623389936144,1.7130345316333928,0.6051845261161287,-0.6755117431279332,50.16,0.1326,0.6979,94.57,47.5,199,NORMAL,0
2026-09-24 08:19:20,117,c1,10400,1555,1.5,Off,25.079,43.661,35.609,5.025018995521898,0.0965138311783538,0.51,0.0910335008547592,0.3239658741484041,0.1484588504317368,1.682639644938667,0.5985970336403165,-0.690401488704699,50.351,0.1327,0.6993,94.57,47.5,198,NORMAL,0
2026-09-24 08:19:30,118,c1,10400,1555,1.5,Off,25.258,43.29,36.106,5.094058970867509,0.0962630275413829,0.49,0.091016086403308,0.3412258850755885,0.1128750423522806,1.6885580729901042,0.5870937463375174,-0.6891915060858378,50.12,0.1325,0.7,94.57,47.5,197,NORMAL,0
2026-09-24 08:19:40,119,c1,10400,1555,1.5,Off,25.515,45.203,36.344,5.120701393155742,0.0967678678855382,0.535,0.091646776871339,0.358864403152078,0.1219137251026833,1.7918613350067076,0.603299899775399,-0.7084856735730716,51.907,0.1333,0.7037,94.57,47.5,196,NORMAL,0
2026-09-24 08:19:50,120,c1,10400,1555,1.5,Off,25.642,44.21,36.481,5.214093331633303,0.0995731106100665,0.49,0.0940824528779518,0.2237563780217812,0.0262561990662661,1.7730301739957568,0.6070659489074628,-0.711582578494308,51.108,0.137,0.6991,94.58,47.5,195,NORMAL,0
2026-09-24 08:20:00,121,c1,10400,1555,1.5,Off,26.386,43.098,37.517,5.293904216286098,0.0993735547342236,0.505,0.0942841767846433,0.1924121075510658,0.0429563583670487,1.6956576009132285,0.591338967124277,-0.7212155793370876,50.534,0.137,0.6964,94.89,47.3,194,NORMAL,0
2026-09-24 08:20:10,122,c1,10400,1555,1.5,Off,26.251,42.818,36.891000000000005,5.322459662323113,0.098261457161285,0.48,0.0930308711829189,0.2339221605686741,0.117720518154115,1.7336514290084324,0.5923843917992596,-0.7304619645627626,50.224,0.1353,0.6994,95.19,47.1,193,NORMAL,0
2026-09-24 08:20:20,123,c1,10400,1555,1.5,Off,26.605,43.57,37.423,5.41370499988621,0.0961180211292095,0.476,0.0910640179640835,0.2759609343815459,0.1068863010530134,1.7412857310470615,0.5988762078420438,-0.7350180897732796,51.051,0.1324,0.7015,95.49,47.0,192,NORMAL,0
2026-09-24 08:20:30,124,c1,10400,1555,1.5,Off,26.897,44.714,37.881,5.467523168793074,0.0953636117308064,0.486,0.0903949835491005,0.356136277177856,0.152273411682505,1.683417571017921,0.5818750211979477,-0.7427612622069382,52.18,0.1314,0.7027,95.77,46.8,191,NORMAL,0
2026-09-24 08:20:40,125,c1,10400,1555,1.5,Off,26.444,43.584,38.81,5.488208833201251,0.0988940974730668,0.594,0.0930519832158738,0.3450719403633622,0.1176922004431428,1.683408391569018,0.5747090132947589,-0.7505636599428884,50.979,0.1358,0.703,96.05,46.6,190,NORMAL,0
2026-09-24 08:20:50,126,c1,10400,1555,1.5,Off,27.127,44.398,38.206,5.544010834566777,0.0999850902436737,0.56,0.0944009948950112,0.3455285782659363,0.0750843566432686,1.6419577377588972,0.5758270217272711,-0.7612025056453398,52.029,0.1375,0.7023,96.33,46.5,189,NORMAL,0
2026-09-24 08:21:00,127,c1,10400,1555,1.5,Off,28.313,45.5,40.129,5.651770611735445,0.0997646666447815,0.56,0.0943175405020022,0.2250194734192594,0.042837494240655,1.695808806439092,0.5794167224498258,-0.7701302389211571,53.59,0.1373,0.7008,96.6,46.3,188,NORMAL,0
2026-09-24 08:21:10,128,c1,10400,1555,1.5,Off,27.313,44.675,39.255,5.696048539135502,0.1004903961739087,0.576,0.0948743881297709,0.2181077177945085,0.0584871620824607,1.665106109068426,0.5753641180425271,-0.7801469686462537,52.363,0.1382,0.7002,96.86,46.2,187,NORMAL,0
2026-09-24 08:21:20,129,c1,10400,1555,1.5,Off,24.994,38.835,36.723,4.354414194380956,0.0895274758335048,0.486,0.0847613403004443,0.2527545790542111,0.0538237980905247,1.6387464407943169,0.5643138508116421,-0.994612421952406,46.183,0.1233,0.701,97.11,46.1,186,NORMAL,0
2026-09-24 08:21:30,130,c1,10400,1555,1.5,Off,24.897,43.398,37.147,4.397806378018013,0.0946862404252749,0.472,0.0895808300056598,0.1638394347259621,0.0721053437471193,1.6935273921560805,0.6264198407200415,-1.0007968863405452,50.032,0.1303,0.7004,97.36,45.9,185,NORMAL,0
2026-09-24 08:21:40,131,c1,10400,1555,1.5,Off,26.587,40.39,38.597,4.533224515999781,0.0959898233066519,0.438,0.0909039089667654,0.128353123672527,0.0679583636295806,1.635785971170843,0.6145766129814973,-1.0004270112464573,48.355,0.1322,0.6981,97.6,45.8,184,NORMAL,0
2026-09-24 08:21:50,132,c1,10400,1555,1.5,Off,26.529,42.938,38.534,4.637500578371634,0.0940009258575195,0.44,0.0893091798841893,0.0983376228198085,0.095807128916443,1.6106239575812928,0.626284371816621,-0.9926269107976716,50.472,0.1297,0.6969,97.83,45.7,183,NORMAL,0
2026-09-24 08:22:00,133,c1,10400,1555,1.5,Off,27.176,42.963,40.019,4.692935544544536,0.0933571811094777,0.471,0.0887922696566386,0.1392835275941482,0.1036610996233893,1.644497463673912,0.6154895655304513,-0.9974944589759072,50.837,0.1288,0.6996,98.05,45.5,182,NORMAL,0
2026-09-24 08:22:10,134,c1,10400,1555,1.5,Off,26.952,40.831,39.005,4.780364999249048,0.0924773991451634,0.543,0.0871151434937101,0.2322361455926396,0.1443425399320421,1.627586120610406,0.6167464879747074,-0.9979126222407508,48.924,0.127,0.7023,98.28,45.4,181,NORMAL,0
2026-09-24 08:22:20,135,c1,10400,1555,1.5,Off,27.331,40.79,39.445,4.865195897043484,0.0919876171178706,0.554,0.0863648228750926,0.3808682071267633,0.1297481783598244,1.6057283072719448,0.6137812282571247,-1.0037974721852403,49.1,0.1262,0.7066,98.49,45.3,180,NORMAL,0
2026-09-24 08:22:30,136,c1,10400,1555,1.5,Off,27.315,43.481,39.921,4.935041693042658,0.0938993979153153,0.517,0.0880936764677362,0.3748278101332505,0.1022083201105417,1.6236263974668494,0.6141567150282092,-1.0148851846575246,51.349,0.1288,0.7073,98.7,45.2,179,NORMAL,0
2026-09-24 08:22:40,137,c1,10400,1555,1.5,Off,27.998,42.947,41.336,5.074815208790009,0.0939470338304066,0.503,0.0885737366462756,0.3411695779799091,0.0938892875357866,1.5983820280313354,0.6079734108113093,-1.0214421347326534,51.267,0.1291,0.706,98.9,45.1,178,NORMAL,0
2026-09-24 08:22:50,138,c1,10400,1555,1.5,Off,28.914,43.638,41.501000000000005,5.132347132800902,0.0955696206345734,0.492,0.0905814387651268,0.177481684692343,0.0356282353243848,1.5961585258541169,0.6052548609426436,-1.022403382629685,52.348,0.1317,0.7014,99.09,44.9,177,NORMAL,0
2026-09-24 08:23:00,139,c1,10400,1555,1.5,Off,29.338,43.765,43.233,5.255781659090599,0.0951059191775575,0.458,0.0900753608549241,0.1502981070766593,0.0416728060217002,1.6098108063398646,0.6024439409485629,-1.0304712054396263,52.689,0.131,0.7014,99.28,44.8,176,NORMAL,0
2026-09-24 08:23:10,140,c1,10400,1555,1.5,Off,29.475,43.415,42.68,5.314954295678144,0.0950589290432235,0.507,0.0898148046312648,0.1543919471815606,0.0722197206025545,1.6431222329473243,0.6104766139652834,-1.0368379337752045,52.475,0.1308,0.7029,99.47,44.7,175,NORMAL,0
2026-09-24 08:23:20,141,c1,10400,1555,1.5,Off,29.927,43.097,42.918,5.42644690854092,0.093495076747764,0.459,0.0883950635756423,0.2013708438904862,0.0952821634320235,1.5641377969353627,0.5992061325356584,-1.0489165898945128,52.469,0.1287,0.7023,99.65,44.6,174,NORMAL,0
2026-09-24 08:23:30,142,c1,10400,1555,1.5,Off,29.866,42.372,44.155,5.511512683632789,0.0936706915328744,0.568,0.088277000884404,0.3415184627657326,0.1116680422467868,1.5949229908082885,0.5961513742646483,-1.0535438388449718,51.84,0.1287,0.7077,99.82,44.5,173,NORMAL,0
2026-09-24 08:23:40,143,c1,10400,1555,1.5,Off,29.618,45.908,42.353,5.535387119104112,0.0944134023209402,0.481,0.0888853942433392,0.3674793928139039,0.0791705771541382,1.593834237413624,0.6046350383397543,-1.060933680319285,54.633,0.1297,0.7088,99.99,44.4,172,NORMAL,0
2026-09-24 08:23:50,144,c1,10400,1555,1.5,Off,30.884,43.961,44.404,5.596825380715279,0.0952048024583997,0.542,0.0895682008582253,0.4021581968617309,0.0919930108101589,1.5000020458597776,0.5837207626053462,-1.0631083143783315,53.725,0.1307,0.7074,100.16,44.4,171,NORMAL,0
2026-09-24 08:24:00,145,c1,10400,1555,1.5,Off,31.508,44.302,44.85,5.684115093798509,0.095863514267369,0.54,0.0902746952699462,0.2852768790897948,0.0468190910424453,1.448410001891932,0.5763652893786367,-1.0623432643889772,54.364,0.1317,0.7026,100.32,44.3,170,NORMAL,0
2026-09-24 08:24:10,146,c1,10400,1555,1.5,Off,31.14,43.679,44.544,5.8359952683471095,0.1009313451799929,0.537,0.0949271895435549,0.1410887172749353,0.0256670302262449,1.4693430587573264,0.5697833310947753,-1.0670039613388298,53.643,0.1386,0.6993,100.48,44.2,169,NORMAL,0
2026-09-24 08:24:20,147,c1,10400,1555,1.5,Off,32.353,45.495,46.244,5.928479521220895,0.0999641004487336,0.599,0.0945227692796849,0.1404611415801033,0.0523872928394655,1.4420603912592531,0.5618258843432088,-1.061381608906777,55.826,0.1376,0.6987,100.63,44.1,168,NORMAL,0
2026-09-24 08:24:30,148,c1,10400,1555,1.5,Off,32.942,44.809,47.228,5.98923548345975,0.0992291643531401,0.532,0.0936539613717927,0.1550565168506565,0.1297012210738377,1.4688015889209245,0.5704990940205653,-1.0638797575698544,55.615,0.1364,0.7003,100.78,44.0,167,NORMAL,0
2026-09-24 08:24:40,149,c1,10400,1555,1.5,Off,33.618,44.656,47.393,6.095182877959926,0.0982591090569714,0.582,0.0921940330801267,0.3579126109398811,0.1556540440638802,1.4950771997748724,0.5696761989775324,-1.0620665063819354,55.896,0.1347,0.7074,100.92,43.9,166,NORMAL,0
2026-09-24 08:24:50,150,c1,10400,1555,1.5,Off,34.604,46.327,49.936,6.1413817665115165,0.0991047156940113,0.55,0.0933565767998863,0.3983387082741036,0.1062706599054861,1.47723002972356,0.5657761459536359,-1.0684460934311977,57.824,0.1362,0.7086,101.18,43.8,165,NORMAL,0
2026-09-24 08:25:00,151,c1,10400,1555,1.5,Off,34.35,45.017,49.294,6.252584321439629,0.0987541808830002,0.578,0.0937058288260648,0.4391662938941238,0.0958344278338909,1.4935764759341028,0.5698728723752998,-1.0663164218650767,56.626,0.1361,0.7112,101.6,43.6,164,NORMAL,0
2026-09-24 08:25:10,152,c1,10400,1555,1.5,Off,34.367,45.394,49.741,6.251776390728928,0.100279990706441,0.577,0.0951207516604243,0.2894508859870428,0.0494422515338222,1.44371845242146,0.5624226953614208,-1.079302315492593,56.936,0.1382,0.706,102.02,43.3,163,NORMAL,0
2026-09-24 08:25:20,153,c1,10400,1555,1.5,Off,33.363,45.325,48.801,6.2845301280504735,0.1028850300541842,0.499,0.0973587463795773,0.177003279681327,0.0661328490909185,1.3814107326701237,0.5552135646846676,-1.0809755020048566,56.28,0.1416,0.7017,102.45,43.1,162,NORMAL,0
2026-09-24 08:25:30,154,c1,10400,1555,1.5,Off,34.246,45.766,48.985,6.343100882379694,0.1028899761177236,0.574,0.0973081930699486,0.1237263150752552,0.0661031097219466,1.301250389305408,0.5307553869968356,-1.0782474980316457,57.16,0.1416,0.6985,102.89,42.8,161,NORMAL,0
2026-09-24 08:25:40,155,c1,10400,1555,1.5,Off,34.596,46.184,49.425,6.4096203701175165,0.1025294347424098,0.528,0.0966898867221552,0.1477636644505953,0.1029415263061239,1.278790014817445,0.5171751986758282,-1.081666759960177,57.705,0.1409,0.6995,103.33,42.6,160,NORMAL,0
2026-09-24 08:25:50,156,c1,10400,1555,1.5,Off,35.083,45.155,50.997,6.526836865306123,0.1023160123461625,0.494,0.0955444049251065,0.2859821911284821,0.0993886182114942,1.2704007001575146,0.5110667110347559,-1.0785984846174002,57.182,0.14,0.7042,103.78,42.3,159,NORMAL,0
2026-09-24 08:26:00,157,c1,10400,1555,1.5,Off,34.926,46.101,50.495000000000005,6.589441405431982,0.1041222812141592,0.564,0.0981008198315953,0.3158528551886808,0.1346853441749345,1.2653754965183346,0.5137393472020466,-1.0827068744227828,57.837,0.1431,0.7059,104.23,42.1,158,NORMAL,0
2026-09-24 08:26:10,158,c1,10400,1555,1.5,Off,36.706,44.969,53.976,6.729148872734886,0.1041859214597909,0.555,0.0990668097049629,0.3675336922320578,0.1270132109741819,1.2004875996136422,0.5101068152382324,-1.075294496297787,58.048,0.1438,0.7064,104.68,41.8,157,NORMAL,0
2026-09-24 08:26:20,159,c1,10400,1555,1.5,Off,36.399,46.339,52.944,6.778258126926175,0.1095792514656832,0.548,0.103272794170455,0.4203064724103842,0.0892474012899042,1.2256594570352952,0.5130691253229611,-1.076206471818957,58.925,0.1506,0.7097,105.14,41.6,156,NORMAL,0
2026-09-24 08:26:30,160,c1,10400,1555,1.5,Off,36.489,47.651,52.995,6.82995294498028,0.1095523023525445,0.562,0.1048879076954343,0.2467007956617486,0.0370972413253749,1.2888398781340085,0.5245121267217162,-1.081619869726551,60.017,0.1517,0.7073,105.61,41.3,155,NORMAL,0
2026-09-24 08:26:40,161,c1,10400,1555,1.5,Off,42.102,43.542,63.133,4.878950188594522,0.1056118718318446,0.551,0.0959692399632995,0.3203261258599266,0.1216470779951626,0.971659481579084,0.4081821113217646,-0.8969134213595318,60.568,0.1427,0.7009,106.07,41.1,154,NORMAL,0
2026-09-24 08:26:50,162,c1,10400,1555,1.5,Off,42.081,46.119,63.044,4.75409567663782,0.1102828006590075,0.595,0.0984480022104398,0.3603190327098238,0.0814900560920039,1.1059332649208926,0.4457577519970024,-0.9085558601185152,62.432,0.1478,0.7071,106.54,40.8,153,NORMAL,0
2026-09-24 08:27:00,163,c1,10400,1555,1.5,Off,42.676,45.395,63.542,4.813332248387377,0.1096858820774051,0.638,0.0988001683589159,0.3800317472135202,0.1386568228057139,1.1473870514453903,0.4521380712579039,-0.9123426348781272,62.305,0.1476,0.7099,107.02,40.5,152,NORMAL,0
2026-09-24 08:27:10,164,c1,10400,1555,1.5,Off,42.921,45.633,64.38,4.914099082568807,0.1089930657256276,0.606,0.0987760802586055,0.4455553169015362,0.2248390570905192,1.153877079671993,0.4604153660277577,-0.9118965887602511,62.646,0.1471,0.713,107.49,40.3,151,NORMAL,0
2026-09-24 08:27:20,165,c1,10400,1555,1.5,Off,42.195,47.129,63.625,5.0487246746746735,0.1081232356322354,0.611,0.0983686168152209,0.4697612176662535,0.2298725564682979,1.16713806938865,0.4635025184313442,-0.9213881189373097,63.258,0.1462,0.715,107.97,40.0,150,NORMAL,0
2026-09-24 08:27:30,166,c1,10400,1555,1.5,Off,43.247,48.611,65.821,5.1350131317821,0.1050506453571755,0.593,0.0973766430489033,0.5692533854881541,0.2249292849347273,1.181042556416207,0.4490608235322506,-0.9203697806253724,65.064,0.1432,0.7194,108.45,39.8,149,NORMAL,0
2026-09-24 08:27:40,167,c1,10400,1555,1.5,Off,44.076,45.971,66.892,5.17611090570488,0.1064406097098108,0.588,0.0987707070437267,0.5946169947987099,0.1940482749020211,1.1171773923515351,0.4537640286043067,-0.9295761925445292,63.687,0.1452,0.7192,108.93,39.5,148,NORMAL,0
2026-09-24 08:27:50,168,c1,10400,1555,1.5,Off,44.381,46.503,67.143,5.270239478871252,0.1084179002630117,0.603,0.1011920618738283,0.5956945580030664,0.1887923686441865,1.1404145776149814,0.4590402251101191,-0.927261454321302,64.282,0.1483,0.7209,109.41,39.2,147,NORMAL,0
2026-09-24 08:28:00,169,c1,10400,1555,1.5,Off,44.792,46.863,67.968,5.377398984429743,0.110086838580978,0.684,0.1032121436466739,0.4786340931012929,0.1231647318190916,1.1670523771098784,0.4577688452889761,-0.9264883567896968,64.826,0.1509,0.7192,109.89,38.9,146,NORMAL,0
2026-09-24 08:28:10,170,c1,10400,1555,1.5,Off,44.411,48.77,67.762,5.404956248833621,0.108511647598417,0.656,0.10181994375885,0.4047144919073742,0.1195836889025314,1.1214724596934085,0.4496998183745906,-0.9409396746043616,65.961,0.1488,0.7165,110.38,38.7,145,NORMAL,0
2026-09-24 08:28:20,171,c1,10400,1555,1.5,Off,46.866,49.019,69.618,5.443832723682655,0.1077214108923782,0.64,0.1021463033354046,0.4524424941754117,0.213281754048296,1.0404048821751406,0.4311278244785049,-0.9396932079832818,67.818,0.1485,0.7165,110.86,38.4,144,NORMAL,0
2026-09-24 08:28:30,172,c1,10400,1555,1.5,Off,46.774,51.047,69.804,5.520417136717702,0.1085646584965616,0.587,0.1033049310538241,0.4006714780113887,0.1989597638709872,1.0822148172452328,0.4328258460137421,-0.94723577514738,69.236,0.1499,0.7172,111.35,38.1,143,NORMAL,0
2026-09-24 08:28:40,173,c1,10400,1555,1.5,Off,49.85,49.312,72.048,5.607530127227622,0.1062864018829021,0.672,0.1013380217244192,0.5721324227378792,0.2365087180116494,1.0805312875075763,0.4360475313298041,-0.95519183086404,70.119,0.1469,0.7232,111.83,37.9,142,NORMAL,0
2026-09-24 08:28:50,174,c1,10400,1555,1.5,Off,46.723,49.938,69.868,5.663906076543705,0.107287187591128,0.64,0.1023589371163505,0.7033663317497414,0.2075656882672594,0.9927713015194476,0.4235208117981285,-0.9603919963969204,68.387,0.1483,0.7255,112.31,37.6,141,NORMAL,0
2026-09-24 08:29:00,175,c1,10400,1555,1.5,Off,46.781,50.413,69.702,5.7092150524423815,0.1054914780808814,0.583,0.1017509072098537,0.4849916953338589,0.0821134480822944,0.9875063078973384,0.4180590294615763,-0.969656004420674,68.775,0.1466,0.7198,112.79,37.3,140,NORMAL,0
2026-09-24 08:29:10,176,c1,10400,1555,1.5,Off,47.193,49.055,70.265,5.819804550564612,0.1089223990600426,0.594,0.1054255594854545,0.4412257956722505,0.038606146671599,0.9197623272743294,0.4102848352067572,-0.971894382535536,68.07,0.1516,0.7174,113.27,37.1,139,NORMAL,0
2026-09-24 08:29:20,177,c1,10400,1555,1.5,Off,48.459,49.112,72.976,5.962783051047883,0.1103450950177509,0.63,0.1069300585644982,0.3290351065826158,0.0198338801107396,0.9453201364671222,0.4226339306951049,-0.9760671116143528,68.995,0.1537,0.7157,113.75,36.8,138,NORMAL,0
2026-09-24 08:29:30,178,c1,10400,1555,1.5,Off,48.62,52.064,72.989,6.0161375819834415,0.1122363778895652,0.553,0.1082822244975648,0.3368912973637386,0.1037960363470347,0.8873763340731191,0.4159858535769037,-0.9792110960217268,71.236,0.156,0.7152,114.23,36.5,137,NORMAL,0
2026-09-24 08:29:40,179,c1,10400,1555,1.5,Off,49.611,52.753,74.042,6.126302057257294,0.1126099736228271,0.653,0.1074562426442958,0.4759841305173431,0.1397329533902174,0.8964390928922841,0.4163322458562584,-0.9803151304549588,72.416,0.1557,0.7206,114.71,36.3,136,NORMAL,0
2026-09-24 08:29:50,180,c1,10400,1555,1.5,Off,49.582,53.421,73.786,6.1639824009027055,0.1123769476132488,0.629,0.1069856894223451,0.507534559198001,0.1483252151366358,0.8626570057494067,0.415378273907544,-0.9849309330920892,72.885,0.1552,0.7215,115.18,36.0,135,NORMAL,0
2026-09-24 08:30:00,181,c1,10400,1555,1.5,Off,51.348,52.805,75.844,6.288169653834594,0.1141334035908965,0.66,0.1083835936268115,0.6527715269861645,0.129583348047992,0.8355701179835489,0.4077611501448479,-0.9848161136745296,73.654,0.1574,0.7259,115.65,35.8,134,NORMAL,0
2026-09-24 08:30:10,182,c1,10400,1555,1.5,Off,51.753,53.36,76.695,6.34534782648273,0.1157123618818955,0.633,0.1098730463796697,0.6537645631077975,0.0749220946555424,0.8382730802086891,0.416408125847449,-0.9865774477491538,74.335,0.1596,0.727,116.12,35.5,133,NORMAL,0
2026-09-24 08:30:20,183,c1,10400,1555,1.5,Off,53.394,54.202,77.725,6.442867482931272,0.1189441606887362,0.717,0.1133243918238633,0.5458506131917353,0.0528533430307835,0.810346269948699,0.4139375983332879,-0.9863594013517818,76.084,0.1643,0.7238,116.58,35.2,132,NORMAL,0
2026-09-24 08:30:30,184,c1,10400,1555,1.5,Off,52.593,52.953,77.218,6.508102274950966,0.1209569321523533,0.655,0.1145627081841823,0.4338456485548763,0.0190243383757011,0.7999513825657387,0.4160141404631876,-0.9880575000397354,74.633,0.1666,0.7211,117.04,35.0,131,NORMAL,0
2026-09-24 08:30:40,185,c1,10400,1555,1.5,Off,54.578,53.961,80.14500000000001,6.641238604776007,0.1208920166947475,0.629,0.1149257223217979,0.3943541230913792,0.0951820486704693,0.6910265928670651,0.3981853727226083,-0.9835750652948808,76.75,0.1668,0.7176,117.5,34.7,130,NORMAL,0
2026-09-24 08:30:50,186,c1,10400,1555,1.5,Off,53.415,53.159,78.953,6.691295966574729,0.119595871921657,0.658,0.114092815803128,0.4433870428174153,0.0912363554274087,0.760632616197972,0.4130674318526673,-0.989663032747929,75.359,0.1653,0.722,117.95,34.5,129,NORMAL,0
2026-09-24 08:31:00,187,c1,10400,1555,1.5,Off,53.291,54.857,80.789,6.739951712615633,0.1146037192959255,0.653,0.111117487835934,0.6045630068264609,0.1202389062174975,0.677269635980061,0.3908956192861366,-1.0004874851972136,76.48,0.1596,0.7253,118.4,34.2,128,NORMAL,0
2026-09-24 08:31:10,188,c1,10400,1555,1.5,Off,56.266,54.673,84.323,6.805688611500446,0.1156542986548685,0.676,0.1130396035218513,0.7307197510217729,0.1613310025634526,0.7039513740491374,0.3951244058672369,-0.9982076699928292,78.454,0.1617,0.7307,118.85,34.0,127,NORMAL,0
2026-09-24 08:31:20,189,c1,10400,1555,1.5,Off,55.863,56.813,82.297,6.933669761134396,0.1167160635876795,0.655,0.1145991944436167,0.5376377734380755,0.0527942506915355,0.6829099700776307,0.400999439590112,-1.002638261564803,79.677,0.1636,0.7252,119.29,33.7,126,NORMAL,0
2026-09-24 08:31:30,190,c1,10400,1555,1.5,Off,55.239,56.132,83.847,6.981578722978291,0.1199731752106943,0.627,0.1180191804642683,0.4601593918880406,0.0454548858797956,0.6537024338597157,0.388458119614228,-1.0136355303949869,78.754,0.1683,0.7229,119.72,33.5,125,NORMAL,0
2026-09-24 08:31:40,191,c1,10400,1555,1.5,Off,55.803,56.182,84.027,7.104873304607106,0.1185101368769832,0.653,0.1184113456769481,0.4404901342164882,0.0568479520126441,0.6317003602488054,0.3871368115624389,-1.0103857130342433,79.186,0.1675,0.7225,120.16,33.2,124,NORMAL,0
2026-09-24 08:31:50,192,c1,10400,1555,1.5,Off,58.199,56.401,86.138,7.210680049691474,0.1181131905151102,0.672,0.1180789672184436,0.5110415012958427,0.078492588229361,0.6267149956444871,0.3862075866565038,-1.0117297219623709,81.044,0.167,0.7253,120.58,33.0,123,NORMAL,0
2026-09-24 08:32:00,193,c1,10400,1555,1.5,Off,58.537,53.765,87.643,5.609792436227971,0.130457851797957,0.732,0.1267341187710191,0.5202501025085189,0.1035330781032124,0.4402907129953592,0.3549621773070497,-0.9770816464661009,79.481,0.1819,0.7208,121.0,32.8,122,NORMAL,0
2026-09-24 08:32:10,194,c1,10400,1555,1.5,Off,61.084,55.28,90.193,5.886401675067786,0.1287004616924993,0.646,0.1266898419811597,0.5583436662718664,0.0738568434914328,0.5339591726350759,0.3814776750688825,-0.9773438537814724,82.384,0.1806,0.7256,121.42,32.5,121,NORMAL,0
2026-09-24 08:32:20,195,c1,10400,1555,1.5,Off,63.66,55.7,93.321,6.035394073811215,0.1282202370878552,0.715,0.1269329854313722,0.4499035964035554,0.0115013110470654,0.5369219802764822,0.3779764479960777,-0.9749649472036572,84.588,0.1804,0.7233,121.83,32.3,120,NORMAL,0
2026-09-24 08:32:30,196,c1,10400,1555,1.5,Off,62.46,57.635,91.02,6.059963621558672,0.1268301925510181,0.758,0.1264395652557444,0.4310354072150417,0.0190766165110609,0.5024465590082432,0.3758805205799101,-0.978192805950528,84.988,0.1791,0.7225,122.24,32.1,119,NORMAL,0
2026-09-24 08:32:40,197,c1,10400,1555,1.5,Off,62.008,57.415,91.436,6.21735456310503,0.1293119921410699,0.658,0.1277421859944549,0.3582020834597275,0.0635396156626253,0.4584367988602786,0.3715499232706947,-0.9763602090565672,84.507,0.1818,0.7198,122.63,31.9,118,NORMAL,0
2026-09-24 08:32:50,198,c1,10400,1555,1.5,Off,62.985,58.566,91.922,6.276717043759775,0.1266327276559677,0.686,0.1266772427163827,0.4026996796236459,0.0721798402995861,0.4454156056104033,0.3714626292893957,-0.9769882146450022,86.006,0.1791,0.7215,123.03,31.7,117,NORMAL,0
2026-09-24 08:33:00,199,c1,10400,1555,1.5,Off,64.249,60.163,94.426,6.375866147820984,0.1253676613735906,0.716,0.1253493019265621,0.5750823787192392,0.1426813714111396,0.4054667953191506,0.3675392799454671,-0.976952303315636,88.02,0.1773,0.7262,123.41,31.4,116,NORMAL,0
2026-09-24 08:33:10,200,c1,10400,1555,1.5,Off,65.634,59.164,97.188,6.424961912299136,0.1277694623068589,0.669,0.1276435293623881,0.5449738929379402,0.0826367683906341,0.3935657475451006,0.3621463443084103,-0.9807836533579568,88.364,0.1806,0.7257,123.8,31.2,115,NORMAL,0
2026-09-24 08:33:20,201,c1,10400,1555,1.5,Off,68.657,59.559,100.029,6.568079940306384,0.1308553354947861,0.687,0.1300279965052179,0.4874522671303745,0.0601015953191321,0.412473889839382,0.3667270558003426,-0.9822894586185348,90.89,0.1845,0.7253,124.17,31.0,114,NORMAL,0
2026-09-24 08:33:30,202,c1,10400,1555,1.5,Off,66.49,59.545,98.39,6.662755387043799,0.1328656752771475,0.741,0.1315805566252112,0.430398451485984,0.0699523890612474,0.3615689637951256,0.3587288154072137,-0.9833957665927132,89.255,0.187,0.7228,124.54,30.8,113,NORMAL,0
2026-09-24 08:33:40,203,c1,10400,1555,1.5,Off,68.229,60.338,101.28,6.756425953302615,0.133817517869518,0.707,0.1322199462345551,0.4869097867864149,0.1121441282368693,0.3792096592469263,0.3611882149159178,-0.9853052138074632,91.082,0.1881,0.7258,124.9,30.6,112,NORMAL,0
2026-09-24 08:33:50,204,c1,10400,1555,1.5,Off,70.254,59.459,104.047,6.77189964115322,0.1325706097530533,0.711,0.1311990943779594,0.5198034257584832,0.1748730031196959,0.307897930473636,0.3502708643237111,-0.9847900815793652,92.038,0.1865,0.7253,125.26,30.4,111,NORMAL,0
2026-09-24 08:34:00,205,c1,10400,1555,1.5,Off,69.04,60.573,101.362,6.90381524883996,0.1340151488972678,0.733,0.1323253112813107,0.6952709984829624,0.1692579086897399,0.3068627671937967,0.350192458128808,-0.9882668198669512,91.846,0.1883,0.7313,125.61,30.2,110,NORMAL,0
2026-09-24 08:34:10,206,c1,10400,1555,1.5,Off,70.947,59.712,103.904,6.957707815037001,0.135032930487345,0.746,0.1339322487688985,0.5350253461674601,0.1163055932332253,0.2823836724835264,0.3517922536242554,-0.9900887545995268,92.731,0.1902,0.7264,125.95,30.0,109,NORMAL,0
2026-09-24 08:34:20,207,c1,10400,1555,1.5,Off,70.846,61.374,104.379,7.020843182924443,0.138047289466742,0.709,0.1367014652086567,0.5084288762287716,0.0911747955239339,0.3116177825189901,0.3576516922102432,-0.9953656076956888,93.733,0.1943,0.7272,126.29,29.8,108,NORMAL,0
2026-09-24 08:34:30,208,c1,10400,1555,1.5,Off,68.939,61.214,103.019,7.061035276945394,0.139226535979044,0.71,0.1384119802772566,0.3859648524634473,0.1061874073518618,0.2881065931156348,0.3554883385317765,-0.9961906231528124,92.194,0.1963,0.7235,126.62,29.7,107,NORMAL,0
2026-09-24 08:34:40,209,c1,10400,1555,1.5,Off,72.292,62.594,106.509,7.140419401381848,0.1372174037139306,0.701,0.1369039622287958,0.4783722149420808,0.209715429132395,0.2825573054505401,0.3544180991306299,-0.9974283358600656,95.625,0.1938,0.7267,126.94,29.5,106,NORMAL,0
2026-09-24 08:34:50,210,c1,10400,1555,1.5,Off,74.196,62.28,107.901,7.166913381598767,0.1356589179959879,0.778,0.1362903777798184,0.5669988526203036,0.2252852502834299,0.2986118686213732,0.3592300218052708,-0.9973395663305786,96.87,0.1923,0.7305,127.26,29.3,105,NORMAL,0
2026-09-24 08:35:00,211,c1,10400,1555,1.5,Off,71.829,60.272,105.469,7.262245993246994,0.1358985961579564,0.777,0.135556128140358,0.5636624336034552,0.1568243923514729,0.2736277208424997,0.3569282823136564,-0.9974410567669384,93.766,0.1919,0.7303,127.57,29.1,104,NORMAL,0
2026-09-24 08:35:10,212,c1,10400,1555,1.5,Off,71.469,63.675,105.946,7.282618203728969,0.1365198118270901,0.773,0.1378373005476348,0.5747620675911276,0.1434970653978777,0.2261221539420206,0.3454485312009803,-0.9991770820348584,95.72,0.194,0.7298,127.87,29.0,103,NORMAL,0
2026-09-24 08:35:20,213,c1,10400,1555,1.5,Off,73.32,61.48,107.869,7.349786801684234,0.1357820294517751,0.859,0.1384257796182398,0.5148876582537651,0.1010443829014184,0.2097999906173622,0.3392053672484794,-1.0025019610492465,95.685,0.1939,0.7281,128.17,28.8,102,NORMAL,0
2026-09-24 08:35:30,214,c1,10400,1555,1.5,Off,73.776,60.279,108.615,7.373080422967594,0.1350186470449719,0.729,0.137186208168039,0.483422166965791,0.1733026606123888,0.1720283321259379,0.3351659651291881,-1.0057515204379226,95.27,0.1925,0.7266,128.46,28.6,101,NORMAL,0
2026-09-24 08:35:40,215,c1,10400,1555,1.5,Off,74.011,61.78,109.566,7.497539643630278,0.1356933710445365,0.725,0.1382407011907259,0.5675514881845483,0.2572855112019883,0.1814691403378088,0.3409294811601247,-1.0055283621632969,96.407,0.1937,0.73,128.75,28.5,100,NORMAL,0
2026-09-24 08:35:50,216,c1,10400,1555,1.5,Off,77.062,63.525,112.883,7.55251349163396,0.1356665516603583,0.721,0.13753171570747,0.5856369271008797,0.2021562528672684,0.1422815061892426,0.334506283210789,-1.0054947837175174,99.87,0.1932,0.7299,129.02,28.3,99,NORMAL,0
2026-09-24 08:36:00,217,c1,10400,1555,1.5,Off,76.02,61.971,114.618,7.652795665676907,0.138908801101839,0.847,0.1401426929662662,0.6728723674331345,0.1889093098059056,0.178279199193807,0.3422962004163851,-1.0058994110861013,98.079,0.1973,0.7341,129.3,28.2,98,NORMAL,0
2026-09-24 08:36:10,218,c1,10400,1555,1.5,Off,75.165,64.156,111.656,7.7297198200426545,0.1394880581048513,0.798,0.1410579710786682,0.5442505338962351,0.0519493079708452,0.1385328345326746,0.3314387631902429,-1.0151617564079864,98.822,0.1984,0.7296,129.56,28.0,97,NORMAL,0
2026-09-24 08:36:20,219,c1,10400,1555,1.5,Off,76.968,63.375,115.783,7.7408214922332546,0.1416647403971397,0.811,0.143215017374874,0.602367980452382,0.130632424750003,0.1222612909053744,0.3271349588479797,-1.0102725228267422,99.702,0.2014,0.7314,129.82,27.9,96,NORMAL,0
2026-09-24 08:36:30,220,c1,10400,1555,1.5,Off,78.577,64.569,117.48,7.8816086495827555,0.1421188595385035,0.753,0.1431706724646912,0.5305649025473271,0.196391100131088,0.1035373871021851,0.3223972174441792,-1.0123541881309026,101.703,0.2017,0.7292,130.08,27.7,95,NORMAL,0
2026-09-24 08:36:40,221,c1,10400,1555,1.5,Off,78.852,64.207,116.717,7.996197408765434,0.1419763188823132,0.843,0.1427260353312454,0.6106982701060861,0.1911824327222486,0.0923055965640666,0.3267080934424013,-1.012238810841834,101.687,0.2013,0.7317,130.32,27.6,94,NORMAL,0
2026-09-24 08:36:50,222,c1,10400,1555,1.5,Off,81.223,68.062,120.115,8.15207072084356,0.1564422114663982,0.955,0.1490630246622917,0.7575302293630553,0.2230697297988104,0.0872153783959013,0.3168931771723359,-1.01203601943824,105.97,0.2161,0.7365,130.56,27.5,93,NORMAL,0
2026-09-24 08:37:00,223,c1,10400,1555,1.5,Off,80.957,65.921,120.423,8.254247234837637,0.1510751239226528,0.819,0.147765601169351,0.6793245803353196,0.1507889508234656,0.0266680384123381,0.3060215853957703,-1.012574517454916,104.401,0.2113,0.7328,130.8,27.3,92,NORMAL,0
2026-09-24 08:37:10,224,c1,10400,1555,1.5,Off,81.575,66.997,122.297,8.385828327390483,0.1569608377776368,0.88,0.1524862135749822,0.6581708347831374,0.1629556275432282,0.0123600991066132,0.301928203595084,-1.0137145159885566,105.561,0.2188,0.7322,131.03,27.2,91,NORMAL,0
2026-09-24 08:37:20,225,c1,10400,1555,1.5,Off,76.584,51.061,105.167,6.074206041666666,0.1526503832436602,0.89,0.1428692123718901,0.5779510532303762,0.3012745481594097,-0.2698616107757012,0.2267083123801247,-1.0194016157268324,92.045,0.2091,0.7218,131.26,27.1,90,NORMAL,0
2026-09-24 08:37:30,226,c1,10400,1555,1.5,Off,82.406,57.02,110.724,6.383136512784155,0.1529246051702542,0.903,0.1438999874194859,0.4828740794639743,0.2440327987951951,-0.2182917099422994,0.2557310845855253,-1.0239850224053173,100.21,0.21,0.7209,131.47,27.0,89,NORMAL,0
2026-09-24 08:37:40,227,c1,10400,1555,1.5,Off,88.095,57.334,114.483,6.466917855242997,0.1555571508013569,0.808,0.1458092886796673,0.4451397345686327,0.2146465953431962,-0.2198120351295518,0.2518278187876647,-1.028505557287519,105.109,0.2132,0.7201,131.69,26.8,88,NORMAL,0
2026-09-24 08:37:50,228,c1,10400,1555,1.5,Off,92.345,55.215,115.384,6.467132118005845,0.1556785745713325,0.78,0.1463272022599225,0.4125648371353132,0.1858306347548479,-0.2359942060523576,0.2510971609893422,-1.0297604949951753,107.593,0.2137,0.7191,131.9,26.7,87,NORMAL,0
2026-09-24 08:38:00,229,c1,10400,1555,1.5,Off,95.823,57.755,115.932,6.528859509503594,0.1580240951334572,0.981,0.1474800979146171,0.4223429184455205,0.1796528195783269,-0.2431157864800073,0.2521211860704783,-1.0327224198395475,111.882,0.2162,0.7196,132.1,26.6,86,NORMAL,0
2026-09-24 08:38:10,230,c1,10400,1555,1.5,Off,100.84,60.054,117.427,6.668213350556695,0.1619701934641845,0.819,0.1498598543017976,0.4644906314223269,0.1156222333725192,-0.2578147635058965,0.2442212256140033,-1.0394179714083298,117.368,0.2207,0.7208,132.3,26.5,85,NORMAL,0
2026-09-24 08:38:20,231,c1,10400,1555,1.5,Off,103.87,59.975,118.295,6.64353333454572,0.1613388493857535,0.913,0.1492489452991606,0.4755009508679908,0.1126589104825375,-0.2362318962428005,0.2537732614179263,-1.0346929627913897,119.942,0.2198,0.7222,132.5,26.4,84,NORMAL,0
2026-09-24 08:38:30,232,c1,10400,1555,1.5,Off,107.95,60.483,119.361,6.710100207771662,0.1622098889251342,0.847,0.1490151550098629,0.5458261716346628,0.1080555742903759,-0.2551434392511007,0.2521063754008711,-1.0371122251274525,123.739,0.2203,0.7241,132.69,26.3,83,NORMAL,0
2026-09-24 08:38:40,233,c1,10400,1555,1.5,Off,113.12,59.717,122.682,6.767272985631138,0.163558743471111,0.953,0.1504463496877524,0.4909240640810361,0.171060961830336,-0.2727904326852486,0.2502804805112688,-1.0352951349710309,127.915,0.2222,0.7223,132.87,26.2,82,NORMAL,0
2026-09-24 08:38:50,234,c1,10400,1555,1.5,Off,116.36,61.06,123.622,6.83377530234651,0.1651840062134024,0.836,0.1510914241720881,0.5127408941587279,0.1459670519972054,-0.2597149797216325,0.2547060402642462,-1.032809413631894,131.408,0.2239,0.7237,133.06,26.1,81,NORMAL,0
2026-09-24 08:39:00,235,c1,10400,1555,1.5,Off,121.88,60.885,126.832,6.892192741671517,0.1681031122319967,0.964,0.1518850072222643,0.5988306624004935,0.1223504800764225,-0.2589349389004258,0.2490520934677379,-1.032447401258988,136.241,0.2266,0.7267,133.24,26.0,80,NORMAL,0
2026-09-24 08:39:10,236,c1,10400,1555,1.5,Off,123.44,60.945,124.996,6.902271108788037,0.1686368442931671,1.007,0.1525355214587277,0.5508758621680307,0.1594904054434289,-0.268220070563177,0.2433744438665949,-1.0311946139116193,137.665,0.2274,0.7253,133.41,25.9,79,NORMAL,0
2026-09-24 08:39:20,237,c1,10400,1555,1.5,Off,127.86,60.988,127.19,6.933095898566202,0.1697874404480957,1.126,0.1531776317007297,0.5225070327906103,0.1824197657041772,-0.2818200721485699,0.2437289733604649,-1.0310367938369092,141.661,0.2287,0.7244,133.58,25.8,78,NORMAL,0
2026-09-24 08:39:30,238,c1,10400,1555,1.5,Off,130.18,61.008,127.876,6.97244500129612,0.1736445252001517,0.957,0.1544542532344494,0.5638061816901438,0.1693369034000218,-0.2741620963064521,0.24576207957843,-1.0308693507197917,143.767,0.2324,0.7262,133.75,25.7,77,NORMAL,0
2026-09-24 08:39:40,239,c1,10400,1555,1.5,Off,135.43,64.603,130.62,7.03937600814701,0.1744858754986273,1.035,0.1545539524257833,0.6255586144549916,0.1932186509327147,-0.2745257487191299,0.2472173107061223,-1.0301208807750843,150.049,0.2331,0.7284,133.92,25.6,76,NORMAL,0
2026-09-24 08:39:50,240,c1,10400,1555,1.5,Off,138.25,63.011,131.677,7.000227275826798,0.1734615064288953,1.012,0.1540903520117794,0.6844982072478509,0.1850706045985042,-0.2714412560971686,0.251462876311845,-1.0283431106203578,151.932,0.232,0.7306,134.08,25.5,75,NORMAL,0
2026-09-24 08:40:00,241,c1,10400,1555,1.5,Off,142.1,60.435,133.704,7.08057011392917,0.1696969651446946,0.988,0.1545192799669664,0.64051528253367,0.1926153492379554,-0.3065976197091857,0.2487112373842708,-1.0259845824807827,154.418,0.2295,0.7285,134.24,25.4,74,NORMAL,0
2026-09-24 08:40:10,242,c1,10400,1555,1.5,Off,146.24,62.876,136.251,7.173051081157233,0.1689932206382942,1.102,0.1537672879047488,0.6486294730661593,0.1234456519199338,-0.2788048388343793,0.2540849008805083,-1.0280786429294495,159.184,0.2285,0.7299,134.4,25.3,73,NORMAL,0
2026-09-24 08:40:20,243,c1,10400,1555,1.5,Off,148.58,62.17,137.23100000000002,7.193326714399364,0.1674892930672906,0.991,0.1546830110420398,0.6094044588808374,0.2035713718951299,-0.3096343496625149,0.250033619917675,-1.028199009218207,161.062,0.228,0.7281,134.56,25.2,72,NORMAL,0
2026-09-24 08:40:30,244,c1,10400,1555,1.5,Off,153.62,63.793,141.352,7.257329910590504,0.1723993849319381,1.004,0.1564225849255948,0.6547182048643272,0.1920408277683343,-0.2955178596817105,0.25813145744411,-1.0236149842920188,166.339,0.2328,0.7302,134.71,25.2,71,NORMAL,0
2026-09-24 08:40:40,245,c1,10400,1555,1.5,Off,152.4,63.744,138.365,7.345674034396043,0.1743320997977787,0.996,0.1566803846626745,0.6925047971840321,0.1399469353591484,-0.3111227693044402,0.2479993258796663,-1.0363426964508586,165.194,0.2344,0.7312,134.87,25.1,70,NORMAL,0
2026-09-24 08:40:50,246,c1,10400,1555,1.5,Off,152.3,63.2,134.917,7.256450146840876,0.173524294113718,1.049,0.15607340529823,0.7127992148095292,0.1866362609137186,-0.3444959917934862,0.2519623956671866,-1.031616528678326,164.892,0.2334,0.7311,135.02,25.0,69,NORMAL,0
2026-09-24 08:41:00,247,c1,10400,1555,1.5,Off,159.02,62.496,141.884,7.324170382592649,0.1728455423905037,1.008,0.1571478133679256,0.7533097111029807,0.1966198388077975,-0.348496482465368,0.2610472870367457,-1.0264238630490183,170.86,0.2336,0.7325,135.17,24.9,68,NORMAL,0
2026-09-24 08:41:10,248,c1,10400,1555,1.5,Off,161.22,66.798,142.77,7.402886047652801,0.1715103625016098,1.082,0.1574371129368073,0.7008790512396805,0.183235190485302,-0.3238690197361316,0.2647784016850312,-1.0253405500318764,174.51,0.2328,0.7326,135.63,24.7,67,NORMAL,0
2026-09-24 08:41:20,249,c1,10400,1555,1.5,Off,161.48,64.532,140.85399999999998,7.384177258574059,0.1685651300126183,1.106,0.1570765315363615,0.7018348653272586,0.1436596013709423,-0.3349038540566429,0.258821549843665,-1.0275424788726648,173.897,0.2304,0.7335,136.27,24.3,66,NORMAL,0
2026-09-24 08:41:30,250,c1,10400,1555,1.5,Off,166.45,64.837,144.86499999999998,7.438025702581171,0.1695263934485804,1.141,0.1581220922397037,0.742946355432204,0.1522661659170809,-0.3648868619162986,0.2536536495313198,-1.0281661084573053,178.632,0.2318,0.7351,136.9,23.9,65,NORMAL,0
2026-09-24 08:41:40,251,c1,10400,1555,1.5,Off,167.34,65.906,144.54,7.472084709325842,0.1682341272710034,1.02,0.1589876818646678,0.6989678840430313,0.1743158103355404,-0.3709417119811844,0.257400457398427,-1.029428025921709,179.851,0.2315,0.7349,137.54,23.6,64,NORMAL,0
2026-09-24 08:41:50,252,c1,10400,1555,1.5,Off,167.36,63.944,140.776,7.305007562433249,0.1732504022837285,0.972,0.1592594664997168,0.7343074273158066,0.2803459351035964,-0.3415807006020177,0.2506472451382072,-1.028390556052338,179.16,0.2353,0.7381,138.18,23.2,63,NORMAL,0
2026-09-24 08:42:00,253,c1,10400,1555,1.5,Off,171.0,64.584,143.014,7.243982339925761,0.1807261917324704,1.146,0.1621506457542914,0.7450230694490445,0.2992741913109822,-0.3466190870304309,0.2438117583281135,-1.0268279406868213,182.79,0.2428,0.7396,138.82,22.9,62,NORMAL,0
2026-09-24 08:42:10,254,c1,10400,1555,1.5,Off,173.89,66.027,144.69299999999998,7.247211862596738,0.1866411549252012,1.066,0.1643225618100459,0.7246176387423389,0.2817306503407994,-0.349296271013289,0.2400953477586756,-1.0257964358553349,186.003,0.2487,0.7402,139.46,22.5,61,NORMAL,0
2026-09-24 08:42:20,255,c1,10400,1555,1.5,Off,178.4,64.0,148.904,7.2511536837727775,0.1819219797192471,1.167,0.1638162583124973,0.7241751828649923,0.261679920986904,-0.3479237801523256,0.2439768563762854,-1.0181477435603616,189.532,0.2448,0.7415,140.1,22.2,60,WARNING,0
2026-09-24 08:42:30,256,c1,10400,1555,1.5,Off,178.1,63.759,146.62099999999998,7.315900232833174,0.1789691690278908,0.987,0.1638285953987918,0.5247355354290746,0.253024158768663,-0.3742108613523842,0.2244474041635311,-1.034233949100551,189.169,0.2426,0.736,140.74,21.8,59,WARNING,0
2026-09-24 08:42:40,257,c1,10400,1555,1.5,Off,93.958,57.731,147.047,6.588524089911791,0.1767373959363773,0.968,0.1663759675342764,0.7522440333317721,0.434706423155621,-0.3256542511629186,0.2255200250554123,-0.998578135625396,110.277,0.2427,0.7455,141.38,21.5,58,WARNING,0
2026-09-24 08:42:50,258,c1,10400,1555,1.5,Off,92.639,61.018,144.98399999999998,6.734612876250382,0.1695181394542935,0.989,0.1655323155044028,0.6044866382453953,0.3576421440657178,-0.3312748169016606,0.2150975372657081,-1.0114776213435797,110.929,0.2369,0.7422,142.01,21.1,57,WARNING,0
2026-09-24 08:43:00,259,c1,10400,1555,1.5,Off,94.924,60.311,148.236,6.8350378579995645,0.169395446188743,0.86,0.1674655424406446,0.559317113263917,0.3244047956450555,-0.3308183756577869,0.2118651379613933,-1.0130812446668145,112.463,0.2382,0.7422,142.65,20.7,56,WARNING,0
2026-09-24 08:43:10,260,c1,10400,1555,1.5,Off,95.185,61.25,150.964,6.991875592476291,0.1701991815760122,0.938,0.1686892504313387,0.5893758376962759,0.306573225704585,-0.3262343943665753,0.2097950303426574,-1.0125825560450203,113.189,0.2396,0.7445,143.29,20.4,55,WARNING,0
2026-09-24 08:43:20,261,c1,10400,1555,1.5,Off,100.11,61.04,155.905,7.121547370190954,0.1686351361580785,0.911,0.1691999474535926,0.6568878697855447,0.3230481942141252,-0.3354272000576035,0.2122687872783348,-1.013539169962871,117.251,0.2389,0.7475,143.92,20.0,54,WARNING,0
2026-09-24 08:43:30,262,c1,10400,1555,1.5,Off,100.07,60.703,156.172,7.160843514712837,0.1677975612919643,0.946,0.1688464653509253,0.5492660936209113,0.2581369827591859,-0.3231527943117935,0.2169522888561778,-1.0111271518859186,117.042,0.238,0.7459,144.56,19.7,53,WARNING,0
2026-09-24 08:43:40,263,c1,10400,1555,1.5,Off,101.32,63.202,159.033,7.284495372474864,0.1669154430662597,0.974,0.1698337906578749,0.5994419832070932,0.2635748787110072,-0.3508980283413865,0.2171182832544244,-1.0156250756539058,119.416,0.2381,0.7478,145.19,19.3,52,WARNING,0
2026-09-24 08:43:50,264,c1,10400,1555,1.5,Off,101.14,63.031,158.372,7.370807746667698,0.1671330878807957,1.043,0.1708178834985551,0.6097726262296583,0.2086786708310897,-0.3545168790391306,0.2188313280323438,-1.0178996594366208,119.173,0.239,0.7493,145.82,19.0,51,WARNING,0
2026-09-24 08:44:00,265,c1,10400,1555,1.5,Off,103.07,62.832,159.24,7.446301469919824,0.1659647842656589,0.967,0.1701366297471168,0.551641534247937,0.1613130333252947,-0.3580370698215231,0.2175699581116388,-1.018541607895806,120.712,0.2377,0.7487,146.45,18.6,50,WARNING,0
2026-09-24 08:44:10,266,c1,10400,1555,1.5,Off,103.54,59.923,160.72,7.518129679176038,0.1697899754054771,0.927,0.1740023484235076,0.4117628924747119,0.0944778130297403,-0.3927345968112958,0.2106894047151015,-1.026509436270861,119.63,0.2431,0.7447,147.07,18.3,49,WARNING,0
2026-09-24 08:44:20,267,c1,10400,1555,1.5,Off,103.59,62.818,161.967,7.413642975236644,0.173726914086415,0.913,0.1770896806392854,0.5267094509785273,0.1211921739913166,-0.380374808351958,0.2133973850963096,-1.0209957394012883,121.149,0.2481,0.7498,147.69,17.9,48,WARNING,0
2026-09-24 08:44:30,268,c1,10400,1555,1.5,Off,104.74,62.306,165.005,7.480667804395385,0.1735887384904556,0.976,0.1767794786376755,0.592340371276523,0.1358771862897034,-0.3803598169346363,0.2131452618310389,-1.0213746352151625,121.871,0.2478,0.753,148.31,17.6,47,WARNING,0
2026-09-24 08:44:40,269,c1,10400,1555,1.5,Off,106.59,63.778,167.50400000000002,7.586763706083062,0.1747529013895054,1.108,0.1779343274337187,0.5782374372698307,0.132935105491788,-0.3791840027270319,0.2131167187755117,-1.0245621728695682,124.214,0.2494,0.7538,148.93,17.3,46,WARNING,0
2026-09-24 08:44:50,270,c1,10400,1555,1.5,Off,105.6,63.884,166.399,7.619426415814241,0.1788923349104861,1.126,0.1792227632675207,0.6291549831081045,0.1107731931021689,-0.3905124111251901,0.2042006271150686,-1.0270253420165631,123.42,0.2532,0.7563,149.55,16.9,45,WARNING,0
2026-09-24 08:45:00,271,c1,10400,1555,1.5,Off,105.72,66.674,166.821,7.713402221252377,0.1762961064725347,1.028,0.1779575692486542,0.5518885077643154,0.1173928365360743,-0.4015058555407638,0.1993389834284311,-1.0294035556568293,124.989,0.2505,0.7548,150.16,16.6,44,WARNING,0
2026-09-24 08:45:10,272,c1,10400,1555,1.5,Off,108.55,67.447,170.272,7.714915852561364,0.1820927306780436,0.998,0.1803958212412881,0.5845950791179502,0.1177816290896331,-0.3978154273764076,0.2015911511252982,-1.030288729336674,127.797,0.2563,0.7571,150.77,16.2,43,WARNING,0
2026-09-24 08:45:20,273,c1,10400,1555,1.5,Off,109.65,68.648,172.131,7.790311340646558,0.1842401682071837,0.983,0.1817334566687924,0.518837317336514,0.0804911390752471,-0.4015539602874955,0.196562899426732,-1.0313664647972247,129.366,0.2588,0.7563,151.37,15.9,42,WARNING,0
2026-09-24 08:45:30,274,c1,10400,1555,1.5,Off,110.21,67.39,173.176,7.846685053889931,0.1850475053102241,1.043,0.1828664654242608,0.5506157185589968,0.1192348398463734,-0.405162838750615,0.1980610382704453,-1.0283090680762204,129.181,0.2602,0.7583,151.97,15.6,41,WARNING,0
2026-09-24 08:45:40,275,c1,10400,1555,1.5,Off,112.43,68.499,175.95600000000002,7.95108915443682,0.1839357878552628,0.992,0.1820843942522279,0.5500881104667328,0.1229743864438499,-0.3989955178907318,0.2041112045404657,-1.027068710071367,131.653,0.2588,0.7597,152.57,15.2,40,WARNING,0
2026-09-24 08:45:50,276,c1,10400,1555,1.5,Off,112.27,69.264,176.035,7.999424682181249,0.1860094606621284,1.005,0.1837536983448132,0.5115638552562891,0.1395276943029384,-0.3946489459334206,0.2058930188750456,-1.026508707307416,131.917,0.2615,0.7598,153.16,14.9,39,WARNING,0
2026-09-24 08:46:00,277,c1,10400,1555,1.5,Off,112.92,69.0,176.977,8.052978132513964,0.1908516436901377,1.057,0.1842255716451818,0.6258568049906148,0.1738206588329314,-0.4046364697955185,0.1986090829224261,-1.0261557414819356,132.333,0.2653,0.7641,153.75,14.6,38,WARNING,0
2026-09-24 08:46:10,278,c1,10400,1555,1.5,Off,112.73,69.476,179.02,8.024358392926917,0.1924625746150019,1.092,0.1831233374976141,0.629348519858639,0.2401591078303573,-0.4070566039647332,0.1980336766733258,-1.0262044729785136,132.42,0.2657,0.7653,154.33,14.3,37,WARNING,0
2026-09-24 08:46:20,279,c1,10400,1555,1.5,Off,111.53,69.065,177.025,8.086979196778387,0.1889237925098268,0.994,0.1832162857849263,0.5767682410664619,0.2211819290155929,-0.4152841288109674,0.1995015259255283,-1.0262356589940422,131.183,0.2632,0.7647,154.91,13.9,36,WARNING,0
2026-09-24 08:46:30,280,c1,10400,1555,1.5,Off,112.37,69.66,177.973,8.110654875339087,0.1914110372655252,1.182,0.1840740101290216,0.6724086707717944,0.2414140291512638,-0.4104097192622715,0.2000390435004879,-1.025520483937967,132.21,0.2656,0.7688,155.49,13.6,35,WARNING,0
2026-09-24 08:46:40,281,c1,10400,1555,1.5,Off,114.08,65.755,181.153,8.281617242186039,0.1885176051818118,1.184,0.1815290560730084,0.6177867213079304,0.1801529376205901,-0.4438841102417568,0.1868846496233644,-1.0339374280244356,131.674,0.2617,0.7673,156.06,13.3,34,WARNING,0
2026-09-24 08:46:50,282,c1,10400,1555,1.5,Off,113.83,69.751,180.442,8.23753999881909,0.1908575513904014,1.102,0.1826287596419249,0.5940239220506327,0.2233930432957942,-0.4184795245162029,0.1958635036431138,-1.0243400969180998,133.501,0.2642,0.7685,156.63,13.0,33,WARNING,0
2026-09-24 08:47:00,283,c1,10400,1555,1.5,Off,114.71,71.271,181.265,8.290292545869997,0.1898504481840941,1.046,0.1801195299348986,0.5773525956232541,0.2309183703783355,-0.4333698034651108,0.1979103868142279,-1.0268788201591714,135.048,0.2617,0.7687,157.19,12.7,32,WARNING,0
2026-09-24 08:47:10,284,c1,10400,1555,1.5,Off,113.76,69.485,179.657,8.27903929476524,0.1889304843224363,1.292,0.1785768965305444,0.6586097682065408,0.1296502148156033,-0.4394346114341783,0.1930907036704818,-1.0285409893379778,133.302,0.26,0.7721,157.75,12.4,31,WARNING,0
2026-09-24 08:47:20,285,c1,10400,1555,1.5,Off,114.65,71.123,181.314,8.335180995434,0.188855527889813,1.15,0.1774110818758041,0.7081371501446081,0.168657799195619,-0.4415335930799275,0.1893506711573228,-1.0310673009695157,134.919,0.2591,0.7746,158.3,12.1,30,WARNING,0
2026-09-24 08:47:30,286,c1,10400,1555,1.5,Off,112.68,64.726,177.26100000000002,8.252938791646217,0.1978360636182182,1.127,0.1799162575305139,0.653258115369225,0.2525774885443757,-0.4478873824827984,0.1779921830930028,-1.0324722288466608,129.947,0.2674,0.7739,158.85,11.8,29,WARNING,0
2026-09-24 08:47:40,287,c1,10400,1555,1.5,Off,113.14,65.954,178.423,8.317076007159601,0.2017215619801258,1.187,0.1826784717917591,0.7272701519353268,0.337611921470621,-0.4584534642212441,0.1744897724317993,-1.0302204108816575,130.96,0.2721,0.7768,159.39,11.4,28,WARNING,0
2026-09-24 08:47:50,288,c1,10400,1555,1.5,Off,112.61,63.387,178.127,8.405395256270447,0.2058502549109339,1.147,0.1842943067763772,0.5579029967045708,0.279552084160608,-0.4682245140836527,0.1757320656669987,-1.0314803565226534,129.224,0.2763,0.7725,159.93,11.2,27,WARNING,0
2026-09-24 08:48:00,289,c1,10400,1555,1.5,Off,110.28,63.823,175.881,7.111890300863949,0.218322345600585,1.264,0.1878787861218612,0.7239485476282197,0.3076402317920204,-0.4473597614365565,0.1683361796933339,-1.0289554156282923,127.417,0.288,0.7792,160.46,10.9,26,WARNING,0
2026-09-24 08:48:10,290,c1,10400,1555,1.5,Off,110.42,62.392,177.09199999999998,7.079761957948601,0.214668985744944,1.07,0.1872336751444333,0.5832702030967001,0.3925583668960688,-0.3817172513979545,0.1903920209467336,-1.0057419341237923,126.828,0.2848,0.778,160.99,10.6,25,WARNING,0
2026-09-24 08:48:20,291,c1,10400,1555,1.5,Off,113.7,66.686,180.06900000000002,7.071001967837872,0.2145879134433523,1.131,0.1864552885887875,0.593638795852236,0.3972500426236585,-0.3861608503034861,0.1846422772008383,-1.008459836580803,131.813,0.2843,0.7792,161.51,10.3,24,WARNING,0
2026-09-24 08:48:30,292,c1,10400,1555,1.5,Off,113.53,66.533,179.16500000000002,7.173709861446987,0.2136679177431781,1.189,0.1886065954950901,0.557583042351165,0.3005304333161467,-0.4320922010312373,0.159478652254856,-1.0363833168552787,131.589,0.285,0.7778,162.03,10.0,23,WARNING,0
2026-09-24 08:48:40,293,c1,10400,1555,1.5,Off,115.11,67.707,182.055,7.284778779633608,0.2106044990519368,1.263,0.1868505418812833,0.516382336294122,0.3070264115430765,-0.4164487577819749,0.1622792083466077,-1.0348193737822111,133.546,0.2815,0.7781,162.54,9.7,22,WARNING,0
2026-09-24 08:48:50,294,c1,10400,1555,1.5,Off,112.8,65.786,180.936,7.336329941035754,0.2061943588000508,1.162,0.1850234438713494,0.4693767442521439,0.2986012409323701,-0.4280586348429356,0.1602536229849556,-1.032459805401018,130.582,0.277,0.7773,163.05,9.4,21,WARNING,0
2026-09-24 08:49:00,295,c1,10400,1555,1.5,Off,115.81,70.664,184.929,7.420995947521999,0.2060471554745362,1.073,0.1868816627929579,0.5785124335498186,0.2956062393028795,-0.423366424765391,0.1648577437511073,-1.0299733232701374,135.666,0.2782,0.7818,163.55,9.1,20,WARNING,0
2026-09-24 08:49:10,296,c1,10400,1555,1.5,Off,115.69,67.097,183.945,7.527178473910178,0.2076941875435562,1.075,0.1897845301952902,0.5427109372224659,0.2512605334362212,-0.4573351539384811,0.1624778720459786,-1.0323790822703665,133.739,0.2813,0.7807,164.05,8.9,19,WARNING,0
2026-09-24 08:49:20,297,c1,10400,1555,1.5,Off,115.59,71.29,185.182,7.6290568466879956,0.2036551319220327,1.331,0.1894632895996106,0.5268570301719788,0.1674496344957039,-0.4585656535397091,0.159161314411778,-1.0327590451684452,135.806,0.2782,0.7811,164.55,8.6,18,WARNING,0
2026-09-24 08:49:30,298,c1,10400,1555,1.5,Off,116.19,69.175,184.881,7.685101247132051,0.2013187937973095,1.266,0.189525873180293,0.6130673615767983,0.2120263733155907,-0.4590010531584982,0.157449746622534,-1.028568890539906,135.223,0.2765,0.7847,165.03,8.3,17,WARNING,0
2026-09-24 08:49:40,299,c1,10400,1555,1.5,Off,116.6,71.996,187.782,7.757359912881766,0.20195827620575,1.158,0.1904926743110042,0.6501386610823361,0.2587959595418616,-0.4495928878867321,0.1621503786515001,-1.0290584123497903,137.036,0.2776,0.7871,165.52,8.0,16,WARNING,0
2026-09-24 08:49:50,300,c1,10400,1555,1.5,Off,117.16,73.356,188.035,7.808463163006872,0.2031747464805438,1.267,0.1911763278326985,0.5583730059896057,0.2723299103128695,-0.4381059514726622,0.1712370192133538,-1.024979100308111,138.23,0.279,0.7856,166.0,7.8,15,WARNING,0
2026-09-24 08:50:00,301,c1,10400,1555,1.5,Off,118.02,66.435,189.478,7.964807163163051,0.1995106409672436,1.173,0.1887689514651879,0.378718803228844,0.1339260999887437,-0.4935267954992008,0.1539992527900429,-1.03513342254744,135.434,0.2747,0.7795,166.47,7.5,14,WARNING,0
2026-09-24 08:50:10,302,c1,10400,1555,1.5,Off,119.39,73.9,191.509,7.9544716938230735,0.2023011950928625,1.191,0.1927588945311312,0.5403182456299058,0.2376898026082217,-0.4489668797065387,0.1665954426227027,-1.0276484543512967,140.411,0.2794,0.7866,166.94,7.3,13,WARNING,0
2026-09-24 08:50:20,303,c1,10400,1555,1.5,Off,123.82,77.226,196.435,8.060302080398449,0.2056092665761838,1.448,0.1941854153858067,0.5050684856986716,0.2224840799699419,-0.4340878466001738,0.1732871872176463,-1.0261674464637711,145.929,0.2828,0.7869,167.41,7.0,12,WARNING,0
2026-09-24 08:50:30,304,c1,10400,1555,1.5,Off,124.56,78.061,199.837,8.01716334593523,0.2004028352207569,1.375,0.1902989517719024,0.5497359188879565,0.3326001103320175,-0.3773251375409128,0.2035591875182233,-0.9725297115947962,146.999,0.2764,0.7909,167.87,6.7,11,WARNING,0
2026-09-24 08:50:40,305,c1,10400,1555,1.5,Off,123.78,106.63,198.478,7.645602167534832,0.1984200668510861,1.384,0.1850046535127918,0.7235529675577652,0.5670346383546838,4.152528811124523,-0.0982184086490097,-0.7968630084923252,163.375,0.2713,0.9329,168.32,6.5,10,WARNING,0
2026-09-24 08:50:50,306,c1,10400,1555,1.5,Off,125.4,75.738,201.511,8.343255168075594,0.2045132595700117,1.293,0.1950502414609465,0.4643343433526663,0.1795262408941749,-0.44527649112247,0.1785331644677305,-1.0238641277417897,146.497,0.2826,0.7881,168.78,6.2,9,WARNING,0
2026-09-24 08:51:00,307,c1,10400,1555,1.5,Off,125.91,78.95,202.155,8.372315294201837,0.2033742960692391,1.313,0.1946482395790655,0.4649473856219215,0.1661248097356265,-0.4183274620346382,0.1914813189331963,-1.007792187616088,148.615,0.2815,0.7898,169.22,6.0,8,WARNING,0
2026-09-24 08:51:10,308,c1,10400,1555,1.5,Off,124.92,74.268,201.882,8.227989445773334,0.2014203194264604,1.051,0.1919536804037352,0.4384961255724744,0.2240052620935055,-0.374695562296143,0.2157897006840504,-0.9579499703631672,145.33,0.2782,0.7913,169.67,5.7,7,WARNING,0
2026-09-24 08:51:20,309,c1,10400,1555,1.5,Off,125.64,104.89,202.113,7.7645126997767315,0.1959265011407931,1.139,0.1844749929994968,0.5534200635726849,0.4310419935142513,3.9928844037294624,-0.1441157917096348,-0.7959991595350586,163.668,0.2691,0.9266,170.11,5.5,6,WARNING,0
2026-09-24 08:51:30,310,c1,10400,1555,1.5,Off,127.45,79.389,204.052,8.42165004133996,0.2066974922099307,1.088,0.199538514828708,0.2943351713226159,0.0490856709495286,-0.4307621686461771,0.1758551080556977,-1.0255747281748804,150.154,0.2873,0.787,170.55,5.3,5,WARNING,0
2026-09-24 08:51:40,311,c1,10400,1555,1.5,Off,125.82,76.142,203.968,8.527314230914664,0.2127279470326077,1.162,0.2029237077507667,0.2744367081418146,0.0601925828909175,-0.4423269813560373,0.1682891433081724,-1.0296757821253304,147.066,0.294,0.7869,170.98,5.0,4,WARNING,0
2026-09-24 08:51:50,312,c1,10400,1555,1.5,Off,127.27,72.808,204.011,8.603225129784178,0.2133949323769358,1.098,0.2024949310042512,0.2239532522683665,0.0058208869230012,-0.4771524637936193,0.1569643740697223,-1.0405253920629884,146.624,0.2942,0.7852,171.41,4.8,3,WARNING,0
2026-09-24 08:52:00,313,c1,10400,1555,1.5,Off,121.78,73.797,197.655,8.172301353928125,0.2008472427278454,1.011,0.1902550803955829,0.1872287565618071,0.0234998889254489,-0.4719253063592936,0.1695113643374515,-1.0371478338903464,142.395,0.2767,0.7851,171.84,4.5,2,WARNING,0
2026-09-24 08:52:10,314,c1,10400,1555,1.5,Off,117.77,76.285,188.548,7.597779143569465,0.2085270435427185,1.229,0.1963568340758814,0.3781518608931602,0.0593232484777264,-0.4374497516782374,0.1841012158366586,-1.0521897328703964,140.318,0.2864,0.7928,172.26,4.3,1,WARNING,0
2026-09-24 08:52:20,315,c1,10400,1555,1.5,Off,118.64,103.07,189.876,7.684081677835337,0.2034002464452568,1.202,0.1870850496605374,0.5739271685277143,0.4679676011790015,4.053773524426138,0.4196130932956767,-0.8233752135194914,157.159,0.2764,0.9342,172.69,4.1,0,WARNING,0
2026-09-24 08:00:00,1,c4,10400,1555,1.5,Off,6.974,11.453,10.94,1.2881005030284367,0.0752738716017229,0.304,0.0739413768892829,0.0407381115468807,0.0352956144217939,0.4860114431863827,0.4782180682122692,-0.7270107849640421,13.409,0.1055,0.5286,31.42,82.5,288,NORMAL,0
2026-09-24 08:00:10,2,c4,10400,1555,1.5,Off,6.974,11.453,10.94,1.2881005030284367,0.0752738716017229,0.304,0.0739413768892829,0.0407381115468807,0.0352956144217939,0.4860114431863827,0.4782180682122692,-0.7270107849640421,13.409,0.1055,0.5356,34.89,80.6,287,NORMAL,0
2026-09-24 08:00:20,3,c4,10400,1555,1.5,Off,9.765,19.054,15.299,1.914360212226067,0.0832037772681199,0.38,0.0799633755000772,0.1218788642799388,0.0335753798381959,0.4576874711142666,0.5301671660796254,-0.6375187264269497,21.411,0.1154,0.5436,38.1,78.8,286,NORMAL,0
2026-09-24 08:00:30,4,c4,10400,1555,1.5,Off,11.524,23.878,17.480999999999998,2.3067547171500986,0.084156636324541,0.371,0.0813685087761353,0.2140830211667208,0.1220592068983124,0.611898717623022,0.623796072821209,-0.5731635669127324,26.513,0.1171,0.5569,41.06,77.2,285,NORMAL,0
2026-09-24 08:00:40,5,c4,10400,1555,1.5,Off,11.112,20.085,16.52,2.05275765536456,0.0829051991714451,0.379,0.0800375080247634,0.1950941385901288,0.0689229728567966,0.1505134452199397,0.3989303923792427,-0.7216176935826666,22.954,0.1152,0.5479,43.78,75.7,284,NORMAL,0
2026-09-24 08:00:50,6,c4,10400,1555,1.5,Off,11.28,22.321,16.439,2.3405561883339754,0.0832203595221584,0.366,0.0802894084264846,0.1824741820905635,0.0372442085646049,0.2351249043715055,0.5170120619653791,-0.6704670215264845,25.009,0.1156,0.5551,46.28,74.3,283,NORMAL,0
2026-09-24 08:01:00,7,c4,10400,1555,1.5,Off,12.29,22.92,17.18,2.494697994931358,0.0846630104144148,0.361,0.0818028109544916,0.1824474062999055,0.0678357609084345,0.3189139069030644,0.5439181986000002,-0.6323090183256084,26.007,0.1177,0.5622,48.56,73.0,282,NORMAL,0
2026-09-24 08:01:10,8,c4,10400,1555,1.5,Off,12.195,23.758,17.606,2.6388934975669645,0.0850277684754635,0.386,0.0820304339359257,0.1452576760838901,0.0262690403644949,0.3816719948171574,0.5574197230836244,-0.6263793546254375,26.705,0.1181,0.5671,50.64,71.9,281,NORMAL,0
2026-09-24 08:01:20,9,c4,10400,1555,1.5,Off,11.627,25.026,16.248,2.5476019340357263,0.086451072562365,0.399,0.0836074394955389,0.0780187504138885,-0.0170787684282589,0.6943495169009148,0.6060065994008892,-0.1759765963192228,27.595,0.1203,0.5783,52.54,70.8,280,NORMAL,0
2026-09-24 08:01:30,10,c4,10400,1555,1.5,Off,11.687,26.313,16.326,2.724180609294089,0.0856699564841767,0.387,0.082708869424956,0.1256578533924739,0.036803655536489,0.6956443109233863,0.6705531313287826,-0.2038334484543402,28.792,0.1191,0.5832,54.26,69.9,279,NORMAL,0
2026-09-24 08:01:40,11,c4,10400,1555,1.5,Off,12.517,25.019,16.942999999999998,2.8303618931396346,0.0832294619702766,0.36,0.0803060414270737,0.1122119189607468,-0.0107467133356209,0.8033321806538951,0.6793179384217731,-0.1944623145718016,27.975,0.1157,0.5891,55.82,69.0,278,NORMAL,0
2026-09-24 08:01:50,12,c4,10400,1555,1.5,Off,12.548,26.644,16.705,2.9722293640539763,0.0837999509026828,0.382,0.0808402613010212,0.1714073137273999,0.0258090272607542,0.8185634411112099,0.6845741784446538,-0.1904535052239726,29.451,0.1164,0.5941,57.22,68.2,277,NORMAL,0
2026-09-24 08:02:00,13,c4,10400,1555,1.5,Off,12.041,26.165,15.299,2.670160098610168,0.0879298105926303,0.413,0.0848944877334521,0.1166066352712666,0.0983700859766103,0.7717818815708584,0.6106624135117916,-0.1173218657699335,28.803,0.1222,0.5936,58.47,67.5,276,NORMAL,0
2026-09-24 08:02:10,14,c4,10400,1555,1.5,Off,11.536,26.133,14.663,2.8435839274257586,0.0882458366201918,0.37,0.0845796348735904,0.1224028763681808,0.0768324186429123,0.7310534698755009,0.6777686476075739,-0.1837216528237806,28.566,0.1222,0.5948,59.59,66.9,275,NORMAL,0
2026-09-24 08:02:20,15,c4,10400,1555,1.5,Off,12.225,26.071,15.501,2.952011889977358,0.0870118852678604,0.408,0.0836454892080946,0.1181521772458871,0.0759568797416316,0.803274574530215,0.6924429662251114,-0.1446689929727576,28.795,0.1207,0.5988,60.59,66.3,274,NORMAL,0
2026-09-24 08:02:30,16,c4,10400,1555,1.5,Off,12.472,25.268,15.812,3.053628981241785,0.085396318601905,0.419,0.081784892322567,0.1084719704827814,0.0474880655375402,0.8175484166771612,0.6888519033216612,-0.1518967654229266,28.178,0.1182,0.6007,61.46,65.9,273,NORMAL,0
2026-09-24 08:02:40,17,c4,10400,1555,1.5,Off,12.506,26.901,15.868,3.159386868994421,0.0862547548728478,0.445,0.0824436194674686,0.130577694310352,0.0749282686505585,0.8405217699429439,0.7013468997409664,-0.087398972154161,29.666,0.1193,0.6036,62.23,65.4,272,NORMAL,0
2026-09-24 08:02:50,18,c4,10400,1555,1.5,Off,12.935,27.698,16.131,3.2673964868761582,0.087273988321074,0.43,0.083709583295173,0.1811895769972746,0.1412527724138441,0.8756098722041594,0.6946520793316387,-0.0628956822069226,30.569,0.1209,0.6075,62.9,65.1,271,NORMAL,0
2026-09-24 08:03:00,19,c4,10400,1555,1.5,Off,13.372,29.711,16.329,3.465781725432838,0.0915058217209255,0.405,0.0877065980853862,0.0980613793228588,0.0520796857868481,0.9039959481779304,0.7102631135040607,-0.0374825150420554,32.581,0.1268,0.607,63.47,64.7,270,NORMAL,0
2026-09-24 08:03:10,20,c4,10400,1555,1.5,Off,14.004,30.134,17.331,3.591661373432865,0.0934563381750228,0.426,0.0896451709531816,0.0621444971165674,0.0411282375660793,0.9685176956058266,0.7219786883294076,-0.0391424380052156,33.229,0.1295,0.6088,63.96,64.5,269,NORMAL,0
2026-09-24 08:03:20,21,c4,10400,1555,1.5,Off,17.376,32.084,22.541,2.9378809636657928,0.0909549578732268,0.442,0.0876694886478706,0.1181951589124676,0.0240568870534545,0.9086343726386156,0.5962036634597135,-0.3292459029300616,36.487,0.1263,0.6095,64.37,64.2,268,NORMAL,0
2026-09-24 08:03:30,22,c4,10400,1555,1.5,Off,16.648,33.263,21.511,3.005890979429913,0.091356799099766,0.396,0.0878930391750509,0.1131285851449135,0.0081554279441102,0.973798211231328,0.6352102881478195,-0.3599386584001238,37.197,0.1268,0.612,64.71,64.1,267,NORMAL,0
2026-09-24 08:03:40,23,c4,10400,1555,1.5,Off,16.807,32.69,21.901,3.0879812855652604,0.0914661150291254,0.401,0.0882524932198545,0.1307926207876719,0.05544990572746,0.9803479298426314,0.6404324307156855,-0.4086946661013826,36.757,0.1271,0.6133,64.98,63.9,266,NORMAL,0
2026-09-24 08:03:50,24,c4,10400,1555,1.5,Off,17.101,32.714,22.169,3.2210366530615904,0.0935878516417769,0.397,0.0901321574308388,0.1549710682189182,0.0720927173599288,0.9594798472986774,0.639472538771625,-0.4268057110201337,36.914,0.1299,0.6138,65.19,63.8,265,NORMAL,0
2026-09-24 08:04:00,25,c4,10400,1555,1.5,Off,16.473,32.581,22.028,3.299098774404249,0.0933918444219794,0.397,0.0900822116157569,0.1464905698778595,0.0723481071029241,0.974694362119282,0.6347386805997767,-0.4625044493359449,36.509,0.1298,0.6143,65.34,63.7,264,NORMAL,0
2026-09-24 08:04:10,26,c4,10400,1555,1.5,Off,16.963,33.4,22.074,3.3790631807205163,0.0930058166659272,0.397,0.0896046260201757,0.0907755020646114,0.0515076964574872,0.9690163890338256,0.636517774890468,-0.4724954243207522,37.461,0.1291,0.6127,65.45,63.6,263,NORMAL,0
2026-09-24 08:04:20,27,c4,10400,1555,1.5,Off,16.8,32.792,21.714,3.4170405361757115,0.0925376049204058,0.397,0.0890242515746143,0.0899471046136253,0.0324102598275772,0.999211877541546,0.6289366757632471,-0.5111430539061796,36.845,0.1284,0.6137,65.52,63.6,262,NORMAL,0
2026-09-24 08:04:30,28,c4,10400,1555,1.5,Off,16.788,34.096,22.002,3.552431188265111,0.092025642503143,0.418,0.0888562829661153,0.0799333362319956,0.0152672875855941,1.076642627166045,0.6488257005522859,-0.5300882796369977,38.005,0.1279,0.6158,65.54,63.6,261,NORMAL,0
2026-09-24 08:04:40,29,c4,10400,1555,1.5,Off,16.98,32.584,21.5,3.597910933462532,0.093455400928004,0.402,0.0901597147160147,0.0776539040930286,-0.0058134803278293,1.1034371517299435,0.6520422199702514,-0.5588285952923746,36.743,0.1299,0.6165,65.54,63.6,260,NORMAL,0
2026-09-24 08:04:50,30,c4,10400,1555,1.5,Off,17.718,33.724,22.402,3.688779588801126,0.0939784957778518,0.481,0.090666786731678,0.1083988200637446,0.0262226717788034,1.1466137775713676,0.6654041155074255,-0.5703588560815422,38.095,0.1306,0.6187,65.54,63.6,259,NORMAL,0
2026-09-24 08:05:00,31,c4,10400,1555,1.5,Off,18.409,35.165,23.832,3.768847563163939,0.0955041595693147,0.434,0.0922101018027946,0.1016087327510999,0.0414777605646401,1.1490476987752212,0.6643239328372036,-0.573171215735798,39.692,0.1328,0.6186,65.54,63.6,258,NORMAL,0
2026-09-24 08:05:10,32,c4,10400,1555,1.5,Off,17.689,34.12,22.4,3.8751657692393913,0.0945521988381355,0.403,0.0911364753432829,0.0973171039079607,0.0390244986110679,1.1790401020213714,0.6724996116624578,-0.6179089749987003,38.433,0.1313,0.6194,65.54,63.6,257,NORMAL,0
2026-09-24 08:05:20,33,c4,10400,1555,1.5,Off,14.513,34.876,19.173,3.252399474016694,0.0908821812235057,0.472,0.0875987272584416,0.2072211639809498,0.1783417220698204,1.1540831452021196,0.7027655362658688,-0.1444050747236844,37.775,0.1262,0.6219,65.54,63.6,256,NORMAL,0
2026-09-24 08:05:30,34,c4,10400,1555,1.5,Off,15.698,34.505,20.335,3.3827872447264014,0.0933654741158537,0.396,0.0899509239063055,0.1700053617066945,0.121919127544809,1.199305731070992,0.7348891167305367,-0.2000182686645528,37.908,0.1296,0.6222,65.54,63.6,255,NORMAL,0
2026-09-24 08:05:40,35,c4,10400,1555,1.5,Off,15.265,35.744,19.752,3.452194188198083,0.0933361570463696,0.38,0.0898542009352442,0.1145928591949942,0.1136434446327441,1.3101912556150168,0.7558668918439345,-0.2040193839285962,38.867,0.1296,0.6238,65.54,63.6,254,NORMAL,0
2026-09-24 08:05:50,36,c4,10400,1555,1.5,Off,15.318,32.627,19.519,3.627631072199903,0.093238179948137,0.394,0.0898088343136529,0.1490624950479238,0.1202249018392644,1.1641731703154647,0.7132135829313486,-0.2190344591326116,36.044,0.1295,0.6213,65.95,63.4,253,NORMAL,0
2026-09-24 08:06:00,37,c4,10400,1555,1.5,Off,15.376,34.569,20.026,3.603147291307781,0.0904079769708845,0.436,0.0870214136933103,0.1718515213302187,0.1116181603843919,1.2762478388912806,0.7295372545213138,-0.2211936818160489,37.834,0.1255,0.6262,66.36,63.1,252,NORMAL,0
2026-09-24 08:06:10,38,c4,10400,1555,1.5,Off,15.235,37.649,20.1,3.709995224035735,0.0901773969275835,0.407,0.0868718872089665,0.1812889197423399,0.1173243159533754,1.3624408594377249,0.7494716739702196,-0.2459149724368301,40.615,0.1252,0.6298,66.76,62.9,251,NORMAL,0
2026-09-24 08:06:20,39,c4,10400,1555,1.5,Off,15.258,35.469,19.405,3.793223506467304,0.0917556321337285,0.465,0.0883653136049827,0.2230877110133238,0.1681501189866452,1.4136407506734845,0.7561142079483512,-0.2560297683894337,38.612,0.1274,0.6334,67.16,62.7,250,NORMAL,0
2026-09-24 08:06:30,40,c4,10400,1555,1.5,Off,15.444,35.646,19.535,3.852719326210966,0.0932227969967339,0.426,0.0898239650262288,0.204930912809536,0.1862509718688594,1.416600830888898,0.7612844178942639,-0.2414381752993386,38.848,0.1295,0.6338,67.56,62.5,249,NORMAL,0
2026-09-24 08:06:40,41,c4,10400,1555,1.5,Off,15.072,35.186,19.613,3.87313958169876,0.0950482850230834,0.449,0.0919065170185968,0.1931449218099197,0.1533074277130106,1.3742710710229158,0.7489814213675192,-0.2510904586221567,38.278,0.1322,0.6329,67.96,62.2,248,NORMAL,0
2026-09-24 08:06:50,42,c4,10400,1555,1.5,Off,15.927,35.465,20.007,3.9735872016702434,0.0950437367382288,0.443,0.091786937723676,0.1356659063583229,0.1128867384799852,1.3645971042935576,0.7445501556366413,-0.2836140412607988,38.877,0.1321,0.6317,68.35,62.0,247,NORMAL,0
2026-09-24 08:07:00,43,c4,10400,1555,1.5,Off,15.476,35.795,19.651,3.997199273300746,0.0940077289674575,0.433,0.0906869331223037,0.1495691959200704,0.12081825370295,1.4364339637665902,0.7536580961184015,-0.2743046632831776,38.997,0.1306,0.6351,68.74,61.8,246,NORMAL,0
2026-09-24 08:07:10,44,c4,10400,1555,1.5,Off,15.398,36.699,19.774,4.117113219305521,0.0932920368438041,0.413,0.0898199472139524,0.1320747200407348,0.1161356852873116,1.5182955107683451,0.7696782320525007,-0.2973227011921313,39.798,0.1295,0.6378,69.13,61.6,245,NORMAL,0
2026-09-24 08:07:20,45,c4,10400,1555,1.5,Off,15.442,36.77,19.624,4.123890703669662,0.0914205396671115,0.423,0.0881241380740317,0.1643636965206272,0.0826956605325173,1.4519669364989438,0.7663889515639948,-0.3177045902950501,39.881,0.127,0.6375,69.53,61.4,244,NORMAL,0
2026-09-24 08:07:30,46,c4,10400,1555,1.5,Off,16.675,36.514,20.325,4.183108364209836,0.0917132431284216,0.42,0.0884354224710915,0.2270400155442336,0.1818448862461177,1.4896075519581728,0.7644537920879478,-0.3162483425397253,40.141,0.1274,0.6413,69.92,61.2,243,NORMAL,0
2026-09-24 08:07:40,47,c4,10400,1555,1.5,Off,15.739,37.241,19.759,4.241725786276312,0.0931451978204508,0.417,0.0899710345900539,0.2103223194334207,0.1766279488625066,1.5326694604333122,0.7683429994252469,-0.3763388972782828,40.43,0.1295,0.6429,70.32,60.9,242,NORMAL,0
2026-09-24 08:07:50,48,c4,10400,1555,1.5,Off,15.925,36.221,19.783,4.348255688314018,0.0950150434674216,0.405,0.0919168365226691,0.1752714604131466,0.1741342195134358,1.5263735310178728,0.7714408841447165,-0.3773530362291728,39.567,0.1322,0.6425,70.72,60.7,241,NORMAL,0
2026-09-24 08:08:00,49,c4,10400,1555,1.5,Off,15.529,37.496,19.241,4.378211754591778,0.0958524101998952,0.494,0.0925783198913781,0.1493829414581524,0.1168072118253729,1.5845655891401735,0.7731540368785385,-0.421833326453068,40.584,0.1333,0.6443,71.13,60.5,240,NORMAL,0
2026-09-24 08:08:10,50,c4,10400,1555,1.5,Off,16.336,37.4,20.144,4.489817381142146,0.0949593243154612,0.41,0.0917099084683996,0.1222640352369595,0.1012330467091677,1.6473728033539563,0.7940648238051639,-0.4403295871451327,40.812,0.132,0.6462,71.53,60.3,239,NORMAL,0
2026-09-24 08:08:20,51,c4,10400,1555,1.5,Off,15.642,37.256,20.522,4.468314519200182,0.0928936676182069,0.396,0.0894885989139519,0.1373865160803613,0.09677288097213,1.6024122137393295,0.7742693612314357,-0.4435059454398056,40.406,0.129,0.6461,71.95,60.0,238,NORMAL,0
2026-09-24 08:08:30,52,c4,10400,1555,1.5,Off,16.114,36.591,20.309,4.574596259414152,0.0917582252739009,0.441,0.0883622131254914,0.1234885594984449,0.0875484031601061,1.6085801347425024,0.7748783969560319,-0.4656874312547221,39.982,0.1274,0.6467,72.36,59.8,237,NORMAL,0
2026-09-24 08:08:40,53,c4,10400,1555,1.5,Off,15.655,38.966,20.182,4.66588789706113,0.0919477264726119,0.473,0.0887103150643548,0.2220955629118286,0.1496499852654542,1.682493438056781,0.7915302157666795,-0.4705198102213281,41.993,0.1278,0.6527,72.78,59.6,236,NORMAL,0
2026-09-24 08:08:50,54,c4,10400,1555,1.5,Off,15.792,37.982,19.874,4.676610323551273,0.093370522597361,0.465,0.0900067783534844,0.2787191091593439,0.2237009444963105,1.661512503802963,0.7807468621462482,-0.5060192271101025,41.134,0.1297,0.6546,73.21,59.3,235,NORMAL,0
2026-09-24 08:09:00,55,c4,10400,1555,1.5,Off,15.984,37.336,19.868,4.7085352529782565,0.0947353422873728,0.425,0.091422725380266,0.1882197326032062,0.163975324068371,1.6501365985820424,0.7721989929327031,-0.5092891229634873,40.614,0.1317,0.6524,73.64,59.1,234,NORMAL,0
2026-09-24 08:09:10,56,c4,10400,1555,1.5,Off,15.763,38.617,19.953,4.80905920280835,0.0954731359586783,0.421,0.0922814040371565,0.1743799279759055,0.1371957206592062,1.677494133290215,0.7855859916092027,-0.5129778044310465,41.71,0.1328,0.6537,74.07,58.8,233,NORMAL,0
2026-09-24 08:09:20,57,c4,10400,1555,1.5,Off,15.538,37.774,19.241,4.869172432321098,0.0952319205740937,0.424,0.0919217919203799,0.1133986661395494,0.0904199132597871,1.768152240200874,0.8018468055133627,-0.5358393828465893,40.845,0.1324,0.6555,74.51,58.6,232,NORMAL,0
2026-09-24 08:09:30,58,c4,10400,1555,1.5,Off,15.979,38.609,20.164,4.924503429840508,0.0929365197392281,0.455,0.0895374441657296,0.1064899494281532,0.0733784189541504,1.7734154608364436,0.8068320908283,-0.5331272229549406,41.785,0.1291,0.6563,74.95,58.4,231,NORMAL,0
2026-09-24 08:09:40,59,c4,10400,1555,1.5,Off,15.918,40.317,20.15,5.023907334023163,0.0921581076161157,0.412,0.0886578729875202,0.1384138826404677,0.0704025993495753,1.7986367388183844,0.8015856923793795,-0.5302677985737119,43.346,0.1279,0.6589,75.4,58.1,230,NORMAL,0
2026-09-24 08:09:50,60,c4,10400,1555,1.5,Off,15.616,39.58,19.412,5.110138950990363,0.0921872961215168,0.447,0.0887125483219431,0.2276953380348292,0.164417535378512,1.821360712123532,0.8141530137844233,-0.5635456843992159,42.549,0.1279,0.6632,75.85,57.9,229,NORMAL,0
2026-09-24 08:10:00,61,c4,10400,1555,1.5,Off,15.63,38.584,19.735,5.17400279402151,0.0942104604911187,0.482,0.0908327055450554,0.2386908426372596,0.2122599357679861,1.8042213814943349,0.8125175416536331,-0.5781552574058599,41.63,0.1309,0.6639,76.3,57.6,228,NORMAL,0
2026-09-24 08:10:10,62,c4,10400,1555,1.5,Off,16.121,38.737,19.785,5.239484601538503,0.096426107797635,0.438,0.092946597654626,0.1832844630359402,0.1508433721600841,1.803395227267072,0.8132485634670663,-0.5904558605856818,41.958,0.1339,0.6631,76.76,57.4,227,NORMAL,0
2026-09-24 08:10:20,63,c4,10400,1555,1.5,Off,16.114,39.507,19.566000000000003,5.350858951167311,0.0968040000387613,0.424,0.0934106026905318,0.0812219265995555,0.0717018318865592,1.796593059551908,0.8123252928725854,-0.5962835230939394,42.667,0.1345,0.6608,77.22,57.1,226,NORMAL,0
2026-09-24 08:10:30,64,c4,10400,1555,1.5,Off,16.521,41.11,20.688,5.40983211992778,0.0960237146319737,0.418,0.0924604464105591,0.0766743826900282,0.0458767284511227,1.8485671433503832,0.819687390535779,-0.60374609361283,44.305,0.1333,0.6631,77.68,56.8,225,NORMAL,0
2026-09-24 08:10:40,65,c4,10400,1555,1.5,Off,16.593,37.277,21.192,3.895738303525577,0.0863589970356175,0.387,0.0827621687080856,0.0962528424305158,0.0786309371552507,1.5737274966701629,0.6944794569241443,-0.4645475169658821,40.803,0.1196,0.6564,78.14,56.6,224,NORMAL,0
2026-09-24 08:10:50,66,c4,10400,1555,1.5,Off,15.862,37.385,20.897,3.944909485172559,0.0859370426317681,0.407,0.0817064813341459,0.1415304296472812,0.0607304506890216,1.7741773505359602,0.7583409468773409,-0.5258334355922667,40.611,0.1186,0.6647,78.61,56.3,223,NORMAL,0
2026-09-24 08:11:00,67,c4,10400,1555,1.5,Off,16.577,38.464,21.571,4.020470971982508,0.0840148181668168,0.409,0.0799475319605031,0.1563930596617737,0.076885485554591,1.8429810955974668,0.7851622159149451,-0.5566831728693171,41.884,0.116,0.6681,79.07,56.1,222,NORMAL,0
2026-09-24 08:11:10,68,c4,10400,1555,1.5,Off,16.18,37.843,20.344,4.111494102644414,0.0840333635785895,0.466,0.0800428913300276,0.2068476775304244,0.1298502069746532,1.7778719196100248,0.7568753295436648,-0.5797277537875378,41.157,0.1161,0.6686,79.54,55.8,221,NORMAL,0
2026-09-24 08:11:20,69,c4,10400,1555,1.5,Off,15.919,37.945,21.037,4.190536240308344,0.0851694071090271,0.482,0.0810679612660836,0.2652790841756802,0.1602429578795585,1.839433987656216,0.7643705493426974,-0.6122405884181994,41.149,0.1176,0.6732,80.01,55.5,220,NORMAL,0
2026-09-24 08:11:30,70,c4,10400,1555,1.5,Off,16.553,38.37,21.532,4.268122251236329,0.0876058305112563,0.463,0.0834171953679163,0.189644386414336,0.1180964761337044,1.8475629652050165,0.7644253928020881,-0.6245956840923386,41.788,0.121,0.6721,80.48,55.3,219,NORMAL,0
2026-09-24 08:11:40,71,c4,10400,1555,1.5,Off,16.609,38.111,21.179,4.3055436619088105,0.0887990760987195,0.422,0.0844910558037816,0.1357814484727133,0.0771419751710764,1.8483312670581125,0.7681965970681179,-0.6487690430487252,41.573,0.1226,0.6714,80.95,55.0,218,NORMAL,0
2026-09-24 08:11:50,72,c4,10400,1555,1.5,Off,17.084,39.321,22.057,4.378232332542843,0.0876377527518046,0.419,0.083396778858556,0.1152353828016767,0.0533390704995602,1.8624536855159528,0.7699259087994258,-0.6691817132842863,42.872,0.121,0.6722,81.42,54.8,217,NORMAL,0
2026-09-24 08:12:00,73,c4,10400,1555,1.5,Off,16.646,38.236,20.828000000000003,4.456038704853666,0.0859195384976081,0.436,0.0815051136496734,0.1253346297667423,0.0491551842877902,1.8622325745917907,0.7720803224127628,-0.687784819769174,41.702,0.1184,0.6734,81.88,54.5,216,NORMAL,0
2026-09-24 08:12:10,74,c4,10400,1555,1.5,Off,17.887,39.545,23.156,4.538597693378762,0.0853831495672326,0.441,0.0807582831120159,0.2313598535119521,0.0853512477244518,1.9448158654242371,0.7819747896971079,-0.6896993568029384,43.402,0.1175,0.68,82.35,54.3,215,NORMAL,0
2026-09-24 08:12:20,75,c4,10400,1555,1.5,Off,16.983,38.918,21.924,4.599610085462436,0.0860261891442681,0.462,0.0812753041469995,0.2590597387639084,0.162733709894693,1.881095548751838,0.7781398895086519,-0.7123033640823686,42.462,0.1183,0.6798,82.81,54.0,214,NORMAL,0
2026-09-24 08:12:30,76,c4,10400,1555,1.5,Off,17.144,39.176,22.327,4.679253067251332,0.0879620204743041,0.458,0.0833741470282827,0.2470462791515162,0.166167968245853,1.9053884955848843,0.7789253193802766,-0.7263280718330032,42.763,0.1212,0.6811,83.27,53.7,213,NORMAL,0
2026-09-24 08:12:40,77,c4,10400,1555,1.5,Off,17.419,40.338,22.033,4.723497672501468,0.089199152313811,0.429,0.0846079442254291,0.1558560338201786,0.1078056615970446,1.9265106975276884,0.77816415270535,-0.7428531111918635,43.938,0.1229,0.6799,83.72,53.5,212,NORMAL,0
2026-09-24 08:12:50,78,c4,10400,1555,1.5,Off,17.549,39.645,22.397,4.821262392352199,0.0885952488171419,0.441,0.0839971649149058,0.0918638207310094,0.0561868915151904,1.917445564629625,0.7814155442002296,-0.7619452552966517,43.355,0.1221,0.6786,84.18,53.2,211,NORMAL,0
2026-09-24 08:13:00,79,c4,10400,1555,1.5,Off,17.467,39.652,22.582,4.813500105212731,0.0873672920208471,0.465,0.0824952476524332,0.1345112580157565,0.0626171303184413,1.930350827179624,0.7752778323585233,-0.7767222008927086,43.329,0.1202,0.6812,84.62,53.0,210,NORMAL,0
2026-09-24 08:13:10,80,c4,10400,1555,1.5,Off,17.772,41.766,23.227,4.901350328873774,0.0861641725278962,0.442,0.0811259676401302,0.1743808671237889,0.071178788560096,1.96961943139178,0.7836544312541507,-0.7919730934064111,45.39,0.1183,0.6845,85.07,52.7,209,NORMAL,0
2026-09-24 08:13:20,81,c4,10400,1555,1.5,Off,17.818,39.155,22.695,4.9624433810646975,0.0845558371003545,0.393,0.0799144906797537,0.2580858872356768,0.1319325734267784,1.955174428380965,0.7777951486375245,-0.8494260343042517,43.019,0.1163,0.6874,85.51,52.5,208,NORMAL,0
2026-09-24 08:13:30,82,c4,10400,1555,1.5,Off,18.223,42.372,23.752,5.0609655484269584,0.0876373466739315,0.428,0.0826783947794684,0.2262490129315266,0.1444576687668464,1.980183094202503,0.7865743243847103,-0.8176069935185617,46.124,0.1205,0.6881,85.94,52.3,207,NORMAL,0
2026-09-24 08:13:40,83,c4,10400,1555,1.5,Off,18.337,40.912,23.374,5.111457222574964,0.0893945399778726,0.494,0.0843279005748551,0.1614213601912908,0.093558259950564,1.9603323417963765,0.7816135695194757,-0.8350669669664317,44.833,0.1229,0.6864,86.36,52.0,206,NORMAL,0
2026-09-24 08:13:50,84,c4,10400,1555,1.5,Off,19.128,40.278,24.545,5.223332534451767,0.0890132291755312,0.487,0.0839339266712325,0.1003129838391467,0.0540755715715715,1.982010424660345,0.7874756165834931,-0.8546991165435744,44.589,0.1223,0.686,86.78,51.8,205,NORMAL,0
2026-09-24 08:14:00,85,c4,10400,1555,1.5,Off,18.947,42.792,24.558,5.259628538189629,0.0872485796284708,0.439,0.0823579849581262,0.1247050947883781,0.0377451330043694,2.0564089682121143,0.8008325766755815,-0.8459627829404508,46.799,0.12,0.6898,87.2,51.6,204,NORMAL,0
2026-09-24 08:14:10,86,c4,10400,1555,1.5,Off,19.14,42.092,24.236,5.298496465299947,0.0857221165379886,0.452,0.0808798870779292,0.1884287361293766,0.0717838901400758,2.052001151755217,0.8005071775991482,-0.8633591199753727,46.239,0.1179,0.6924,87.6,51.3,203,NORMAL,0
2026-09-24 08:14:20,87,c4,10400,1555,1.5,Off,19.7,42.085,24.677,5.44024426814472,0.0856081073609317,0.44,0.0808119968810646,0.2763552124343911,0.1238321740715293,2.051165667583532,0.798750744322751,-0.8531873739975313,46.468,0.1177,0.6958,88.0,51.1,202,NORMAL,0
2026-09-24 08:14:30,88,c4,10400,1555,1.5,Off,19.631,41.886,24.619,5.522101098241828,0.0871714095135457,0.434,0.0822328645398184,0.2356478817827718,0.1352431895180932,2.081824901295448,0.8083909898941405,-0.8762707046618874,46.258,0.1198,0.6963,88.39,50.9,201,NORMAL,0
2026-09-24 08:14:40,89,c4,10400,1555,1.5,Off,19.469,41.489,24.805,5.591120882074901,0.0888625330170995,0.435,0.0842048722663624,0.1851267812426975,0.1103102431320661,2.127413857669976,0.8213813219743461,-0.879762563098827,45.83,0.1224,0.6969,88.77,50.7,200,NORMAL,0
2026-09-24 08:14:50,90,c4,10400,1555,1.5,Off,19.872,42.392,25.17,5.664278210310247,0.0896585500471634,0.394,0.0847334243777281,0.1073882518539948,0.0447426577483258,2.08258605273741,0.7928217623906348,-0.877261188390488,46.819,0.1234,0.694,89.15,50.5,199,NORMAL,0
2026-09-24 08:15:00,91,c4,10400,1555,1.5,Off,20.789,41.653,26.697000000000003,5.611398142318084,0.0882407287796205,0.413,0.0832415977677554,0.1193176215191171,0.0626664378004924,2.1320775234395706,0.8135288981404182,-0.9041275305990156,46.553,0.1213,0.6966,89.51,50.3,198,NORMAL,0
2026-09-24 08:15:10,92,c4,10400,1555,1.5,Off,20.45,41.065,25.928,5.683605094658523,0.0865344134396089,0.437,0.0813016450456019,0.1491140633416781,0.061346200256942,2.1311673861978475,0.8209013833820654,-0.899643215714891,45.875,0.1187,0.6981,89.86,50.1,197,NORMAL,0
2026-09-24 08:15:20,93,c4,10400,1555,1.5,Off,20.863,43.229,26.855,5.676989494099088,0.085922694462426,0.431,0.0805711381119188,0.2648287119352694,0.1182096638632854,2.137214584203263,0.8158711703966981,-0.9010576050196066,48.0,0.1178,0.7025,90.21,49.9,196,NORMAL,0
2026-09-24 08:15:30,94,c4,10400,1555,1.5,Off,21.152,40.399,26.826,5.670101694082108,0.0869876057719614,0.441,0.0822325312022458,0.307158459587157,0.1617678603963259,2.093492711917616,0.816314218135621,-0.903753779351964,45.601,0.1197,0.7031,90.54,49.7,195,NORMAL,0
2026-09-24 08:15:40,95,c4,10400,1555,1.5,Off,20.578,40.072,26.422,5.6727512323320965,0.0888852904178472,0.447,0.084637873260332,0.1833101091793523,0.1086523760524089,2.068310371556162,0.8178633707040334,-0.897087684808969,45.047,0.1227,0.6993,90.86,49.5,194,NORMAL,0
2026-09-24 08:15:50,96,c4,10400,1555,1.5,Off,20.51,42.003,26.623,5.733771786870344,0.0891245301066252,0.375,0.0846892458040708,0.1105528449059538,0.0514824403193849,2.089850001273166,0.8104142127793836,-0.9024055393529472,46.743,0.1229,0.6984,91.18,49.3,193,NORMAL,0
2026-09-24 08:16:00,97,c4,10400,1555,1.5,Off,22.718,40.649,32.178,3.805304660043104,0.0829001698817306,0.402,0.0777437442015172,0.2594160558556249,0.1269245634625417,1.7587395150529057,0.663372867870778,-0.7879338841176091,46.567,0.1137,0.6935,91.48,49.2,192,NORMAL,0
2026-09-24 08:16:10,98,c4,10400,1555,1.5,Off,22.429,42.867,31.302,3.821740990456931,0.0825650667173496,0.423,0.0775723803964016,0.36656859817194,0.1441661786812411,1.8908118654097148,0.7240152227631934,-0.7868144456153701,48.38,0.1133,0.7013,91.77,49.0,191,NORMAL,0
2026-09-24 08:16:20,99,c4,10400,1555,1.5,Off,22.961,42.23,32.119,3.850018735310676,0.0823510934131318,0.482,0.0772987919599989,0.4946651799976513,0.2386267848178569,1.9564547009002016,0.7261975819776527,-0.7884171911010176,48.068,0.1129,0.7076,92.05,48.9,190,NORMAL,0
2026-09-24 08:16:30,100,c4,10400,1555,1.5,Off,23.633,41.414,32.912,3.95790434113452,0.0840577927331028,0.435,0.079097088383678,0.4754970687720399,0.249233589820951,1.9995274451165856,0.7452013710861163,-0.7731574548786408,47.683,0.1154,0.7089,92.32,48.7,189,NORMAL,0
2026-09-24 08:16:40,101,c4,10400,1555,1.5,Off,23.338,42.998,32.312,4.042152183626599,0.0856344527386432,0.45,0.0805457801699964,0.4230900126890966,0.2158613211475422,2.0587584459748243,0.7412377362300199,-0.771424994559418,48.923,0.1176,0.7096,92.57,48.6,188,NORMAL,0
2026-09-24 08:16:50,102,c4,10400,1555,1.5,Off,24.544,41.645,33.702,4.110212622979426,0.0855855916224207,0.433,0.0805060109029657,0.2983531157328785,0.1333287577574018,1.9816355180610667,0.7310280915840863,-0.7596189639409361,48.34,0.1175,0.704,92.82,48.4,187,NORMAL,0
2026-09-24 08:17:00,103,c4,10400,1555,1.5,Off,24.195,41.156,34.259,4.221127491465821,0.0847117848115072,0.44,0.0796976816115699,0.3006027104387518,0.1098715136098573,2.0922224005693133,0.7578751386135183,-0.7561837473638175,47.741,0.1163,0.7079,93.05,48.3,186,NORMAL,0
2026-09-24 08:17:10,104,c4,10400,1555,1.5,Off,24.43,43.297,34.023,4.343829444747502,0.0838463347468633,0.466,0.0788848104611757,0.3455212471294402,0.121009390116439,2.152215509940415,0.7739572201185693,-0.756646976695786,49.714,0.1151,0.7115,93.27,48.2,185,NORMAL,0
2026-09-24 08:17:20,105,c4,10400,1555,1.5,Off,25.32,42.856,34.717,4.359423642326699,0.0834318892604491,0.449,0.0784517709847932,0.4170913709955335,0.1961001891074953,2.059462311336397,0.7500592703222814,-0.7444912564764437,49.777,0.1145,0.7112,93.47,48.1,184,NORMAL,0
2026-09-24 08:17:30,106,c4,10400,1555,1.5,Off,25.721,42.888,35.269,4.430429487322885,0.0842619383889293,0.489,0.078959430438178,0.5231916046770224,0.2187851046123436,2.0920832428966616,0.7508004493151089,-0.7320198467373515,50.01,0.1155,0.7158,93.67,48.0,183,NORMAL,0
2026-09-24 08:17:40,107,c4,10400,1555,1.5,Off,26.218,45.799,35.728,4.528138833088009,0.0862043721644809,0.523,0.0807978020543299,0.4917456389356047,0.2375849320121661,2.2256446337647944,0.7911903973372925,-0.7382586745701478,52.772,0.1182,0.7192,93.85,47.9,182,NORMAL,0
2026-09-24 08:17:50,108,c4,10400,1555,1.5,Off,27.096,43.348,37.021,4.660007927707179,0.0870695843626226,0.423,0.081904899564892,0.3216046849512093,0.1604903578446865,2.241745933375576,0.8006015796062937,-0.7359449546666066,51.12,0.1195,0.7149,94.02,47.8,181,NORMAL,0
2026-09-24 08:18:00,109,c4,10400,1555,1.5,Off,26.576,43.926,36.842,4.62035675777248,0.0856860519971503,0.415,0.0803744799569229,0.2939429763604515,0.1313550548017623,2.1652956240856804,0.7782966004746515,-0.742168822739373,51.34,0.1175,0.7121,94.18,47.7,180,NORMAL,0
2026-09-24 08:18:10,110,c4,10400,1555,1.5,Off,27.906,43.576,37.862,4.700110092849929,0.0849553071741332,0.462,0.0794793212717256,0.3588388864655312,0.1384369198969626,2.1167011257684534,0.7678656932963805,-0.7279839662211351,51.746,0.1163,0.7129,94.32,47.6,179,NORMAL,0
2026-09-24 08:18:20,111,c4,10400,1555,1.5,Off,27.619,45.068,37.27,4.843891831795018,0.0846508282866975,0.478,0.0788863093390132,0.5184995812460818,0.1724161283681149,2.2648642405838797,0.7952452689392778,-0.7277299554042327,52.858,0.1157,0.7224,94.46,47.5,178,NORMAL,0
2026-09-24 08:18:30,112,c4,10400,1555,1.5,Off,27.655,45.141,37.255,4.898708814040983,0.0846119687398767,0.499,0.0789451235803321,0.5166598640991844,0.2064026126170537,2.21269708583913,0.7842113706442321,-0.7378323267467204,52.939,0.1157,0.721,94.58,47.5,177,NORMAL,0
2026-09-24 08:18:40,113,c4,10400,1555,1.5,Off,28.562,45.784,39.076,4.889684514260348,0.0867487129925803,0.534,0.0813707879645979,0.5562659305514388,0.251905535070017,2.303035724640184,0.8139459341268567,-0.7326117832060444,53.963,0.1189,0.7252,94.69,47.4,176,NORMAL,0
2026-09-24 08:18:50,114,c4,10400,1555,1.5,Off,29.372,44.56,39.46,5.048013815783594,0.0893492706832345,0.473,0.0831346910079315,0.4586914540062854,0.1747186478610656,2.2664549776225744,0.8009589829809654,-0.7232770021912098,53.37,0.122,0.7213,94.78,47.3,175,NORMAL,0
2026-09-24 08:19:00,115,c4,10400,1555,1.5,Off,29.135,46.593,39.255,5.089587756141589,0.0883829083101073,0.426,0.0821710210519055,0.2952448624898478,0.1061127642253016,2.2216086589703954,0.7879989299226027,-0.7264871278265015,54.952,0.1207,0.7152,94.86,47.3,174,NORMAL,0
2026-09-24 08:19:10,116,c4,10400,1555,1.5,Off,30.128,48.274,42.216,5.228974495312822,0.0873616109188058,0.471,0.0816581181812584,0.2847048855740315,0.1157986302795399,2.1550009296689465,0.7885984801715146,-0.7146202029268793,56.904,0.1196,0.7131,94.94,47.3,173,NORMAL,0
2026-09-24 08:19:20,117,c4,10400,1555,1.5,Off,30.264,46.931,40.867,5.287166177685489,0.0859734508936356,0.457,0.0803560344340496,0.4843944233460138,0.1433834337686725,2.2762869430800308,0.813427680948871,-0.7132131818565073,55.843,0.1177,0.7228,95.0,47.2,172,NORMAL,0
2026-09-24 08:19:30,118,c4,10400,1555,1.5,Off,31.207,46.547,41.892,5.389787757311654,0.0862237788399405,0.523,0.0804343337736303,0.58044999519695,0.2140728008969561,2.276675685266845,0.8120895040792832,-0.7060321404603074,56.04,0.1179,0.7258,95.04,47.2,171,NORMAL,0
2026-09-24 08:19:40,119,c4,10400,1555,1.5,Off,31.06,47.337,41.892,5.473826324161535,0.0885446391905829,0.536,0.0829278255195914,0.57132829758031,0.2045081212219237,2.332934962174975,0.8201148887456354,-0.7115295873666443,56.617,0.1213,0.7273,95.08,47.2,170,NORMAL,0
2026-09-24 08:19:50,120,c4,10400,1555,1.5,Off,31.973,48.585,42.785,5.557807205844851,0.0897089336303618,0.48,0.0842031831630921,0.4379035621652294,0.1547777400367724,2.2841946086736358,0.8185417052474511,-0.7120603413703197,58.162,0.123,0.7219,95.1,47.2,169,NORMAL,0
2026-09-24 08:20:00,121,c4,10400,1555,1.5,Off,31.652,46.316,42.312,5.615191651091456,0.089557986087233,0.464,0.0842940155711964,0.346204288961224,0.1131326848185603,2.299729559590012,0.8194154937453288,-0.7156560914097381,56.098,0.123,0.7196,95.12,47.2,168,NORMAL,0
2026-09-24 08:20:10,122,c4,10400,1555,1.5,Off,32.678,47.178,43.801,5.669127478043784,0.0882948873433682,0.463,0.0828406235734205,0.3412474228810316,0.1088477810699419,2.259443782035424,0.8184750906484177,-0.7079858799604968,57.39,0.1211,0.7183,95.12,47.2,167,NORMAL,0
2026-09-24 08:20:20,123,c4,10400,1555,1.5,Off,32.446,47.637,43.76,5.741772344337911,0.0875610743457649,0.5,0.0820583185289253,0.4624851777307768,0.1036662760339979,2.297175611785783,0.8265380751486107,-0.7197311109400282,57.637,0.12,0.723,95.12,47.2,166,NORMAL,0
2026-09-24 08:20:30,124,c4,10400,1555,1.5,Off,34.947,49.457,46.341,5.827446238192687,0.0877187199790549,0.607,0.0819713880691225,0.5604891565323071,0.157267833652019,2.311356720566565,0.8285505903168161,-0.71857876019588,60.558,0.1201,0.7264,95.12,47.2,165,NORMAL,0
2026-09-24 08:20:40,125,c4,10400,1555,1.5,Off,33.096,48.442,44.481,5.868035971062084,0.0896698786436133,0.504,0.0840958164385518,0.5403579087303632,0.1698845157533361,2.2881579416556983,0.8214923742659949,-0.719952687050557,58.668,0.1229,0.7251,95.12,47.2,164,NORMAL,0
2026-09-24 08:20:50,126,c4,10400,1555,1.5,Off,33.65,49.468,44.587,6.056717410861616,0.0913555987562374,0.489,0.0857775933776133,0.4132633415690279,0.0931476468567784,2.200231678269516,0.7927320185831914,-0.7196599281114007,59.828,0.1253,0.7186,95.12,47.2,163,NORMAL,0
2026-09-24 08:21:00,127,c4,10400,1555,1.5,Off,33.733,50.94,46.414,5.975205641593908,0.0907963755096024,0.577,0.0850653724252989,0.3392916145681197,0.0670382609372182,2.1899717433002355,0.8090570839355458,-0.7250373663743868,61.097,0.1244,0.7161,95.12,47.2,162,NORMAL,0
2026-09-24 08:21:10,128,c4,10400,1555,1.5,Off,33.991,49.51,45.446,6.071881935278931,0.09035743538789,0.481,0.0840752567463234,0.3439516662085067,0.0683246725271065,2.2081843638406893,0.8211573047138444,-0.7357913008301029,60.055,0.1234,0.7168,95.12,47.2,161,NORMAL,0
2026-09-24 08:21:20,129,c4,10400,1555,1.5,Off,31.615,42.571,46.699,4.385756492910928,0.0961570213429502,0.436,0.091903390607594,0.1720968754452099,0.0295167008830179,1.7634471440636252,0.6931900309045955,-0.6800583982884683,53.026,0.133,0.6983,95.12,47.2,160,NORMAL,0
2026-09-24 08:21:30,130,c4,10400,1555,1.5,Off,32.572,43.176,46.726,4.506661157745457,0.0970460148735199,0.412,0.092131883790664,0.0779677452397145,-0.0005346763619966,1.716701754427576,0.6664513741384142,-0.6717598490724073,54.084,0.1338,0.6941,95.12,47.2,159,NORMAL,0
2026-09-24 08:21:40,131,c4,10400,1555,1.5,Off,32.769,43.733,48.638,4.539884955000471,0.0987413645061195,0.48,0.0931146294019172,0.1220644074514032,-0.0136944694930325,1.7768966705600553,0.6961195304700611,-0.6756068851042984,54.648,0.1357,0.6972,95.12,47.2,158,NORMAL,0
2026-09-24 08:21:50,132,c4,10400,1555,1.5,Off,33.295,44.425,48.791,4.676735961142448,0.0984184665189527,0.536,0.0921329294638605,0.1167713594315404,-0.011112638637527,1.73392866173341,0.6877768863424246,-0.6813858643253665,55.517,0.1348,0.6958,95.12,47.2,157,NORMAL,0
2026-09-24 08:22:00,133,c4,10400,1555,1.5,Off,34.184,45.05,49.503,4.748652572363071,0.0979778980564658,0.485,0.0914332353862822,0.1480856302576754,0.006546496093247,1.7133131985790806,0.6785075864803282,-0.6908390917678289,56.551,0.134,0.6963,95.21,47.1,156,NORMAL,0
2026-09-24 08:22:10,134,c4,10400,1555,1.5,Off,34.465,45.252,51.21000000000001,4.878471574360328,0.0978296903129572,0.519,0.0916343284815285,0.1778501171405451,0.0231553876003673,1.7481388682977783,0.6751150653811026,-0.6898304561687736,56.882,0.134,0.6987,95.44,47.0,155,NORMAL,0
2026-09-24 08:22:20,135,c4,10400,1555,1.5,Off,34.11,45.274,50.04,4.974256476660802,0.0972055368447772,0.505,0.0907213056368331,0.2123053771309111,0.0233588459453959,1.698441496419716,0.6701385524233067,-0.6963240397246055,56.685,0.133,0.6986,95.66,46.9,154,NORMAL,0
2026-09-24 08:22:30,136,c4,10400,1555,1.5,Off,34.94,46.582,51.663,5.067597959484775,0.0975366798018626,0.545,0.0905912005233373,0.2646347527295614,0.0580548659634061,1.6707045074475575,0.6624379782939489,-0.7145059228860942,58.23,0.1331,0.6998,95.87,46.7,153,NORMAL,0
2026-09-24 08:22:40,137,c4,10400,1555,1.5,Off,35.453,45.678,53.369,5.133921714676599,0.097573666319524,0.536,0.0903253147848562,0.2621940036409902,0.0349754698977187,1.6876801863771265,0.6546859374700857,-0.7098420544451658,57.822,0.133,0.7006,96.07,46.6,152,NORMAL,0
2026-09-24 08:22:50,138,c4,10400,1555,1.5,Off,35.139,46.131,51.505,5.1751502462944,0.0984397884420325,0.602,0.0905769136221939,0.3211965115299833,0.0498541302945447,1.6872540694588212,0.6517260984251426,-0.7390978237327048,57.99,0.1338,0.7028,96.26,46.5,151,NORMAL,0
2026-09-24 08:23:00,139,c4,10400,1555,1.5,Off,35.262,44.982,52.896,5.181951526546691,0.0981550717521737,0.563,0.0906336906261081,0.3132905054642312,0.064428256415721,1.5907993955849378,0.6379218191480361,-0.7461524464641465,57.156,0.1336,0.7,96.43,46.4,150,NORMAL,0
2026-09-24 08:23:10,140,c4,10400,1555,1.5,Off,34.682,46.018,52.267,5.286318703083574,0.1007556276185151,0.499,0.0931368135588098,0.2803314005302559,0.0577599474581949,1.686907050734904,0.6471288911671453,-0.7516011315496507,57.624,0.1372,0.7022,96.6,46.3,149,NORMAL,0
2026-09-24 08:23:20,141,c4,10400,1555,1.5,Off,37.616,47.299,54.909,5.373058215488066,0.102831190088625,0.516,0.0953977017106857,0.2476340350948995,0.0416107589825851,1.613145972207553,0.624710482000952,-0.7577902390211393,60.433,0.1403,0.6993,96.75,46.2,148,NORMAL,0
2026-09-24 08:23:30,142,c4,10400,1555,1.5,Off,35.959,46.746,52.828,5.411574704426234,0.1039298809293522,0.57,0.0964114431341584,0.2607729734547024,0.0447762513435443,1.587459019656733,0.6149526515652852,-0.7713744060920353,58.977,0.1418,0.6992,96.9,46.2,147,NORMAL,0
2026-09-24 08:23:40,143,c4,10400,1555,1.5,Off,36.714,46.691,54.935,5.484798103447505,0.1047968168886738,0.565,0.0968132399370311,0.1857703869567868,0.0205326473558722,1.5393025904341444,0.6097444183655594,-0.7766730812829516,59.397,0.1427,0.6958,97.03,46.1,146,NORMAL,0
2026-09-24 08:23:50,144,c4,10400,1555,1.5,Off,36.343,47.561,53.661,5.571694433777762,0.1054040018361557,0.542,0.0969827158959464,0.1976287851629266,-0.0038377191955389,1.568970831307657,0.6155226702138737,-0.782110222257538,59.857,0.1432,0.6973,97.15,46.0,145,NORMAL,0
2026-09-24 08:24:00,145,c4,10400,1555,1.5,Off,36.964,46.882,54.271,5.6332919833183,0.1060370893682374,0.517,0.0976553284077015,0.1229616108717466,-0.0030301899229199,1.511505589372251,0.60167907304714,-0.7897146292583614,59.701,0.1442,0.6936,97.26,46.0,144,NORMAL,0
2026-09-24 08:24:10,146,c4,10400,1555,1.5,Off,39.219,47.24,56.988,5.637587823439878,0.1064541474797203,0.563,0.0969562186639749,0.1270828441250362,0.0105525355875526,1.526268579414527,0.6035306668274076,-0.7939194499073268,61.398,0.144,0.6943,97.37,45.9,143,NORMAL,0
2026-09-24 08:24:20,147,c4,10400,1555,1.5,Off,37.879,48.6,55.672,5.74657184170472,0.1068496822483754,0.557,0.0974736443089895,0.1828351744457887,0.0397248566330281,1.496631505900286,0.5910306074678248,-0.8041596276345926,61.618,0.1446,0.6953,97.46,45.9,142,NORMAL,0
2026-09-24 08:24:30,148,c4,10400,1555,1.5,Off,38.819,47.24,57.527,5.753478448063879,0.1071028873071812,0.534,0.0967629117958555,0.2499254631056215,0.0503749872282255,1.4274292386372238,0.5841202102641323,-0.8081334755816671,61.144,0.1443,0.6954,97.54,45.8,141,NORMAL,0
2026-09-24 08:24:40,149,c4,10400,1555,1.5,Off,39.496,50.133,58.832,5.825067997800321,0.1049194230690332,0.515,0.0941680130638054,0.3228693293960418,0.0623930192521871,1.4580588526321705,0.5778836472753633,-0.8136667963944468,63.822,0.141,0.6987,97.62,45.8,140,NORMAL,0
2026-09-24 08:24:50,150,c4,10400,1555,1.5,Off,40.459,48.138,58.506,5.845693612195145,0.1075339069597882,0.583,0.0968295643610038,0.3106910843204336,0.0719695032097877,1.4987299991914869,0.5974333714062019,-0.8102892972062636,62.882,0.1447,0.6997,97.69,45.7,139,NORMAL,0
2026-09-24 08:25:00,151,c4,10400,1555,1.5,Off,39.691,48.156,58.566,6.01009468127454,0.1072676856520642,0.603,0.0971086453197258,0.3690069744027795,0.0666861875251911,1.3874259420322907,0.5641245517014395,-0.8209809102606518,62.405,0.1447,0.6982,97.74,45.7,138,NORMAL,0
2026-09-24 08:25:10,152,c4,10400,1555,1.5,Off,40.551,48.463,60.048,6.063845982232674,0.1061397914768983,0.592,0.0963409849409834,0.3909641313111982,0.0682073716429707,1.3639836174323872,0.5846188245492678,-0.8266927276365168,63.191,0.1433,0.6982,97.79,45.7,137,NORMAL,0
2026-09-24 08:25:20,153,c4,10400,1555,1.5,Off,41.482,49.916,61.573,6.142744184486898,0.106630015658048,0.552,0.0972553109746854,0.4375712372499585,0.0519105149638834,1.370778839204598,0.5784502189622801,-0.8274978087431131,64.903,0.1443,0.6999,97.84,45.6,136,NORMAL,0
2026-09-24 08:25:30,154,c4,10400,1555,1.5,Off,41.565,52.014,61.375,6.278545422029875,0.1076778346081522,0.574,0.0981418617892563,0.3725858131828357,0.0512954655858064,1.408563148805202,0.5850076058280157,-0.8299989329176878,66.582,0.1457,0.6992,97.87,45.6,135,NORMAL,0
2026-09-24 08:25:40,155,c4,10400,1555,1.5,Off,42.019,50.965,61.372,6.2760341825743335,0.1088455936127146,0.623,0.0990462177731486,0.3534967560590285,0.0076784388331976,1.4000442974762637,0.5979716601759993,-0.8247133041583239,66.053,0.1472,0.6984,97.9,45.6,134,NORMAL,0
2026-09-24 08:25:50,156,c4,10400,1555,1.5,Off,42.983,50.936,63.497,6.41649531226947,0.1096227451916067,0.561,0.0998956355407747,0.2754031953868066,-0.0046745415825864,1.3652674315543072,0.5818346857630838,-0.8406954988072934,66.648,0.1483,0.6951,97.92,45.6,133,NORMAL,0
2026-09-24 08:26:00,157,c4,10400,1555,1.5,Off,42.897,52.261,63.077,6.511831134399491,0.1091217821686235,0.556,0.0999389163376277,0.259631032639779,-0.0124724189510505,1.3822933446485193,0.5822922574683553,-0.8435807378336837,67.612,0.148,0.6951,97.94,45.6,132,NORMAL,0
2026-09-24 08:26:10,158,c4,10400,1555,1.5,Off,44.282,49.412,64.794,6.596195630763722,0.1098113945340371,0.567,0.0999529198054389,0.2300578743569432,-0.0156604461994156,1.3311164733549583,0.5877871660647317,-0.8482375439071519,66.351,0.1485,0.6927,97.94,45.6,131,NORMAL,0
2026-09-24 08:26:20,159,c4,10400,1555,1.5,Off,45.221,52.024,66.481,6.6898975047950335,0.1099428627340269,0.512,0.1000468140551459,0.2370484482188262,-0.0100322828561627,1.3487691446716834,0.5910235627079072,-0.8487606450153988,68.931,0.1486,0.6935,97.95,45.6,130,NORMAL,0
2026-09-24 08:26:30,160,c4,10400,1555,1.5,Off,45.811,51.542,66.84,6.845425170889702,0.1088857542035818,0.548,0.099165641850492,0.2765771085836253,-0.0123127201405632,1.375683040891091,0.5942885263145224,-0.8540675998989373,68.958,0.1473,0.6955,97.95,45.6,129,NORMAL,0
2026-09-24 08:26:40,161,c4,10400,1555,1.5,Off,36.659,39.047,55.701,4.445891307941474,0.0988057877940499,0.547,0.0921443416093843,0.3698917721844172,0.0912021725144041,0.9803592636890276,0.4719445245448317,-1.015587691895601,53.559,0.1351,0.6864,97.95,45.6,128,NORMAL,0
2026-09-24 08:26:50,162,c4,10400,1555,1.5,Off,37.585,42.213,57.82,4.77726086315046,0.1051936835220938,0.538,0.0961913630526414,0.2710940960513412,0.0637143281802892,1.1127557037544946,0.53455103834963,-1.0092780958442673,56.521,0.1425,0.6874,97.95,45.6,127,NORMAL,0
2026-09-24 08:27:00,163,c4,10400,1555,1.5,Off,39.668,42.376,60.206,4.986321459425342,0.1084118019242832,0.512,0.0989022869087563,0.2150590743834608,0.0486700349695081,1.046545262900648,0.5211999558895423,-1.007819934357825,58.045,0.1467,0.6837,97.95,45.6,126,NORMAL,0
2026-09-24 08:27:10,164,c4,10400,1555,1.5,Off,40.45,43.254,59.847,5.134742285267508,0.1092097890407977,0.501,0.0996050906479421,0.1417751456779998,0.0254537231152607,1.0718684383380888,0.5325633546284348,-1.007239730326775,59.221,0.1478,0.6823,97.95,45.6,125,NORMAL,0
2026-09-24 08:27:20,165,c4,10400,1555,1.5,Off,41.161,43.746,61.458,5.217035296328107,0.1097259004323993,0.512,0.1000902263470397,0.1383774205051473,0.0063714888939441,1.0880639171769877,0.5232529297434189,-1.005864646961973,60.066,0.1485,0.6827,97.95,45.6,124,NORMAL,0
2026-09-24 08:27:30,166,c4,10400,1555,1.5,Off,42.185,43.118,62.586,5.330491772590193,0.1096615862213531,0.566,0.0997708149255962,0.2003987586708482,0.0465879407569871,1.0825770202926632,0.52663330399191,-1.006596401664788,60.322,0.1483,0.6844,97.95,45.6,123,NORMAL,0
2026-09-24 08:27:40,167,c4,10400,1555,1.5,Off,42.787,45.698,63.976,5.378837028487581,0.10940107579679,0.52,0.099463130511589,0.1749659946039563,0.0365816034531105,1.0740495543053683,0.5194278106346374,-1.005810163662705,62.602,0.1479,0.6834,97.95,45.6,122,NORMAL,0
2026-09-24 08:27:50,168,c4,10400,1555,1.5,Off,43.23,44.239,64.499,5.494261966752559,0.1089898733493749,0.563,0.0990215040933145,0.1875596467449169,0.0281616502861776,1.0670969809884667,0.5200366405473515,-1.0062550787109743,61.854,0.1473,0.6835,97.95,45.6,121,NORMAL,0
2026-09-24 08:28:00,169,c4,10400,1555,1.5,Off,43.258,45.092,64.123,5.500395880710377,0.1091570512460434,0.604,0.0986078084794395,0.3044869835885455,0.0620477174653992,1.1033062901613748,0.530690872734229,-1.007803391354176,62.486,0.1471,0.6881,97.95,45.6,120,NORMAL,0
2026-09-24 08:28:10,170,c4,10400,1555,1.5,Off,43.328,44.455,65.441,5.624082975538927,0.1093983784608183,0.622,0.0992520668343331,0.2776877226131948,0.0360701839353012,1.044834931441434,0.5171644566976341,-1.0060311212790087,62.077,0.1477,0.6856,97.95,45.6,119,NORMAL,0
2026-09-24 08:28:20,171,c4,10400,1555,1.5,Off,44.657,44.913,66.5,5.6903135038534565,0.108529375609759,0.568,0.0987959771865931,0.3435459570290242,0.0439145996356118,1.1453962927981722,0.5329383292051555,-1.009003319324549,63.336,0.1468,0.6906,97.95,45.6,118,NORMAL,0
2026-09-24 08:28:30,172,c4,10400,1555,1.5,Off,45.25,45.133,67.364,5.8088801669529735,0.1086896481822866,0.545,0.0995291587536074,0.2654439039657399,0.0473400827118353,1.062390072347342,0.5289937886245039,-1.006914638539372,63.91,0.1474,0.6857,97.95,45.6,117,NORMAL,0
2026-09-24 08:28:40,173,c4,10400,1555,1.5,Off,46.907,47.284,68.693,5.768101954652073,0.1129325095601732,0.584,0.10231262071146,0.2288647552725375,0.0238298309911297,1.186003824755769,0.5435720557605749,-1.002145872117816,66.604,0.1524,0.6883,97.95,45.6,116,NORMAL,0
2026-09-24 08:28:50,174,c4,10400,1555,1.5,Off,45.554,44.658,68.59100000000001,5.816158851781525,0.115084723705277,0.536,0.103945597273364,0.2016099947296261,0.0335640231240761,1.044110190529441,0.5268193551315241,-1.0012176868693188,63.793,0.1551,0.6833,97.95,45.6,115,NORMAL,0
2026-09-24 08:29:00,175,c4,10400,1555,1.5,Off,46.405,46.273,69.656,5.876277686512713,0.1151446118169602,0.537,0.1036839963875958,0.1858099667753086,0.0061856098955948,1.0452371733798786,0.5285964050390459,-1.0015339245508086,65.533,0.1549,0.6828,97.95,45.6,114,NORMAL,0
2026-09-24 08:29:10,176,c4,10400,1555,1.5,Off,47.195,47.242,69.56,5.994081782642689,0.1150515168993637,0.581,0.1038575499902899,0.2296528103678516,0.0069617235515564,0.9696646561453112,0.5232675113570143,-0.9977082522609888,66.777,0.155,0.6819,97.95,45.6,113,NORMAL,0
2026-09-24 08:29:20,177,c4,10400,1555,1.5,Off,47.138,47.8,69.851,6.013464742544397,0.1152954224326158,0.572,0.1036537248305607,0.2399302520229551,0.0363058660046897,1.0081551534477455,0.5263647966097874,-1.0002487309541566,67.133,0.155,0.6833,97.95,45.6,112,NORMAL,0
2026-09-24 08:29:30,178,c4,10400,1555,1.5,Off,48.231,47.053,71.491,6.123888944487881,0.114889497785224,0.576,0.1030505796853887,0.301228654549265,0.0227680071664511,0.9391143748141628,0.5160674770873397,-1.0046039507514049,67.381,0.1543,0.6831,97.95,45.6,111,NORMAL,0
2026-09-24 08:29:40,179,c4,10400,1555,1.5,Off,48.196,46.863,72.318,6.177773910824832,0.1146662594494028,0.658,0.1029659734528308,0.3406141757842134,0.061287155522161,0.9394303880803144,0.5150052202165608,-1.0084771624561024,67.223,0.1541,0.6843,97.95,45.6,110,NORMAL,0
2026-09-24 08:29:50,180,c4,10400,1555,1.5,Off,50.27,50.294,75.06700000000001,6.332806623008644,0.1155450177307205,0.59,0.1032623582712327,0.3978513869369937,0.0553914611304398,0.915662577565676,0.5156214676183898,-1.0062950320962725,71.109,0.155,0.6853,97.95,45.6,109,NORMAL,0
2026-09-24 08:30:00,181,c4,10400,1555,1.5,Off,51.034,49.742,75.327,6.391503357294852,0.1156755847929422,0.676,0.1036210233858036,0.4636203734343489,0.0431098947477925,0.8968852004149039,0.5214919131980683,-1.0094367275506215,71.265,0.1553,0.6867,97.95,45.6,108,NORMAL,0
2026-09-24 08:30:10,182,c4,10400,1555,1.5,Off,50.853,48.894,76.544,6.534568013160954,0.1147641965893385,0.567,0.1033732572068262,0.4815232181747171,0.0449947862397617,0.906329024130299,0.5211248420555359,-1.0127569615104228,70.545,0.1545,0.6875,97.95,45.6,107,NORMAL,0
2026-09-24 08:30:20,183,c4,10400,1555,1.5,Off,50.74,50.571,76.46600000000001,6.587147576353048,0.117129977587972,0.639,0.1052613725284106,0.3622949307310139,0.011325796733832,0.7929916640230132,0.5122817331961825,-1.0227114879433097,71.638,0.1575,0.6806,97.95,45.6,106,NORMAL,0
2026-09-24 08:30:30,184,c4,10400,1555,1.5,Off,51.948,51.004,77.467,6.568001864170377,0.1162284283409174,0.566,0.1039336833712279,0.3045822112179288,-0.0015925445807853,0.8588650673393299,0.523251690472673,-1.021807178868575,72.801,0.1559,0.6808,97.95,45.6,105,NORMAL,0
2026-09-24 08:30:40,185,c4,10400,1555,1.5,Off,52.819,50.624,78.542,6.676244529669928,0.1161339569329815,0.59,0.104227977931382,0.2950700899992755,-0.0325925580853021,0.7973835367279185,0.5174570252151925,-1.0164491212532618,73.162,0.156,0.6787,97.95,45.6,104,NORMAL,0
2026-09-24 08:30:50,186,c4,10400,1555,1.5,Off,52.857,50.426,79.82900000000001,6.8051419450757,0.1171005915194788,0.596,0.1050184006524846,0.2632104214750512,-0.0385005324728413,0.7649532632539939,0.5143450486304363,-1.0101862033197364,73.052,0.1573,0.6767,97.95,45.6,103,NORMAL,0
2026-09-24 08:31:00,187,c4,10400,1555,1.5,Off,54.257,51.828,82.255,6.840410333912251,0.1161658781301112,0.633,0.1048467138965305,0.297122651359452,-0.0106811249938076,0.7278579412752473,0.5121794230417727,-1.0056764674363003,75.033,0.1565,0.6766,97.95,45.6,102,NORMAL,0
2026-09-24 08:31:10,188,c4,10400,1555,1.5,Off,54.426,52.29,81.56400000000001,6.971750956672567,0.1181605382111935,0.718,0.1047951874543059,0.3987725389874623,0.0349729584752163,0.8097538861597648,0.5015295550850134,-1.014927424145217,75.475,0.1579,0.6822,97.95,45.6,101,NORMAL,0
2026-09-24 08:31:20,189,c4,10400,1555,1.5,Off,54.146,50.19,81.003,6.884986708694043,0.1196294486384263,0.595,0.1066607502402098,0.2802006281681972,0.0447754087610938,0.7597349739868164,0.5077043466896316,-1.005042170148539,73.83,0.1603,0.6771,97.95,45.6,100,NORMAL,0
2026-09-24 08:31:30,190,c4,10400,1555,1.5,Off,55.053,51.984,82.851,6.964833642139288,0.1215879138471325,0.69,0.1066089076451082,0.3548055293315753,0.0749330525632756,0.8064907258932088,0.5163510640984466,-1.003278424278924,75.718,0.1617,0.6807,97.95,45.6,99,NORMAL,0
2026-09-24 08:31:40,191,c4,10400,1555,1.5,Off,55.642,50.963,83.016,7.010415012880555,0.1185903071410623,0.598,0.1049460365492028,0.3971884586838512,0.0271318468154357,0.7089984645445218,0.4980501091566021,-1.010934235709925,75.454,0.1584,0.6791,97.95,45.6,98,NORMAL,0
2026-09-24 08:31:50,192,c4,10400,1555,1.5,Off,55.255,50.193,83.36500000000001,7.084010241940164,0.1194417238949566,0.748,0.1056995565155728,0.5017057664319311,0.0301434582426476,0.7118918172176945,0.5042989484544776,-1.0164884349244447,74.649,0.1595,0.6823,97.95,45.6,97,NORMAL,0
2026-09-24 08:32:00,193,c4,10400,1555,1.5,Off,56.12,46.532,83.328,5.649828447035023,0.1134546850951949,0.719,0.1061069184552216,0.4006388512497518,-0.0476731742781662,0.4926583468662522,0.4329806814095738,-1.0190194033004816,72.902,0.1553,0.6727,97.95,45.6,96,NORMAL,0
2026-09-24 08:32:10,194,c4,10400,1555,1.5,Off,57.028,50.712,84.345,5.679996410242655,0.116964085406408,0.602,0.1080123442596992,0.3689335102008706,-0.024511762768236,0.5560104048235748,0.4702676473381502,-1.0193653903977968,76.314,0.1592,0.6736,97.95,45.6,95,NORMAL,0
2026-09-24 08:32:20,195,c4,10400,1555,1.5,Off,57.613,50.206,85.92699999999999,5.776590867082476,0.11883697787629,0.634,0.1092850243489265,0.3441642332995047,-0.0564310818014672,0.6210277910459348,0.4756592255650967,-1.017520110216085,76.419,0.1614,0.6749,97.95,45.6,94,NORMAL,0
2026-09-24 08:32:30,196,c4,10400,1555,1.5,Off,58.491,48.243,86.432,5.971245091465051,0.1200194127564327,0.626,0.1099283579170642,0.3294035884565396,-0.0814476885385486,0.5416642808668639,0.4590035153977623,-1.019645504168652,75.819,0.1628,0.672,97.95,45.6,93,NORMAL,0
2026-09-24 08:32:40,197,c4,10400,1555,1.5,Off,61.644,51.25,90.755,6.082502707818966,0.1235294828292352,0.631,0.1125914164463127,0.3413048671918255,-0.0869092320466746,0.5462774327251672,0.4626393492174575,-1.016819931330768,80.166,0.1671,0.6725,97.95,45.6,92,NORMAL,0
2026-09-24 08:32:50,198,c4,10400,1555,1.5,Off,64.209,49.936,93.479,6.075222609318248,0.1221889900609805,0.629,0.1117350294431491,0.3345538232183664,-0.0558480045928013,0.6090941020315372,0.4911949218185307,-0.9905323114978396,81.341,0.1656,0.6744,98.05,45.5,91,NORMAL,0
2026-09-24 08:33:00,199,c4,10400,1555,1.5,Off,61.527,50.422,90.954,6.264720584553761,0.1224394548013236,0.625,0.1111257472586099,0.4015787954226786,-0.0549754500925665,0.5788938333731353,0.4642986764343511,-1.0124682585025688,79.548,0.1653,0.6757,98.16,45.5,90,NORMAL,0
2026-09-24 08:33:10,200,c4,10400,1555,1.5,Off,61.136,50.159,90.172,6.297540010090144,0.1228315277666318,0.628,0.1106848136589866,0.4597056979431166,-0.0507407699685864,0.5373976078276073,0.4583165999468422,-1.0146326517345257,79.079,0.1653,0.6765,98.29,45.4,89,NORMAL,0
2026-09-24 08:33:20,201,c4,10400,1555,1.5,Off,62.936,50.657,91.736,6.349059594340592,0.1212333381791821,0.633,0.109727271663868,0.5060503960070695,-0.0623605250154319,0.4432975398811298,0.4501242925780915,-1.0143435347647063,80.79,0.1635,0.6753,98.43,45.3,88,NORMAL,0
2026-09-24 08:33:30,202,c4,10400,1555,1.5,Off,63.292,50.658,92.739,6.34316657234067,0.122113154317634,0.658,0.1103965160838917,0.5773028574694123,-0.0448639299435664,0.4982699707674638,0.4699681533444283,-1.0056981265355054,81.069,0.1646,0.6794,98.57,45.2,87,NORMAL,0
2026-09-24 08:33:40,203,c4,10400,1555,1.5,Off,63.814,51.705,95.199,6.470731075403717,0.1240997170554783,0.683,0.112505716574907,0.4903386537991538,-0.061931482147211,0.3839372026989602,0.4475965771794647,-1.0183011888958693,82.132,0.1675,0.6737,98.73,45.1,86,NORMAL,0
2026-09-24 08:33:50,204,c4,10400,1555,1.5,Off,64.236,49.919,95.091,6.478259459507726,0.1259078731570347,0.652,0.1136404406927314,0.506645656063248,-0.0485140317689887,0.4069399259340049,0.4454579381542746,-1.0182960430178918,81.352,0.1696,0.6752,98.9,45.1,85,NORMAL,0
2026-09-24 08:34:00,205,c4,10400,1555,1.5,Off,65.864,53.963,97.02,6.52418164261574,0.1270523439104312,0.732,0.1141735823411801,0.4679963356528471,-0.0981680550779406,0.3819873337512405,0.4435204057027631,-1.0212509913719316,85.147,0.1708,0.6737,99.09,45.0,84,NORMAL,0
2026-09-24 08:34:10,206,c4,10400,1555,1.5,Off,65.689,50.969,98.22899999999998,6.556120878189368,0.1276488715404042,0.758,0.1151926460116044,0.4512217744152611,-0.0926267124673985,0.3600258300654655,0.4419777087289959,-1.0200200716174688,83.144,0.1719,0.6729,99.28,44.8,83,NORMAL,0
2026-09-24 08:34:20,207,c4,10400,1555,1.5,Off,65.528,51.743,98.08,6.632478331813388,0.1278712335879506,0.704,0.1146466767240331,0.3940138614914521,-0.0918846338460519,0.3586992295711892,0.4434422749258093,-1.0222901102915616,83.494,0.1717,0.6716,99.49,44.7,82,NORMAL,0
2026-09-24 08:34:30,208,c4,10400,1555,1.5,Off,67.376,51.681,100.191,6.666485166152486,0.1272441932185871,0.742,0.1132564726639998,0.4641030887180117,-0.0482395145593153,0.376061208352878,0.445428587131997,-1.0225654640458837,84.914,0.1703,0.6746,99.71,44.6,81,NORMAL,0
2026-09-24 08:34:40,209,c4,10400,1555,1.5,Off,67.044,52.648,99.516,6.776884383050347,0.1267342203751366,0.674,0.1135021212085656,0.5282939743653126,-0.0468208394469935,0.3847608182361943,0.446749483240163,-1.0241958107728428,85.245,0.1701,0.6773,99.95,44.5,80,NORMAL,0
2026-09-24 08:34:50,210,c4,10400,1555,1.5,Off,67.219,49.2,99.638,6.974166902067246,0.1253430559471421,0.724,0.1136698519553446,0.4915035041737274,-0.0669192976784005,0.3026374451455074,0.407368958195238,-1.0463772666502158,83.301,0.1692,0.6742,100.2,44.3,79,NORMAL,0
2026-09-24 08:35:00,211,c4,10400,1555,1.5,Off,68.912,54.937,102.046,6.959142221884893,0.1269403322608814,0.738,0.1145766867262555,0.5352442409796985,-0.0449542954953883,0.3882976738726365,0.4487238676979539,-1.024629511426992,88.13,0.171,0.6786,100.46,44.2,78,NORMAL,0
2026-09-24 08:35:10,212,c4,10400,1555,1.5,Off,69.476,53.467,103.645,6.992400596479166,0.1277567938660152,0.68,0.1151005759295714,0.5253771946836623,-0.0662750638203095,0.3429187517435528,0.4459937841254097,-1.028197468830871,87.668,0.172,0.6775,100.74,44.0,77,NORMAL,0
2026-09-24 08:35:20,213,c4,10400,1555,1.5,Off,70.983,53.325,105.054,6.986130619342755,0.1295819103500282,0.684,0.1163294177269684,0.4947188640589637,-0.0734911850556057,0.3304216850881958,0.4430282560768841,-1.028936094480264,88.781,0.1741,0.6768,101.03,43.9,76,NORMAL,0
2026-09-24 08:35:30,214,c4,10400,1555,1.5,Off,70.483,53.807,104.628,7.234440282768671,0.131531819154527,0.743,0.1189338181517095,0.4301117675719133,-0.094824459663326,0.2400063638876131,0.4124389100838065,-1.049677283214125,88.674,0.1773,0.6728,101.33,43.7,75,NORMAL,0
2026-09-24 08:35:40,215,c4,10400,1555,1.5,Off,71.158,55.362,106.376,7.1527895990916095,0.1313199660121081,0.705,0.1190953161919102,0.4319724040067991,-0.0870876470321713,0.2588013129296227,0.4239960404269037,-1.0313699842937405,90.158,0.1773,0.674,101.65,43.5,74,NORMAL,0
2026-09-24 08:35:50,216,c4,10400,1555,1.5,Off,72.53,53.333,107.789,7.298065313019687,0.132162111725214,0.67,0.1192803130535198,0.4069018131539503,-0.0750705352587983,0.2523648448825404,0.4268997290904983,-1.0275553858618725,90.028,0.178,0.6738,101.99,43.3,73,NORMAL,0
2026-09-24 08:36:00,217,c4,10400,1555,1.5,Off,72.622,54.111,108.468,7.336841411404968,0.1305299206895172,0.67,0.11797060653134,0.4288498485980363,-0.0631227329190924,0.2616082743784074,0.4323596611818912,-1.0270394424746627,90.565,0.1759,0.6754,102.34,43.1,72,NORMAL,0
2026-09-24 08:36:10,218,c4,10400,1555,1.5,Off,73.863,55.796,110.197,7.478450548508738,0.1319467343612868,0.684,0.118875919328578,0.5088535350120806,-0.0527473313439799,0.2354023217358647,0.4160258242437073,-1.0420557228602143,92.569,0.1776,0.6777,102.7,42.9,71,NORMAL,0
2026-09-24 08:36:20,219,c4,10400,1555,1.5,Off,75.187,54.876,112.128,7.432875462650851,0.1320932535233823,0.764,0.1195493965812783,0.4972211441069083,-0.0348520718595999,0.2328605233256411,0.4355310158668326,-1.0350764763589413,93.083,0.1782,0.6781,103.08,42.7,70,NORMAL,0
2026-09-24 08:36:30,220,c4,10400,1555,1.5,Off,77.379,56.068,114.736,7.568834275465453,0.1328502614601799,0.788,0.1210179713425113,0.5566193200426905,-0.0739613507497058,0.2001243406732435,0.4326292918937469,-1.034050595574595,95.557,0.1797,0.6797,103.48,42.5,69,NORMAL,0
2026-09-24 08:36:40,221,c4,10400,1555,1.5,Off,77.358,55.263,115.478,7.60648034350804,0.1349968685476229,0.79,0.1228019232006147,0.5135907424253605,-0.1028700865854452,0.2221511649160295,0.4341264826777071,-1.0371393940550258,95.07,0.1825,0.6798,103.89,42.3,68,NORMAL,0
2026-09-24 08:36:50,222,c4,10400,1555,1.5,Off,78.406,56.474,116.572,7.789102699058946,0.1367058038109246,0.724,0.1248072119588064,0.4667083607754745,-0.108120262033843,0.1847686644837169,0.4293713763714394,-1.036479521706984,96.627,0.1851,0.6782,104.31,42.0,67,NORMAL,0
2026-09-24 08:37:00,223,c4,10400,1555,1.5,Off,79.309,57.999,119.074,7.947118356183939,0.1395192076264033,0.709,0.1269201308059984,0.453384275355198,-0.1103227756037381,0.1643402224081893,0.4292109326834595,-1.0361268576550322,98.254,0.1886,0.678,104.75,41.8,66,NORMAL,0
2026-09-24 08:37:10,224,c4,10400,1555,1.5,Off,79.86,56.633,119.48,8.057953758800613,0.1400298389618568,0.766,0.1276923402663153,0.4085267816780615,-0.1170594661031212,0.1393563265843012,0.4274989950079338,-1.0371062297126967,97.903,0.1895,0.6772,105.36,41.5,65,NORMAL,0
2026-09-24 08:37:20,225,c4,10400,1555,1.5,Off,77.232,53.899,116.104,6.152572582994235,0.1348005859649841,0.716,0.1210873645927781,0.4648650951548014,-0.0656959690354757,0.0942783280354033,0.3770683023595674,-1.0101140270106257,94.18,0.1812,0.679,106.12,41.0,64,NORMAL,0
2026-09-24 08:37:30,226,c4,10400,1555,1.5,Off,78.738,59.048,119.135,6.210186246917551,0.1395459713517123,0.73,0.1228708069820466,0.5932285002793196,-0.0493076920442532,0.1357539989734193,0.3977167644732883,-1.0143162090624394,98.419,0.1859,0.6857,106.89,40.6,63,NORMAL,0
2026-09-24 08:37:40,227,c4,10400,1555,1.5,Off,79.898,58.705,120.367,6.3147784192997545,0.1415675546544068,0.8,0.1242781172715623,0.698342520995141,-0.0333797121334407,0.1464104534392443,0.4024499312167318,-1.0124920417090646,99.146,0.1884,0.6907,107.68,40.2,62,NORMAL,0
2026-09-24 08:37:50,228,c4,10400,1555,1.5,Off,80.789,59.762,122.072,6.507624521997069,0.1429755286502337,0.734,0.1261380505943788,0.6635606023858416,-0.0638096136125137,0.1162743656978539,0.3967065229014047,-1.0200630694664432,100.491,0.1907,0.6904,108.49,39.7,61,NORMAL,0
2026-09-24 08:38:00,229,c4,10400,1555,1.5,Off,81.068,58.724,122.628,6.534928249240421,0.1413045405464531,0.725,0.1259310344327097,0.5339575372135839,-0.0811033819098705,0.1024701051572032,0.3930712081495548,-1.014168886610265,100.103,0.1893,0.6877,109.32,39.3,60,NORMAL,0
2026-09-24 08:38:10,230,c4,10400,1555,1.5,Off,82.451,58.348,124.696,6.633230421572519,0.1414408496253595,0.736,0.1259680095503088,0.4605272777645366,-0.0747989243537738,0.1189906361148813,0.3922224025439197,-1.013820525552747,101.008,0.1894,0.6877,110.16,38.8,59,NORMAL,0
2026-09-24 08:38:20,231,c4,10400,1555,1.5,Off,82.35,57.86,127.13,6.691923567932414,0.1447873517964121,0.723,0.1263746077067063,0.5392579363333283,-0.0671203429793525,0.1242351747467584,0.39034452822653,-1.0125853476914846,100.644,0.1922,0.692,111.03,38.3,58,NORMAL,0
2026-09-24 08:38:30,232,c4,10400,1555,1.5,Off,85.238,58.212,129.428,6.792921168749473,0.1433847007758971,0.823,0.1264308426247478,0.6529110079476581,-0.0474382246772573,0.1372913162297657,0.3951501179572029,-1.0077583924576412,103.219,0.1912,0.6975,111.91,37.8,57,NORMAL,0
2026-09-24 08:38:40,233,c4,10400,1555,1.5,Off,85.082,60.432,130.572,6.832763323324575,0.1440601606962792,0.806,0.1265358791909851,0.6964493148884654,-0.0320295252528426,0.1237231511310805,0.3990333318335874,-1.0074175181534215,104.36,0.1917,0.7002,112.8,37.3,56,NORMAL,0
2026-09-24 08:38:50,234,c4,10400,1555,1.5,Off,85.486,60.477,129.793,6.970331220292342,0.1437111066506452,0.781,0.1275854237775953,0.6126021184164592,-0.0488578341014371,0.0800392033918773,0.3914815919776508,-1.011247053040788,104.715,0.1922,0.6982,113.71,36.8,55,NORMAL,0
2026-09-24 08:39:00,235,c4,10400,1555,1.5,Off,86.88,59.315,131.107,7.018323994214391,0.1466464613778966,0.891,0.1294207710530141,0.6499705674542149,-0.0380862976083524,0.08173881327955,0.3903565320443549,-1.0105291402179164,105.197,0.1956,0.7012,114.64,36.3,54,NORMAL,0
2026-09-24 08:39:10,236,c4,10400,1555,1.5,Off,85.671,60.391,131.198,7.111860776062329,0.1480685028012694,0.81,0.1309347240540565,0.5153303246959084,-0.0657879410921711,0.0861789590984973,0.3856184710061986,-1.0047045975060669,104.817,0.1977,0.6992,115.59,35.8,53,NORMAL,0
2026-09-24 08:39:20,237,c4,10400,1555,1.5,Off,86.839,59.657,133.36,7.150440106679532,0.1510970149351772,0.853,0.1319609118121638,0.5482419462557218,-0.034295572676291,0.09570189371412,0.3820632655429263,-1.0033119119535192,105.356,0.2006,0.7024,116.55,35.2,52,NORMAL,0
2026-09-24 08:39:30,238,c4,10400,1555,1.5,Off,90.415,60.335,135.887,7.166404386602835,0.1507867103219576,0.804,0.1320306321441962,0.5688732127215879,0.0249707841061721,0.0798066262913201,0.3723433360687176,-1.0043270081450175,108.698,0.2004,0.7045,117.53,34.7,51,NORMAL,0
2026-09-24 08:39:40,239,c4,10400,1555,1.5,Off,88.902,60.556,135.257,7.203956937051894,0.1499926228211835,0.804,0.1305375999709604,0.6049235043100429,0.034788217213665,0.0729248465510523,0.3727098020247698,-1.005007464546584,107.567,0.1988,0.7074,118.52,34.2,50,NORMAL,0
2026-09-24 08:39:50,240,c4,10400,1555,1.5,Off,89.11,61.95,136.064,7.309239679303282,0.1539527369410614,0.855,0.1328001739525432,0.6534567862660086,0.0573857611818926,0.0834564029313802,0.3706929288548297,-1.0058289841265478,108.528,0.2033,0.7112,119.53,33.6,49,NORMAL,0
2026-09-24 08:40:00,241,c4,10400,1555,1.5,Off,91.325,61.545,139.946,7.357989609020407,0.1510952365990417,0.839,0.1322138134051168,0.6827464256201625,0.0456607488858473,0.0727848935767641,0.3690636213634584,-1.003695261036551,110.127,0.2008,0.7138,120.56,33.0,48,NORMAL,0
2026-09-24 08:40:10,242,c4,10400,1555,1.5,Off,92.012,62.865,140.211,7.412834181772752,0.1526484990935598,0.809,0.1347465773054867,0.667719940411577,0.0373397888879822,0.0851960485626524,0.3740926430263131,-1.0032055408751916,111.437,0.2036,0.7158,121.6,32.4,47,NORMAL,0
2026-09-24 08:40:20,243,c4,10400,1555,1.5,Off,91.75,61.406,139.905,7.480624011207431,0.1528427112081707,0.842,0.1351963321982104,0.5826180438728823,-0.0042534189493914,0.083971040871118,0.371880018366156,-1.001679313893018,110.403,0.2041,0.7153,122.65,31.9,46,NORMAL,0
2026-09-24 08:40:30,244,c4,10400,1555,1.5,Off,92.01,61.927,142.042,7.579024601025265,0.152407414870586,0.803,0.1356365043423685,0.6251793562774708,-0.0049902434186037,0.0587016020476607,0.3681141979906273,-1.0007938259286366,110.909,0.204,0.7179,123.72,31.3,45,NORMAL,0
2026-09-24 08:40:40,245,c4,10400,1555,1.5,Off,93.011,62.987,143.611,7.62114816750652,0.1485194213628809,0.806,0.1349546089592253,0.5301079356082616,-0.0295409346931525,0.0665927664227958,0.3744831201443958,-1.0018496364930238,112.332,0.2007,0.7175,124.8,30.7,44,NORMAL,0
2026-09-24 08:40:50,246,c4,10400,1555,1.5,Off,94.161,62.748,144.076,7.689569987457204,0.1519762167290384,0.855,0.1367405531100907,0.6480537305940537,-0.0005088556129257,0.0517878074100184,0.3787013703740161,-1.0071918556036352,113.153,0.2044,0.7228,125.89,30.1,43,NORMAL,0
2026-09-24 08:41:00,247,c4,10400,1555,1.5,Off,93.93,62.98,144.137,7.743019736606983,0.1547534844793255,0.906,0.1382959050579951,0.663780623359381,0.0284089498345299,0.0514287077036121,0.3813278344435855,-1.0083727723191382,113.09,0.2075,0.7255,127.0,29.4,42,NORMAL,0
2026-09-24 08:41:10,248,c4,10400,1555,1.5,Off,94.273,62.576,145.59199999999998,7.837600027697365,0.156614251533141,0.952,0.1398316080309214,0.5013798087386512,-0.0149784934139525,0.033830088989295,0.3833303346950926,-1.0211444589073309,113.151,0.21,0.7223,128.12,28.8,41,NORMAL,0
2026-09-24 08:41:20,249,c4,10400,1555,1.5,Off,95.006,64.829,146.913,7.885872118391878,0.1588834020649998,1.086,0.1418350721760441,0.459095565154775,-0.0371614130076647,-0.0026518695686514,0.3817689152600509,-1.0238004518962962,115.017,0.213,0.7222,129.25,28.2,40,NORMAL,0
2026-09-24 08:41:30,250,c4,10400,1555,1.5,Off,96.866,63.067,148.378,8.022487856464952,0.1634323278162111,0.843,0.1448614902904711,0.4499435681069439,-0.0400746725326355,-0.0359328344375411,0.3637843343634541,-1.043278334969852,115.587,0.2184,0.7232,130.4,27.6,39,NORMAL,0
2026-09-24 08:41:40,251,c4,10400,1555,1.5,Off,97.116,63.534,149.196,8.0236207694507,0.1621890867237907,0.846,0.143951130229431,0.472478405951767,-0.0215210166062171,-0.0340431573976927,0.3789393972810035,-1.0297655846092106,116.052,0.2169,0.7263,131.55,26.9,38,NORMAL,0
2026-09-24 08:41:50,252,c4,10400,1555,1.5,Off,96.864,63.802,149.704,8.071661175977193,0.1603148345219172,0.836,0.1428736685796195,0.4576373816493562,0.0331726758179686,-0.0557125767310404,0.376161989103171,-1.0310083163344184,115.988,0.2147,0.7275,132.72,26.3,37,NORMAL,0
2026-09-24 08:42:00,253,c4,10400,1555,1.5,Off,97.724,62.587,151.384,8.196431775133124,0.1590947694840959,0.863,0.1427573420377308,0.4411610879668455,0.0294124791398235,-0.0526110261870313,0.3806447062163717,-1.031409654068286,116.048,0.2138,0.7295,133.9,25.6,36,NORMAL,0
2026-09-24 08:42:10,254,c4,10400,1555,1.5,Off,100.77,65.273,156.084,8.34566658631096,0.1563818563207037,0.834,0.1434832527861953,0.4839770630413804,0.0088354689565761,-0.0400333595637101,0.3794876291321042,-1.028913365761455,120.063,0.2122,0.7335,135.09,25.0,35,NORMAL,0
2026-09-24 08:42:20,255,c4,10400,1555,1.5,Off,100.74,64.728,157.231,8.44671029895286,0.1571311172283223,0.895,0.1444910716187533,0.5929742189341516,-0.015061884868885,-0.0358105724137924,0.3763965839958156,-1.0255211986506745,119.742,0.2135,0.7393,136.29,24.3,34,NORMAL,0
2026-09-24 08:42:30,256,c4,10400,1555,1.5,Off,101.78,65.153,158.83100000000002,8.533532432722204,0.1573784171272245,0.903,0.1462638580507289,0.4927927819162363,-0.0297844358746477,-0.0507218005515341,0.3697134689389083,-1.0246394797205902,120.847,0.2149,0.7383,137.5,23.6,33,NORMAL,0
2026-09-24 08:42:40,257,c4,10400,1555,1.5,Off,100.1,56.572,155.333,6.981607631788103,0.1577618214264513,0.885,0.1465258393799331,0.5606071982782175,-0.0205838988623514,-0.1626552416099245,0.3304247885723975,-1.0168628023241364,114.98,0.2153,0.7394,138.72,22.9,32,NORMAL,0
2026-09-24 08:42:50,258,c4,10400,1555,1.5,Off,101.96,60.531,158.01,7.130191407922913,0.1585605643011778,0.854,0.1481229409427439,0.5352542017403024,0.0124846446414634,-0.124004809682845,0.3422634350907118,-1.019102652055555,118.574,0.217,0.7422,139.94,22.3,31,NORMAL,0
2026-09-24 08:43:00,259,c4,10400,1555,1.5,Off,101.57,58.946,158.03699999999998,7.226819315726505,0.1632472882113903,0.906,0.1509499257275173,0.3484631375977485,-0.0095194176048667,-0.1393411493229335,0.3399573716420593,-1.022740921798547,117.435,0.2223,0.7386,141.18,21.6,30,WARNING,0
2026-09-24 08:43:10,260,c4,10400,1555,1.5,Off,102.37,61.996,161.126,7.387155577578971,0.1641538425036425,0.91,0.1525600353325012,0.5448814253706598,-0.0330704784197597,-0.1432774822207916,0.334170360723559,-1.0264402427726154,119.679,0.2241,0.7469,142.42,20.9,29,WARNING,0
2026-09-24 08:43:20,261,c4,10400,1555,1.5,Off,104.79,63.44,163.086,7.44641205476765,0.1677397156449034,1.002,0.1566205758842431,0.4056800442116737,-0.0474590746452849,-0.1392863603203462,0.34244394689211,-1.028417921948361,122.497,0.2295,0.7453,143.68,20.2,28,WARNING,0
2026-09-24 08:43:30,262,c4,10400,1555,1.5,Off,107.47,62.834,168.211,7.721217050321199,0.1750444284650638,0.924,0.1607499948134312,0.3887998721317047,-0.0652597550362612,-0.1541061601428959,0.3325742558634949,-1.0335940756638906,124.491,0.2377,0.7469,144.94,19.5,27,WARNING,0
2026-09-24 08:43:40,263,c4,10400,1555,1.5,Off,110.17,64.979,171.334,7.827978835719349,0.1817415446308918,0.962,0.1646310104848986,0.3065031447547017,-0.0410900863212502,-0.1749840551139865,0.3316761162636354,-1.034757133977957,127.905,0.2452,0.7464,146.2,18.8,26,WARNING,0
2026-09-24 08:43:50,264,c4,10400,1555,1.5,Off,111.48,66.183,174.335,8.012147774146891,0.1853104034698434,0.963,0.1665633947470497,0.3849905134819802,0.0271156741716889,-0.1904558690183919,0.326335675638483,-1.03212555585255,129.646,0.2492,0.7508,147.48,18.1,25,WARNING,0
2026-09-24 08:44:00,265,c4,10400,1555,1.5,Off,112.63,65.243,174.861,7.885790003483106,0.1842014050199776,0.906,0.1645902675911028,0.371402300709045,0.1024469360999216,-0.1536219915022165,0.3488378549443257,-0.9940379525793396,130.162,0.247,0.754,148.75,17.4,24,WARNING,0
2026-09-24 08:44:10,266,c4,10400,1555,1.5,Off,112.97,67.457,176.28199999999998,8.010772762986374,0.1934053692396871,1.094,0.1708823653539274,0.3350932678254552,0.0943707737320216,-0.2022214050224637,0.3174903356226722,-1.029186847376783,131.578,0.2581,0.7541,150.04,16.6,23,WARNING,0
2026-09-24 08:44:20,267,c4,10400,1555,1.5,Off,110.87,62.482,173.02,7.860151970859546,0.1916497254100471,1.111,0.1694266158616056,0.3869123985415506,0.1249592899747806,-0.2029241889451061,0.3210110439529969,-1.0292807656269176,127.264,0.2558,0.7582,151.33,15.9,22,WARNING,0
2026-09-24 08:44:30,268,c4,10400,1555,1.5,Off,111.27,63.055,174.632,7.901529289655542,0.1922637606186573,1.012,0.1700565502065125,0.3667548635433877,0.125674750625893,-0.207009163700139,0.321734265235907,-1.030109172657789,127.894,0.2567,0.76,152.62,15.2,21,WARNING,0
2026-09-24 08:44:40,269,c4,10400,1555,1.5,Off,112.81,62.744,176.041,8.06850031139053,0.1939358452758869,1.062,0.1706699018853233,0.3020450381159856,0.1281834680498867,-0.2494859955561197,0.2919833636426108,-1.0590555963384662,129.085,0.2583,0.7594,153.92,14.5,20,WARNING,0
2026-09-24 08:44:50,270,c4,10400,1555,1.5,Off,113.93,63.006,177.775,7.986575815610436,0.1936579923414756,1.144,0.1699673652240227,0.4218267267210187,0.1929500222925071,-0.2361010500413365,0.3098679446575858,-1.0358432363620187,130.191,0.2577,0.766,155.22,13.8,19,WARNING,0
2026-09-24 08:45:00,271,c4,10400,1555,1.5,Off,114.2,61.771,177.598,7.9579473893323325,0.1967777986997471,1.042,0.169867883572783,0.3834346993023416,0.2584178655905198,-0.2284215865393455,0.3038415013345101,-1.0368045625589868,129.836,0.26,0.7677,156.53,13.0,18,WARNING,0
2026-09-24 08:45:10,272,c4,10400,1555,1.5,Off,114.32,63.811,180.237,8.03127666023821,0.1942758109833077,1.006,0.1693440454380226,0.4004105461384526,0.236233825530066,-0.2361856825294759,0.3057610461762853,-1.036608064465299,130.923,0.2577,0.7706,157.84,12.3,17,WARNING,0
2026-09-24 08:45:20,273,c4,10400,1555,1.5,Off,115.74,62.353,180.635,8.093738887401855,0.1960954603948208,1.15,0.1701359997716265,0.4719374658020978,0.2246322123413517,-0.2164663345071718,0.3095521556322349,-1.0323469508268843,131.467,0.2596,0.776,159.15,11.6,16,WARNING,0
2026-09-24 08:45:30,274,c4,10400,1555,1.5,Off,115.75,63.957,183.795,8.121178041463548,0.1989122990040917,1.175,0.1714571348154275,0.4986134267987507,0.1416719168350972,-0.2104190315719076,0.3064610100039688,-1.032319257546325,132.244,0.2626,0.7796,160.46,10.9,15,WARNING,0
2026-09-24 08:45:40,275,c4,10400,1555,1.5,Off,117.14,64.806,184.538,8.233443871538006,0.1995603660830393,1.273,0.1733065478705191,0.5378986044097318,0.0985999547791629,-0.2127051550755068,0.3094840764179924,-1.0295605890913453,133.872,0.2643,0.7833,161.78,10.1,14,WARNING,0
2026-09-24 08:45:50,276,c4,10400,1555,1.5,Off,118.06,65.056,186.119,8.382910965875608,0.1992888597141209,0.977,0.1744858304496007,0.4255743841204915,0.0691000952385048,-0.2627533576182634,0.2991711919965422,-1.033093849294085,134.798,0.2649,0.7811,163.09,9.4,13,WARNING,0
2026-09-24 08:46:00,277,c4,10400,1555,1.5,Off,117.61,64.873,185.584,8.41814917915774,0.1982401830721627,1.167,0.174969711313645,0.3776530547977237,0.0663984251533431,-0.2678052054254967,0.3009663833692171,-1.032420268624237,134.315,0.2644,0.7821,164.41,8.7,12,WARNING,0
2026-09-24 08:46:10,278,c4,10400,1555,1.5,Off,117.86,64.269,186.082,8.483756245424189,0.1989149787340747,1.128,0.1744928340323469,0.3376320245302704,0.0598992784868546,-0.2461286880716393,0.3071809628120545,-1.0309769591497868,134.244,0.2646,0.7842,165.72,7.9,11,WARNING,0
2026-09-24 08:46:20,279,c4,10400,1555,1.5,Off,117.2,62.82,185.492,8.433223589757326,0.2010895806585025,1.075,0.1750668410008803,0.3150001523892203,0.1064137052896785,-0.242888766483496,0.3057816711819075,-1.028472942664126,132.974,0.2666,0.7862,167.04,7.2,10,WARNING,0
2026-09-24 08:46:30,280,c4,10400,1555,1.5,Off,118.45,63.91,187.346,8.559970848734848,0.19936758557676,1.025,0.1769223812149822,0.4521356460501513,0.1335082430012417,-0.2473720913496544,0.3026643550378591,-1.027038077249749,134.592,0.2666,0.7929,168.36,6.5,9,WARNING,0
2026-09-24 08:46:40,281,c4,10400,1555,1.5,Off,119.65,62.476,189.061,8.525599587507367,0.2101424538960974,1.306,0.1829785113999809,0.5331532524686842,0.2219614489362729,-0.2665035506136459,0.290334523259778,-1.0231083420406253,134.979,0.2786,0.7973,169.67,5.7,8,WARNING,0
2026-09-24 08:46:50,282,c4,10400,1555,1.5,Off,119.19,64.429,188.081,8.537421287119873,0.2082111395774557,1.11,0.1831995743291002,0.5613042782304447,0.2307971892271827,-0.2720302322981163,0.2944697140420733,-1.024690263711057,135.489,0.2773,0.8006,170.99,5.0,7,WARNING,0
2026-09-24 08:47:00,283,c4,10400,1555,1.5,Off,118.91,62.88,187.542,8.539871814789022,0.2123553169435283,1.062,0.1851608226779865,0.46096206281246,0.2260859760578566,-0.2719818918679975,0.2987397479524979,-1.0248207415071078,134.512,0.2817,0.8003,172.3,4.3,6,WARNING,0
2026-09-24 08:47:10,284,c4,10400,1555,1.5,Off,117.88,61.882,186.021,8.731986157880208,0.219313999538764,1.25,0.1900036671300595,0.4989438691667733,0.2826774881082547,-0.3366364257188836,0.2785464325234071,-1.0500342466826442,133.136,0.2902,0.8021,173.61,3.6,5,WARNING,0
2026-09-24 08:47:20,285,c4,10400,1555,1.5,Off,118.82,62.808,187.86,8.577855346333102,0.223370578900843,1.186,0.190293990887545,0.524225108772697,0.3358327689606799,-0.2858487125166657,0.3035766843362549,-1.0252790889044945,134.399,0.2934,0.807,174.91,2.8,4,WARNING,0
2026-09-24 08:47:30,286,c4,10400,1555,1.5,Off,121.91,61.802,192.898,8.796017271975506,0.2288225145918275,1.33,0.1962072320098267,0.5975797970391485,0.3346406108348567,-0.2990151986801153,0.3014426686786222,-1.0245280790576412,136.68,0.3014,0.8114,176.22,2.1,3,WARNING,0
2026-09-24 08:47:40,287,c4,10400,1555,1.5,Off,123.37,63.509,195.519,8.900619011267656,0.2206119231881049,1.237,0.193055708806384,0.6907358291138372,0.360975119445647,-0.2954200674615701,0.3007521674116748,-1.020010503741076,138.757,0.2932,0.8169,177.52,1.4,2,WARNING,0
2026-09-24 08:47:50,288,c4,10400,1555,1.5,Off,123.17,62.974,196.639,8.845228078158456,0.2173047912803415,1.268,0.1918627088045407,0.6620895127760948,0.3288429488211024,-0.2845495541350535,0.3036362035874013,-1.0157115004177062,138.335,0.2899,0.8189,178.81,0.7,1,WARNING,0
2026-09-24 08:48:00,289,c4,10400,1555,1.5,Off,124.97,61.376,197.623,6.977057180720527,0.2077597938892721,1.263,0.1833083171918406,0.8694224573896858,0.3370337948473501,-0.2910341706226518,0.2795833724469009,-0.9747809609527088,139.228,0.2771,0.8276,180.1,0.0,0,CRITICAL,1
2026-09-24 08:48:10,290,c4,10400,1555,1.5,Off,126.3,63.035,198.527,7.169131816983886,0.2090032602807667,1.166,0.1842497976199105,0.712035656803828,0.3513846189022738,-0.2978304521353618,0.278998671287668,-0.978551641934815,141.156,0.2786,0.8252,181.39,0.0,0,CRITICAL,1
2026-09-24 08:48:20,291,c4,10400,1555,1.5,Off,125.87,62.788,199.016,7.30693756245539,0.2163053539554565,1.216,0.1886182613522672,0.6791919778476538,0.4117255977896739,-0.303707970606268,0.272747277756764,-0.9795798593919643,140.661,0.287,0.8266,182.67,0.0,0,CRITICAL,1
2026-09-24 08:48:30,292,c4,10400,1555,1.5,Off,127.36,63.214,202.158,7.486389007851536,0.2292559057494348,1.273,0.1957772802664823,0.8089584780451391,0.4420055678412518,-0.3074738224357496,0.2671494649979095,-0.9830553265828096,142.185,0.3015,0.8329,183.95,0.0,0,CRITICAL,1
2026-09-24 08:48:40,293,c4,10400,1555,1.5,Off,129.01,64.12,203.177,7.441245001636661,0.2270741039028947,1.314,0.1953409661963843,0.8554478522007014,0.4727108010956837,-0.2586922826302675,0.2974727512869392,-0.94653303275921,144.066,0.2995,0.8383,185.22,0.0,0,CRITICAL,1
2026-09-24 08:48:50,294,c4,10400,1555,1.5,Off,132.04,65.548,207.553,7.779051015986885,0.233439732266468,1.345,0.2001490742194834,0.7528257990083498,0.460971067169762,-0.3215284957729922,0.2662186023341285,-0.9836863973608438,147.415,0.3075,0.8359,186.48,0.0,0,CRITICAL,1
2026-09-24 08:49:00,295,c4,10400,1555,1.5,Off,132.4,64.509,209.456,7.869895144971881,0.2373282950106165,1.288,0.2024866858339125,0.7336146037810347,0.4455261612920127,-0.3186949480756116,0.2694021916804943,-0.9874359919740594,147.279,0.312,0.8379,187.73,0.0,0,CRITICAL,1
2026-09-24 08:49:10,296,c4,10400,1555,1.5,Off,133.02,65.026,211.229,8.031058457772556,0.2480564172010655,1.287,0.2099356278029605,0.6669550772766386,0.5030929737227003,-0.3369080516175282,0.2642633121195289,-0.9904167377247868,148.063,0.325,0.8379,188.98,0.0,0,CRITICAL,1
2026-09-24 08:49:20,297,c4,10400,1555,1.5,Off,133.62,64.684,211.349,8.279995045748919,0.2420649834526001,1.471,0.2084672449854877,1.180825848468281,0.3385891925985613,-0.3645245961048111,0.2652709625165403,-1.0097245051793569,148.453,0.3195,0.8549,190.23,0.0,0,CRITICAL,1
2026-09-24 08:49:30,298,c4,10400,1555,1.5,Off,133.37,67.044,212.056,8.284303205864092,0.216992233872717,1.098,0.1961368749986674,0.5304125364507062,0.2444234223886034,-0.3339960090280502,0.281031143456423,-0.9935470916608375,149.273,0.2925,0.8388,191.46,0.0,0,CRITICAL,1
2026-09-24 08:49:40,299,c4,10400,1555,1.5,Off,133.29,65.239,213.027,8.258583868665237,0.2219558721077128,1.274,0.1983520200143727,0.7818235395425157,0.3137529499642313,-0.3224868047691664,0.27718450183775,-0.9876976591939356,148.399,0.2977,0.8492,192.69,0.0,0,CRITICAL,1
2026-09-24 08:49:50,300,c4,10400,1555,1.5,Off,134.91,64.591,214.323,8.194118736616705,0.2170383347323254,1.175,0.192399060107332,0.7385091519288705,0.3601250826938864,-0.3219957802098738,0.2713798391292331,-0.973798720630195,149.575,0.29,0.8503,193.9,0.0,0,CRITICAL,1
2026-09-24 08:50:00,301,c4,10400,1555,1.5,Off,133.03,65.675,210.802,8.069010440705808,0.2101174313341312,1.185,0.1865372530996727,0.6675487548038115,0.2800675653191189,-0.3030753632825425,0.2759452853087572,-0.9704160344938356,148.358,0.281,0.8512,195.11,0.0,0,CRITICAL,1
2026-09-24 08:50:10,302,c4,10400,1555,1.5,Off,132.52,66.089,209.52,8.069229048610524,0.2129208926947284,1.088,0.1898354900688174,0.5578245613415227,0.2919208576129595,-0.3127413725671166,0.2836145589419443,-0.9738643754941356,148.085,0.2853,0.85,196.31,0.0,0,CRITICAL,1
2026-09-24 08:50:20,303,c4,10400,1555,1.5,Off,130.86,64.82,207.246,8.186601922287101,0.2153490163748107,1.108,0.1922006005218998,0.6667695224727117,0.2510418806494359,-0.338022464709613,0.2792444384175071,-0.9798928005846648,146.034,0.2886,0.8549,197.5,0.0,0,CRITICAL,1
2026-09-24 08:50:30,304,c4,10400,1555,1.5,Off,131.82,64.653,209.105,8.386951625863823,0.2190201332859117,1.231,0.1951191828103619,0.5648290559500104,0.2867386444809603,-0.3463421375605957,0.2816432010620297,-0.9843413959240848,146.821,0.2933,0.8539,198.68,0.0,0,CRITICAL,1
2026-09-24 08:50:40,305,c4,10400,1555,1.5,Off,132.65,67.934,210.929,8.437531980470897,0.2192220915941008,1.096,0.1966596485577798,0.5735303483344736,0.2620219779751642,-0.3467452642303805,0.2811808202661078,-0.9902986457307336,149.034,0.2945,0.8565,199.85,0.0,0,CRITICAL,1
2026-09-24 08:50:50,306,c4,10400,1555,1.5,Off,129.14,62.374,206.651,8.600291267120229,0.2021051428630727,1.181,0.1830344343934642,0.5874545911339557,0.1961150065348005,-0.3692500368119109,0.286599166597332,-1.0027151570775792,143.414,0.2727,0.8586,201.01,0.0,0,CRITICAL,1
2026-09-24 08:51:00,307,c4,10400,1555,1.5,Off,125.24,60.709,202.548,8.587269383582436,0.195473414770214,1.036,0.1786158554809596,0.4213051345810878,0.2055333093902143,-0.3821336174699312,0.2908535599466958,-1.012262177813397,139.178,0.2648,0.8555,202.15,0.0,0,CRITICAL,1
2026-09-24 08:51:10,308,c4,10400,1555,1.5,Off,124.72,62.404,199.856,8.445763209052272,0.1987891977081348,1.103,0.1796365569092072,0.4757200707939093,0.1621157590617872,-0.3932150546301907,0.2721548418939583,-0.9989987152621628,139.461,0.2679,0.8591,203.29,0.0,0,CRITICAL,1
2026-09-24 08:51:20,309,c4,10400,1555,1.5,Off,116.72,55.241,187.244,8.063638504347047,0.1966383971951295,1.127,0.1725347721422091,0.5955452947412136,0.256656784453845,-0.4038928495016272,0.2684450944465201,-0.9953672883444034,129.132,0.2616,0.8646,204.42,0.0,0,CRITICAL,1
2026-09-24 08:51:30,310,c4,10400,1555,1.5,Off,110.26,54.023,175.93,7.863736293000817,0.1963966237875562,0.915,0.1710424739457202,0.342481677871254,0.1746153934216341,-0.3923733794385677,0.2812095209531026,-1.0022795086926333,122.783,0.2604,0.8596,205.53,0.0,0,CRITICAL,1
2026-09-24 08:51:40,311,c4,10400,1555,1.5,Off,107.4,53.516,172.832,7.761746157564473,0.1976341148063175,1.11,0.169914146792842,0.4758006033259527,0.1874437397960906,-0.3766288920106713,0.2884683595347771,-0.9998548990339656,119.995,0.2606,0.8662,206.63,0.0,0,CRITICAL,1
2026-09-24 08:51:50,312,c4,10400,1555,1.5,Off,107.97,54.889,173.019,7.744599718755177,0.1906430977213355,1.009,0.1664889594850464,0.4374899998001091,0.1598994071621038,-0.3678402097226931,0.2922462335912316,-1.001184995899403,121.121,0.2531,0.8675,207.72,0.0,0,CRITICAL,1
2026-09-24 08:52:00,313,c4,10400,1555,1.5,Off,109.01,54.108,176.72500000000002,7.79050017668714,0.1856275290376225,1.028,0.1645821865662573,0.4581708504582646,0.1447613537122731,-0.3538108363661187,0.2977120792749018,-0.9970529467436062,121.7,0.2481,0.8707,208.8,0.0,0,CRITICAL,1
2026-09-24 08:52:10,314,c4,10400,1555,1.5,Off,109.36,57.158,176.43,7.877247952342164,0.183966337931768,1.027,0.1634253508755931,0.4483015539300266,0.1927912724623905,-0.34519951153771,0.3014930805854511,-0.9962524675147773,123.396,0.2461,0.8728,209.87,0.0,0,CRITICAL,1
2026-09-24 08:52:20,315,c4,10400,1555,1.5,Off,110.19,54.112,178.724,7.954338877012778,0.1794397036921309,1.022,0.1619188291492097,0.397219105154214,0.1278706348890237,-0.3641282599032509,0.3011215608902516,-0.9986840714606302,122.76,0.2417,0.8728,210.92,0.0,0,CRITICAL,1
2026-09-24 08:00:00,1,c6,10400,1555,1.5,Off,3.658,5.915,5.965,0.8156997842082002,0.0622128030365443,0.878,0.0627675752233557,1.1869371135394822,1.120729068564799,5.591367406356348,-0.7639396308785724,-0.382243979462026,6.955,0.0884,0.7789,62.79,65.1,245,NORMAL,0
2026-09-24 08:00:10,2,c6,10400,1555,1.5,Off,7.369,12.901,10.818,1.808173620395768,0.0744522633452115,0.341,0.0807103904861705,0.220374802390658,0.0686484417397608,0.7243863184834605,0.6030533706651613,-0.1222408923838216,14.857,0.1098,0.6066,64.14,64.4,244,NORMAL,0
2026-09-24 08:00:20,3,c6,10400,1555,1.5,Off,9.726,19.025,13.661,2.6524188734521985,0.0792522572268566,0.398,0.0956034991413873,0.3559999266611569,-0.01307919624502,0.8447071645805853,0.7447741609178442,-0.3642480441494107,21.367,0.1242,0.6168,65.37,63.7,243,NORMAL,0
2026-09-24 08:00:30,4,c6,10400,1555,1.5,Off,10.755,21.51,15.401,3.0923382566718782,0.0854652142957109,0.49,0.1035435491548922,0.3535025227351056,-0.0206459437670543,0.784668909102856,0.7715936067302787,-0.4867667903147006,24.049,0.1343,0.6171,66.49,63.1,242,NORMAL,0
2026-09-24 08:00:40,5,c6,10400,1555,1.5,Off,11.007,22.179,14.343,2.6561715540451285,0.0908066067285595,0.424,0.1109595671112501,0.1025466276131985,-0.1111382297062331,0.7231215473404133,0.6878668035226122,-0.4995844112757592,24.76,0.1434,0.6098,67.51,62.5,241,NORMAL,0
2026-09-24 08:00:50,6,c6,10400,1555,1.5,Off,11.757,23.489,15.165,3.2552473750524986,0.0844608406687356,0.39,0.1088896845736732,0.1856867060584361,-0.0334381762027002,0.7666914039239576,0.7515118946974877,-0.4903353796746188,26.267,0.1378,0.6155,68.45,62.0,240,NORMAL,0
2026-09-24 08:01:00,7,c6,10400,1555,1.5,Off,11.168,22.559,14.765999999999998,2.9420427472201287,0.0870239711590254,0.383,0.1082459079976246,0.1651520900158529,-0.031700586080722,0.6697416276389672,0.7503055593540848,-0.5015850805636388,25.172,0.1389,0.6137,69.3,61.5,239,NORMAL,0
2026-09-24 08:01:10,8,c6,10400,1555,1.5,Off,11.228,22.464,14.68,3.066206300664573,0.0822614173105629,0.367,0.1055649615291898,0.1627105476485866,-0.0774738093631719,0.7076059260013601,0.737246852335971,-0.4975710709295375,25.114,0.1338,0.6163,70.09,61.1,238,NORMAL,0
2026-09-24 08:01:20,9,c6,10400,1555,1.5,Off,13.571,33.122,19.551,2.630540299950746,0.0840903980911429,0.379,0.1071479088859813,0.3342121226795354,-0.0189777960615398,1.3909548376082688,0.927257953384051,-0.3923264290342501,35.794,0.1362,0.6434,70.81,60.7,237,NORMAL,0
2026-09-24 08:01:30,10,c6,10400,1555,1.5,Off,14.152,31.626,19.168,3.254673396414251,0.0822473944699513,0.399,0.1117297458176118,0.4330453770230051,-0.1623387430594549,1.3873040063428157,0.9541826924905528,-0.374894796927113,34.648,0.1387,0.6476,71.47,60.3,236,NORMAL,0
2026-09-24 08:01:40,11,c6,10400,1555,1.5,Off,13.792,32.213,19.262,2.9510260026121347,0.0833524938351474,0.351,0.1088297971792626,0.3143629481704595,-0.1854670955637614,1.278541648223813,0.9443715091886556,-0.3915498993404402,35.041,0.1371,0.642,72.09,59.9,235,NORMAL,0
2026-09-24 08:01:50,12,c6,10400,1555,1.5,Off,13.819,31.165,19.091,3.1559236554082744,0.0826335005332297,0.416,0.1101132002961559,0.3290233289302491,-0.1989869178213696,1.365133282826866,0.957513936107143,-0.403687040735881,34.091,0.1377,0.6491,74.13,58.8,234,NORMAL,0
2026-09-24 08:02:00,13,c6,10400,1555,1.5,Off,12.668,26.342,17.250999999999998,2.8126228391661248,0.0834639241915611,0.419,0.1114894741781958,0.3794415468635375,-0.2151394814666289,0.7285822790606167,0.6838936346758988,-0.375956811759798,29.23,0.1393,0.6337,75.22,58.2,233,NORMAL,0
2026-09-24 08:02:10,14,c6,10400,1555,1.5,Off,13.205,26.531,17.68,3.289521785611491,0.083727613994689,0.43,0.1135874162256018,0.3514954576082547,-0.0793149362714489,0.7512432010491956,0.7335495059990345,-0.4472363708014,29.636,0.1411,0.6357,76.3,57.6,232,NORMAL,0
2026-09-24 08:02:20,15,c6,10400,1555,1.5,Off,14.361,27.242,19.586,3.341160312836715,0.0843409380117197,0.379,0.1150923385374726,0.2947803701295548,-0.1374760714394165,0.7990679025144378,0.7310736928871524,-0.4284892427898246,30.796,0.1427,0.6376,77.38,57.0,231,NORMAL,0
2026-09-24 08:02:30,16,c6,10400,1555,1.5,Off,13.636,28.877,18.449,3.493496346431376,0.0847486205202263,0.375,0.115739978551238,0.2640579949353299,-0.2156359470758859,0.8165497051872435,0.744067578529975,-0.4508175938491496,31.935,0.1435,0.6393,78.46,56.4,230,NORMAL,0
2026-09-24 08:02:40,17,c6,10400,1555,1.5,Off,13.349,28.283,18.529,3.5830818091287826,0.0835077596076177,0.372,0.1162129756661124,0.2873005058327282,-0.2561273770387933,0.8625879385571937,0.7399531075282035,-0.4370690597086621,31.275,0.1431,0.6436,79.54,55.8,229,NORMAL,0
2026-09-24 08:02:50,18,c6,10400,1555,1.5,Off,13.834,27.99,18.835,3.727211018644548,0.082368728694339,0.373,0.1162077369027699,0.3300492042150673,-0.2456681026785832,0.860011205260506,0.7360757554646776,-0.4256905874636056,31.222,0.1424,0.6469,80.62,55.2,228,NORMAL,0
2026-09-24 08:03:00,19,c6,10400,1555,1.5,Off,12.378,26.888,17.09,3.0505396042768056,0.0829032179993097,0.464,0.1121690815590149,0.4432971614858156,-0.2231209471548623,0.6486531449805528,0.7139224492716837,-0.4186483421356097,29.6,0.1395,0.6462,81.7,54.6,227,NORMAL,0
2026-09-24 08:03:10,20,c6,10400,1555,1.5,Off,13.415,26.931,17.657,3.183800315908168,0.0815402343193711,0.491,0.1106790051863413,0.4435968398162542,-0.0974573010298529,0.7271012157029748,0.7246132541794712,-0.4033198592104652,30.087,0.1375,0.6507,82.78,54.0,226,NORMAL,0
2026-09-24 08:03:20,21,c6,10400,1555,1.5,Off,14.496,31.851,19.067,3.030921834581115,0.0877544427313999,0.435,0.1214180974612152,0.3580228827916647,-0.0173817465973424,0.9847034790072856,0.7750759775373464,-0.5628860929967616,34.995,0.1498,0.6575,83.62,53.5,225,NORMAL,0
2026-09-24 08:03:30,22,c6,10400,1555,1.5,Off,14.433,32.562,18.926,3.548389519164017,0.0873849705593103,0.398,0.1235302174001743,0.2828935950891988,-0.240676107381319,1.139313097776243,0.8273228162548193,-0.5685035313887208,35.617,0.1513,0.6616,84.45,53.1,224,NORMAL,0
2026-09-24 08:03:40,23,c6,10400,1555,1.5,Off,14.64,31.477,19.232,3.609749462311581,0.086367402396597,0.445,0.1243838916804865,0.3641699462722139,-0.2190326191973013,1.264443213731831,0.8462466130247517,-0.5669063083218195,34.715,0.1514,0.6694,85.29,52.6,223,NORMAL,0
2026-09-24 08:03:50,24,c6,10400,1555,1.5,Off,14.726,32.047,19.169,3.772941559598249,0.0860285171245715,0.419,0.1250738532738337,0.4075018667502172,-0.1553179989333504,1.2949472627146426,0.8516827618505081,-0.578878154641008,35.268,0.1518,0.6733,86.13,52.2,222,NORMAL,0
2026-09-24 08:04:00,25,c6,10400,1555,1.5,Off,15.723,31.834,20.336,3.876510612356728,0.0873367600747554,0.486,0.1262714638163632,0.3870068918546523,-0.1042645865413862,1.336088352449944,0.8629664739368283,-0.581873877403853,35.505,0.1535,0.6756,86.97,51.7,221,NORMAL,0
2026-09-24 08:04:10,26,c6,10400,1555,1.5,Off,14.726,32.645,19.343,3.9481637786574977,0.089425162434279,0.494,0.1290658954165477,0.3263753122109842,-0.1398903652968433,1.3082620457159395,0.8507692463317075,-0.5778985213711136,35.813,0.157,0.6746,87.8,51.2,220,NORMAL,0
2026-09-24 08:04:20,27,c6,10400,1555,1.5,Off,14.647,33.174,19.014,4.006251468505916,0.0918943885619627,0.553,0.1311346413910073,0.2585666216616169,-0.1930926624026216,1.3448785323510508,0.8488439773694947,-0.5904423467011535,36.264,0.1601,0.6754,88.64,50.8,219,NORMAL,0
2026-09-24 08:04:30,28,c6,10400,1555,1.5,Off,15.323,33.569,20.232,4.084869725817866,0.0933501632793616,0.515,0.1328222684837675,0.2365233087520666,-0.2307479898360811,1.366494178202057,0.8507263380103024,-0.5850960896177968,36.901,0.1623,0.677,89.48,50.3,218,NORMAL,0
2026-09-24 08:04:40,29,c6,10400,1555,1.5,Off,15.542,34.876,19.826,4.092207063443143,0.0926639726054651,0.466,0.1325939403541583,0.2685177109069077,-0.2486613258374852,1.3934306867490287,0.8510921523629537,-0.5764466548575156,38.182,0.1618,0.6805,90.32,49.8,217,NORMAL,0
2026-09-24 08:04:50,30,c6,10400,1555,1.5,Off,15.0,33.614,19.91,4.183786227747281,0.0917311143200251,0.481,0.1331579358443375,0.3542725417078172,-0.2029603025615571,1.436536850357812,0.8560510246915011,-0.5960256765892669,36.809,0.1617,0.686,91.15,49.4,216,NORMAL,0
2026-09-24 08:05:00,31,c6,10400,1555,1.5,Off,14.272,31.638,18.968,3.2629718523389406,0.0881436150204669,0.57,0.1227093714359575,0.2628227041387969,-0.1636484583488107,1.0294625745165158,0.811080938210665,-0.5672325768925264,34.708,0.1511,0.6727,91.99,48.9,215,NORMAL,0
2026-09-24 08:05:10,32,c6,10400,1555,1.5,Off,14.271,32.233,18.595,3.385058893105544,0.0881010050669257,0.445,0.1225012007376884,0.2404410560001033,-0.2291776932675602,1.0671311857023076,0.8137117458840198,-0.5718170999732521,35.251,0.1509,0.6749,92.83,48.4,214,NORMAL,0
2026-09-24 08:05:20,33,c6,10400,1555,1.5,Off,16.844,32.508,21.538,3.2838993776028147,0.0891870153175948,0.667,0.1283660446691967,0.551845009540894,-0.1302007972585293,1.6070992379531557,0.8469103165783453,0.1964301125916052,36.613,0.1563,0.7013,93.25,48.2,213,NORMAL,0
2026-09-24 08:05:30,34,c6,10400,1555,1.5,Off,16.896,32.798,20.915,3.755934943423108,0.0930149384021273,0.507,0.1331386153282903,0.302358380371448,-0.2427205221227923,1.662982320034927,0.8950423432501216,0.1558958798761249,36.894,0.1624,0.6963,93.68,48.0,212,NORMAL,0
2026-09-24 08:05:40,35,c6,10400,1555,1.5,Off,16.112,33.363,21.076,3.891302177456544,0.0927508248796646,0.506,0.1339637310545669,0.2812946059029215,-0.2784080151220416,1.7429389969542752,0.9040648723201872,0.1599647768246215,37.05,0.1629,0.6989,94.1,47.7,211,NORMAL,0
2026-09-24 08:05:50,36,c6,10400,1555,1.5,Off,16.373,33.539,20.374,3.922389538495268,0.0907529001036142,0.511,0.1338127041726949,0.3392204302109491,-0.2848211063183705,1.643982271789569,0.8763575281253445,0.1280133708217232,37.322,0.1617,0.6986,94.53,47.5,210,NORMAL,0
2026-09-24 08:06:00,37,c6,10400,1555,1.5,Off,16.34,34.973,20.656,4.011060645909528,0.0902590465605073,0.499,0.1331200671522895,0.3958902396015538,-0.2177843256343306,1.7429236627822169,0.8932614795276975,0.1093152965986372,38.602,0.1608,0.7041,94.95,47.2,209,NORMAL,0
2026-09-24 08:06:10,38,c6,10400,1555,1.5,Off,17.423,35.483,21.428,4.098708308890072,0.0906203184744178,0.495,0.1344428900557517,0.4386655388851688,-0.1400956899446055,1.7866525179098494,0.903232479237868,0.0850767065191142,39.53,0.1621,0.7075,95.38,47.0,208,NORMAL,0
2026-09-24 08:06:20,39,c6,10400,1555,1.5,Off,16.576,35.469,21.185,4.110948840326023,0.0926229398993257,0.47,0.1357692005277067,0.4306250383359717,-0.146625473093549,1.7959917344833514,0.8965388712170053,0.0708363621363359,39.151,0.1644,0.7084,95.8,46.8,207,NORMAL,0
2026-09-24 08:06:30,40,c6,10400,1555,1.5,Off,16.563,35.099,21.313,4.166919819311124,0.0951899449467557,0.552,0.1378323937947962,0.4356036644765182,-0.1555893925097038,1.8003359617624142,0.8952708569443176,0.0557066832535135,38.811,0.1675,0.7095,96.23,46.5,206,NORMAL,0
2026-09-24 08:06:40,41,c6,10400,1555,1.5,Off,16.682,34.072,20.719,4.247334643907428,0.0944009287489796,0.532,0.1379217692890938,0.3576696004983324,-0.2337933377102135,1.8041489326658908,0.8980041864846212,0.036676784129749,37.937,0.1671,0.7082,96.65,46.3,205,NORMAL,0
2026-09-24 08:06:50,42,c6,10400,1555,1.5,Off,17.432,35.65,21.803,4.350896210090902,0.0941542012162189,0.529,0.1392585235910344,0.4255902838720997,-0.2615712111836226,1.826176101677441,0.8981937294157284,0.004464341675284,39.684,0.1681,0.7117,97.08,46.1,204,NORMAL,0
2026-09-24 08:07:00,43,c6,10400,1555,1.5,Off,17.12,34.586,21.667,4.430361535791915,0.0928587237087543,0.598,0.1385292296066935,0.4695616625626844,-0.2189116885681228,1.8622328296398205,0.9032466063836616,0.0093932190062058,38.591,0.1668,0.715,97.51,45.8,203,NORMAL,0
2026-09-24 08:07:10,44,c6,10400,1555,1.5,Off,17.862,36.558,22.608,4.475577071743784,0.0929809788545996,0.535,0.1391263373679682,0.544999145507977,-0.1380250253284023,1.9163179798475696,0.906574872854346,-0.021270852624053,40.688,0.1673,0.7197,97.93,45.6,202,NORMAL,0
2026-09-24 08:07:20,45,c6,10400,1555,1.5,Off,17.705,36.825,22.467,4.550471707501906,0.0954674601124992,0.639,0.1411392103399043,0.5571393207363449,-0.0990544195946485,1.925436423594564,0.9070033889233396,-0.0478680341736219,40.86,0.1704,0.7212,98.36,45.4,201,NORMAL,0
2026-09-24 08:07:30,46,c6,10400,1555,1.5,Off,17.018,36.227,21.655,4.6343842886020274,0.0970309854195724,0.51,0.1433127101609062,0.4097579693262716,-0.1274730176924006,1.9178014871852689,0.907757286976714,-0.0784988887450803,40.025,0.1731,0.7174,98.78,45.1,200,NORMAL,0
2026-09-24 08:07:40,47,c6,10400,1555,1.5,Off,15.802,32.309,19.957,3.4898790420528742,0.0906273426493226,0.448,0.1302969335582699,0.4220304710538576,-0.158084024514697,1.6283093874819985,0.8987172284548746,0.1980307314623974,35.966,0.1587,0.7099,99.21,44.9,199,NORMAL,0
2026-09-24 08:07:50,48,c6,10400,1555,1.5,Off,17.025,35.459,21.461,4.691880872161503,0.0986728975688381,0.581,0.1432832741765866,0.4453686326846102,-0.1687934463662062,1.936692424057788,0.9113055428051584,-0.1211492028525578,39.334,0.174,0.7207,99.63,44.6,198,NORMAL,0
2026-09-24 08:08:00,49,c6,10400,1555,1.5,Off,17.629,35.927,22.088,4.722468667847233,0.0983237302006598,0.63,0.1439108229509302,0.4496409877778333,-0.2024210326069377,1.9556695318559587,0.904664369424256,-0.1322990561699533,40.019,0.1743,0.7223,100.06,44.4,197,NORMAL,0
2026-09-24 08:08:10,50,c6,10400,1555,1.5,Off,17.237,35.221,21.742,4.797632696565103,0.0975254083178081,0.554,0.1439028806048302,0.584234188148598,-0.1866560514078141,1.9937072107836595,0.9013699387167146,-0.1608183321926817,39.213,0.1738,0.7283,100.48,44.2,196,NORMAL,0
2026-09-24 08:08:20,51,c6,10400,1555,1.5,Off,17.441,35.901,21.844,4.854754322148386,0.0971342040164186,0.561,0.1444950952335389,0.6526359528372176,-0.1496043317188897,1.9483645090717292,0.9034937487852724,-0.1672748622965993,39.913,0.1741,0.7298,100.91,43.9,195,NORMAL,0
2026-09-24 08:08:30,52,c6,10400,1555,1.5,Off,18.079,36.737,22.421,4.920153193353226,0.0984557068747929,0.583,0.1452106170051257,0.7409811453523649,-0.064268876196833,1.9914955752261043,0.9107285960585702,-0.1984912442943374,40.945,0.1754,0.7346,101.33,43.7,194,NORMAL,0
2026-09-24 08:08:40,53,c6,10400,1555,1.5,Off,17.604,35.972,22.859,4.960854593571052,0.1011965048231752,0.63,0.1477452297089429,0.7164812781609915,-0.0492450820931602,1.9668035451293795,0.8957514565856887,-0.2312245283647245,40.049,0.1791,0.734,101.76,43.5,193,NORMAL,0
2026-09-24 08:08:50,54,c6,10400,1555,1.5,Off,18.124,36.786,22.91,4.939810325707479,0.1022302872462662,0.597,0.1482803005856163,0.7095804722205901,-0.1198195351025597,1.989043898241152,0.9043023096521774,-0.2495609518266799,41.008,0.1801,0.7353,102.18,43.2,192,NORMAL,0
2026-09-24 08:09:00,55,c6,10400,1555,1.5,Off,18.127,37.567,22.828,5.039988036060709,0.1020432334383217,0.594,0.1494234483247705,0.5849691028569817,-0.1757341873884463,2.0537500515711926,0.9111606635731976,-0.2715665077251854,41.712,0.1809,0.7344,102.61,43.0,191,NORMAL,0
2026-09-24 08:09:10,56,c6,10400,1555,1.5,Off,18.221,37.861,23.399,5.0870535939959405,0.1004485177522673,0.526,0.1485697283517885,0.6172019404181963,-0.1863834294131141,2.093780599186456,0.930936243075972,-0.2733507632790037,42.017,0.1793,0.7374,103.03,42.8,190,NORMAL,0
2026-09-24 08:09:20,57,c6,10400,1555,1.5,Off,18.348,36.394,23.344,5.151431233953678,0.0991492451720693,0.558,0.1499611920197658,0.6699858079660448,-0.1642952501970951,2.1137404104551383,0.9286530159302244,-0.2998914757293063,40.757,0.1798,0.7404,103.46,42.5,189,NORMAL,0
2026-09-24 08:09:30,58,c6,10400,1555,1.5,Off,16.02,31.817,20.732,3.647755217470761,0.0926637760209567,0.509,0.1324146448208657,0.3675137189404176,-0.1688009609246732,1.6679060007368325,0.8990334031684463,0.1697453285997001,35.622,0.1616,0.7188,103.88,42.3,188,NORMAL,0
2026-09-24 08:09:40,59,c6,10400,1555,1.5,Off,18.708,37.482,23.082,5.228643180552639,0.1010951335492383,0.654,0.1516670894534308,0.7261300074456378,-0.0949296591516133,2.077550491916788,0.9152334837310464,-0.3239896004403952,41.891,0.1823,0.7427,104.31,42.0,187,NORMAL,0
2026-09-24 08:09:50,60,c6,10400,1555,1.5,Off,18.732,37.005,23.67,5.303351667708652,0.1030197907656661,0.588,0.1541991023612207,0.6104792395965628,-0.1011327208179646,2.001175366080864,0.9074449302401972,-0.3609372830421642,41.476,0.1854,0.7378,104.74,41.8,186,NORMAL,0
2026-09-24 08:10:00,61,c6,10400,1555,1.5,Off,18.861,38.666,24.769,5.376535227143086,0.1052402802956635,0.619,0.1558766423792472,0.5730619605466551,-0.1590625004389156,2.091024969162893,0.9182519797605152,-0.3650690854202416,43.021,0.1881,0.7402,105.16,41.6,185,NORMAL,0
2026-09-24 08:10:10,62,c6,10400,1555,1.5,Off,18.452,38.76,22.979000000000003,5.436750652622357,0.1041952918510817,0.592,0.1561511723069099,0.5119693445820288,-0.2222336952875454,2.063164417516252,0.9177050048822488,-0.3921756443474282,42.928,0.1877,0.7384,105.59,41.3,184,NORMAL,0
2026-09-24 08:10:20,63,c6,10400,1555,1.5,Off,18.658,38.702,24.075000000000003,5.5116241849896666,0.104327474003805,0.752,0.1568530379678611,0.7718492508017034,-0.1857463809743165,2.10359998039819,0.9180482467040508,-0.418178528135547,42.965,0.1884,0.7483,106.01,41.1,183,NORMAL,0
2026-09-24 08:10:30,64,c6,10400,1555,1.5,Off,18.802,37.588,24.311,5.562550085780512,0.1036954494789057,0.693,0.1571847976557416,0.9165083143170872,-0.1565343425083809,2.159636477623513,0.926764992893264,-0.4309725491351299,42.028,0.1883,0.7552,106.44,40.9,182,NORMAL,0
2026-09-24 08:10:40,65,c6,10400,1555,1.5,Off,17.272,35.861,22.571,3.6743988561272394,0.102401105797327,0.707,0.1567272439855033,0.700471868111511,-0.03271510298543,1.4350194600108876,0.7220108924567706,-0.6205912592553391,39.804,0.1872,0.727,106.49,40.8,181,NORMAL,0
2026-09-24 08:10:50,66,c6,10400,1555,1.5,Off,17.491,33.546,23.079,4.034998240046689,0.1068619030577435,0.548,0.164569831460907,0.4570431807200026,-0.2403123177730055,1.4694735740236533,0.7664414610158135,-0.7296827621149289,37.832,0.1962,0.7209,106.54,40.8,180,NORMAL,0
2026-09-24 08:11:00,67,c6,10400,1555,1.5,Off,16.852,33.814,22.817,4.151325499069379,0.1054796761342187,0.676,0.1630261828931866,0.5303531637244046,-0.2370423517955764,1.5193668926873354,0.7646189456902085,-0.7337828416584928,37.781,0.1942,0.7247,106.6,40.8,179,NORMAL,0
2026-09-24 08:11:10,68,c6,10400,1555,1.5,Off,17.47,34.211,23.222,4.317199160154291,0.104736976803567,0.614,0.1640431212398185,0.5599479915566006,-0.2124970834237833,1.5721140905480473,0.7775411574121218,-0.7568775215012167,38.413,0.1946,0.7273,106.65,40.7,178,NORMAL,0
2026-09-24 08:11:20,69,c6,10400,1555,1.5,Off,17.695,35.273,23.546,4.391915484088814,0.1054641740402535,0.65,0.1652989780160937,0.6538240251207754,-0.1372859722784691,1.5895339123606034,0.7792684388652441,-0.7624054758155867,39.463,0.1961,0.7307,106.71,40.7,177,NORMAL,0
2026-09-24 08:11:30,70,c6,10400,1555,1.5,Off,17.884,36.415,23.669,4.47146541213163,0.1077976498595383,0.687,0.1673954885152504,0.6636809880283634,-0.1101099132951204,1.638882094137653,0.7804855477208275,-0.773259503236873,40.57,0.1991,0.7326,106.76,40.7,176,NORMAL,0
2026-09-24 08:11:40,71,c6,10400,1555,1.5,Off,17.732,35.009,23.672,4.520383257782358,0.1074107755630567,0.753,0.1673211887473248,0.6826313586296671,-0.1503890586763128,1.693943864562872,0.7971299918100867,-0.786149215845684,39.244,0.1988,0.735,106.83,40.6,175,NORMAL,0
2026-09-24 08:11:50,72,c6,10400,1555,1.5,Off,18.18,36.213,23.872,4.586235511145974,0.1087525737073105,0.569,0.1702030166986779,0.4505229090503686,-0.2156437661897499,1.7580907559951129,0.8062580496253149,-0.7960773148172628,40.52,0.202,0.7311,107.4,40.3,174,NORMAL,0
2026-09-24 08:12:00,73,c6,10400,1555,1.5,Off,18.272,36.353,24.532,4.641948961811448,0.1078669173016284,0.746,0.1685743955414653,0.5883230522557157,-0.1932750713975912,1.7725905141370673,0.8058252688113331,-0.8038720502762557,40.687,0.2001,0.7367,107.96,40.0,173,NORMAL,0
2026-09-24 08:12:10,74,c6,10400,1555,1.5,Off,18.536,36.208,26.034,4.745968435938962,0.1064886691993505,0.704,0.1696328211600774,0.6480215927053616,-0.1866406401704301,1.772222054833434,0.7970915997250037,-0.8051416752291027,40.677,0.2003,0.7396,108.5,39.7,172,NORMAL,0
2026-09-24 08:12:20,75,c6,10400,1555,1.5,Off,19.855,37.175,25.633,4.783725111502293,0.1074376978854109,0.605,0.1706665644680186,0.7492625438845,-0.0979312819649376,1.82801532437928,0.8098463169501066,-0.8074425219697252,42.145,0.2017,0.7454,109.02,39.4,171,NORMAL,0
2026-09-24 08:12:30,76,c6,10400,1555,1.5,Off,17.115,34.303,22.33,3.868651916085448,0.1057537919610729,0.611,0.1613751628215312,0.5471578998792008,-0.1483568168692408,1.5044431364988746,0.7828974652150823,-0.6762371075645777,38.336,0.1929,0.7306,109.52,39.2,170,NORMAL,0
2026-09-24 08:12:40,77,c6,10400,1555,1.5,Off,18.735,36.164,25.73,4.826391852574743,0.1085878267101927,0.717,0.1710104091823,0.6504751104755568,-0.0972864520624536,1.8413865628114028,0.8094576230086097,-0.8131511894403003,40.729,0.2026,0.7448,110.01,38.9,169,NORMAL,0
2026-09-24 08:12:50,78,c6,10400,1555,1.5,Off,18.795,36.504,25.101000000000003,4.895883395803125,0.1117236709615251,0.715,0.1742826422959774,0.6333170991552679,-0.1410268569446078,1.891001203215362,0.8111364990257598,-0.8223030092807582,41.058,0.207,0.7467,110.48,38.6,168,NORMAL,0
2026-09-24 08:13:00,79,c6,10400,1555,1.5,Off,19.484,36.606,26.318,4.98948816520831,0.110267973227922,0.706,0.1740609396270573,0.590604176208025,-0.1499727126809649,1.886003198842348,0.8060762964092069,-0.8262263715482026,41.468,0.206,0.7462,110.93,38.4,167,NORMAL,0
2026-09-24 08:13:10,80,c6,10400,1555,1.5,Off,19.392,36.758,25.596,4.997275532904214,0.1087803071178542,0.579,0.1740335238340645,0.5992547194994531,-0.2192191632084217,1.8986792400651809,0.798877695381683,-0.8367868697446394,41.56,0.2052,0.7477,111.37,38.1,166,NORMAL,0
2026-09-24 08:13:20,81,c6,10400,1555,1.5,Off,19.628,37.596,26.233,5.058436044363136,0.1088193799996511,0.664,0.1741034829862033,0.7604471251091476,-0.1917820453546452,1.9496928800462747,0.805754382123609,-0.8288377219688501,42.411,0.2053,0.7549,111.78,37.9,165,NORMAL,0
2026-09-24 08:13:30,82,c6,10400,1555,1.5,Off,19.314,37.614,26.347,5.106612253921082,0.1092029542921616,0.725,0.174852348549425,1.003742728659172,-0.1146301349881175,1.8573420604081528,0.7948555647379688,-0.8387778099040228,42.283,0.2062,0.7602,112.18,37.7,164,NORMAL,0
2026-09-24 08:13:40,83,c6,10400,1555,1.5,Off,20.043,37.173,27.405,5.16200862013949,0.1094416393112338,0.575,0.1760194034181059,0.7621012709929906,-0.1245045444332721,1.9619903411398347,0.7973704753665797,-0.8383665819425135,42.232,0.2073,0.7568,112.55,37.5,163,NORMAL,0
2026-09-24 08:13:50,84,c6,10400,1555,1.5,Off,20.394,37.313,27.06,5.288674831947135,0.1119847718521232,0.663,0.1785965353012416,0.7548955667773725,-0.142141571939852,1.9642328908583515,0.8027451943691585,-0.8480982686747254,42.523,0.2108,0.7574,112.91,37.3,162,NORMAL,0
2026-09-24 08:14:00,85,c6,10400,1555,1.5,Off,21.258,38.715,28.228,5.338397353677979,0.1138735032915412,0.629,0.1799414102045473,0.6520975636910409,-0.1579168656868264,2.029839143272703,0.8127976503271224,-0.84751483235768,44.167,0.2129,0.7569,113.24,37.1,161,NORMAL,0
2026-09-24 08:14:10,86,c6,10400,1555,1.5,Off,20.799,41.128,27.925,5.421854508326905,0.1108751218965974,0.666,0.1784842482087838,0.6598150018003608,-0.1945729765696833,2.058877202249781,0.8214948886902083,-0.8607654111365588,46.088,0.2101,0.7587,113.56,36.9,160,NORMAL,0
2026-09-24 08:14:20,87,c6,10400,1555,1.5,Off,17.137,34.699,22.56,3.9670986349244,0.1062652562663368,0.673,0.1629859030448431,0.473214962498774,-0.1928844838520649,1.5252922394119048,0.7873905901187437,-0.7015979991603118,38.7,0.1946,0.7377,113.86,36.7,159,NORMAL,0
2026-09-24 08:14:30,88,c6,10400,1555,1.5,Off,21.208,38.567,28.949,5.49041857814893,0.1117586994403792,0.71,0.1808618680977529,0.7693222269413584,-0.1885374817697322,2.042311241623123,0.8127979706379759,-0.8573011643840807,44.014,0.2126,0.7626,114.13,36.6,158,NORMAL,0
2026-09-24 08:14:40,89,c6,10400,1555,1.5,Off,21.472,38.792,28.954,5.519642401748713,0.1133256405129711,0.793,0.1824250187822222,0.750310791647463,-0.1792076155991249,2.015357643366615,0.8101840784885967,-0.8634847694818957,44.338,0.2148,0.7618,114.39,36.4,157,NORMAL,0
2026-09-24 08:14:50,90,c6,10400,1555,1.5,Off,21.658,38.75,30.397,5.597968346423727,0.1166972523825403,0.8,0.1853617369964607,0.798923567254965,-0.1354303329164321,2.060346465545222,0.8017905021218885,-0.8653589771578671,44.392,0.219,0.765,114.63,36.3,156,NORMAL,0
2026-09-24 08:15:00,91,c6,10400,1555,1.5,Off,22.271,37.547,29.612,5.648580314845856,0.1189574856275604,0.721,0.1871683784432742,0.7457491047729179,-0.1431360133059791,2.008833938794745,0.800846623362411,-0.8744926643499205,43.655,0.2218,0.7623,114.85,36.2,155,NORMAL,0
2026-09-24 08:15:10,92,c6,10400,1555,1.5,Off,22.015,38.357,29.892,5.689724665235052,0.1183706155380963,0.67,0.1863401628047833,0.6375940511984508,-0.1710138966757628,2.044597839441855,0.8024675350444832,-0.8818330168835105,44.226,0.2208,0.7606,115.05,36.1,154,NORMAL,0
2026-09-24 08:15:20,93,c6,10400,1555,1.5,Off,22.324,38.526,30.094,5.757118888133987,0.1168264942291339,0.926,0.1856442649444626,0.7657000797613831,-0.2257635782469145,2.078560750551583,0.8067432430354539,-0.879415124113121,44.527,0.2193,0.7658,115.23,36.0,153,NORMAL,0
2026-09-24 08:15:30,94,c6,10400,1555,1.5,Off,22.712,40.845,31.08,5.834170634667444,0.1171335557596875,0.862,0.1875877179936015,0.8123824960443473,-0.199910338733424,2.1323424644335365,0.8169187840069306,-0.892753567000832,46.735,0.2212,0.7691,115.39,35.9,152,NORMAL,0
2026-09-24 08:15:40,95,c6,10400,1555,1.5,Off,23.56,41.713,31.65,5.881317457497404,0.1205009676628025,0.717,0.1907631095512308,0.8850002056645807,-0.1330486288486718,2.1580612622467763,0.8305149917758603,-0.8908484674255277,47.907,0.2256,0.7723,115.53,35.8,151,NORMAL,0
2026-09-24 08:15:50,96,c6,10400,1555,1.5,Off,23.615,39.012,32.01,5.965347491966545,0.1203055118138462,0.651,0.1919186804035543,0.67148390914612,-0.1410668486965387,2.127376843872913,0.8207677784569951,-0.8954876065601551,45.603,0.2265,0.7653,115.65,35.7,150,NORMAL,0
2026-09-24 08:16:00,97,c6,10400,1555,1.5,Off,22.706,37.234,31.912,4.16877225468274,0.118221635354127,0.902,0.1842016147161672,1.0811890586014157,0.020346946166863,2.043710801091713,0.7565156614182211,-0.8966577099523017,43.611,0.2189,0.7753,115.76,35.7,149,NORMAL,0
2026-09-24 08:16:10,98,c6,10400,1555,1.5,Off,23.755,40.175,32.731,4.6139616497928175,0.1204785536489222,0.777,0.1891698684813671,0.7647162237677394,-0.0526623897676921,2.0673906993526963,0.7743944134212674,-0.9249566592123823,46.673,0.2243,0.7667,115.85,35.6,148,NORMAL,0
2026-09-24 08:16:20,99,c6,10400,1555,1.5,Off,23.207,37.19,33.246,4.642160799303844,0.1244581489308741,0.805,0.1934180200223819,0.9059420502701756,-0.0582135413855668,2.1027764490516594,0.7774510835089312,-0.9213559848487268,43.837,0.23,0.7721,115.92,35.6,147,NORMAL,0
2026-09-24 08:16:30,100,c6,10400,1555,1.5,Off,24.347,39.697,34.642,4.755873837503361,0.1252636365204274,0.832,0.1949338273939165,0.960307790281658,-0.0901984578508789,2.0773841432782945,0.7652220830082167,-0.927547443566294,46.569,0.2317,0.7731,115.97,35.6,146,NORMAL,0
2026-09-24 08:16:40,101,c6,10400,1555,1.5,Off,24.376,39.834,33.884,4.8447805052506885,0.1252136160729603,0.891,0.1955115431840502,1.0922806747487783,-0.0733816902212676,2.127104474231219,0.7849329893589695,-0.9162301391016778,46.701,0.2322,0.7786,116.01,35.5,145,NORMAL,0
2026-09-24 08:16:50,102,c6,10400,1555,1.5,Off,25.044,38.873,34.785,4.958096288057327,0.125003925425705,0.824,0.1959577442990961,1.066019030206034,-0.0610821075911602,2.0864172818437323,0.783158040787419,-0.927938202459329,46.242,0.2324,0.7766,116.03,35.5,144,NORMAL,0
2026-09-24 08:17:00,103,c6,10400,1555,1.5,Off,24.676,39.082,33.803,5.024223749037196,0.1272924390114496,0.957,0.1981868477298102,1.1421861406322993,-0.0218237012381115,2.111361681158412,0.7888993113685518,-0.9237602404695262,46.22,0.2355,0.7797,116.04,35.5,143,NORMAL,0
2026-09-24 08:17:10,104,c6,10400,1555,1.5,Off,25.023,38.923,34.953,5.084299969011466,0.1299980170817796,0.972,0.201115141240882,1.0286901645441482,-0.014034149667784,2.119841996725331,0.7874942839176249,-0.9229901067625792,46.273,0.2395,0.7765,116.04,35.5,142,NORMAL,0
2026-09-24 08:17:20,105,c6,10400,1555,1.5,Off,25.446,40.082,35.236000000000004,5.143091549520404,0.1293458343965566,0.983,0.200228955844412,0.9322968881401894,-0.0950819748661491,2.2256662128926195,0.8023169155951255,-0.9161704429517874,47.477,0.2384,0.7768,116.04,35.5,141,NORMAL,0
2026-09-24 08:17:30,106,c6,10400,1555,1.5,Off,25.71,40.786,35.545,5.209820838592957,0.1315277913585137,0.985,0.2042812301299482,1.1137966637307732,-0.0560227005252316,2.1540651113077365,0.7846659036316561,-0.9294833175493018,48.213,0.243,0.7801,116.04,35.5,140,NORMAL,0
2026-09-24 08:17:40,107,c6,10400,1555,1.5,Off,25.952,38.957,36.809,5.27205608669103,0.1275279690703671,0.891,0.2012213027025326,1.112694416690828,-0.0561422853932285,2.230798411387572,0.7928885797943094,-0.921275764890817,46.81,0.2382,0.7824,116.04,35.5,139,NORMAL,0
2026-09-24 08:17:50,108,c6,10400,1555,1.5,Off,23.05,38.426,32.065,4.363278429031111,0.1175080053336737,0.923,0.1858132792239705,1.129119891893108,0.033172733048735,2.128315576407208,0.8017887091054275,-0.9132756549655054,44.809,0.2199,0.7798,116.04,35.5,138,NORMAL,0
2026-09-24 08:18:00,109,c6,10400,1555,1.5,Off,26.036,40.104,36.33,5.323890535133214,0.129759588547276,0.973,0.2045228975635193,1.3864066462276965,-0.0197545274329642,2.138646848717228,0.7817621017384071,-0.9302256671556006,47.814,0.2422,0.7878,116.04,35.5,137,NORMAL,0
2026-09-24 08:18:10,110,c6,10400,1555,1.5,Off,26.328,38.769,36.731,5.388664861639916,0.1318137191957528,1.129,0.204649320930038,1.0832961853196732,-0.0209619247864902,2.1669754770816168,0.7948190362793803,-0.9279514218036202,46.864,0.2434,0.7796,116.04,35.5,136,NORMAL,0
2026-09-24 08:18:20,111,c6,10400,1555,1.5,Off,26.796,42.69,37.26,5.460110964976154,0.1362252750065287,0.92,0.2108149227771439,1.0315658003853443,-0.0409508283624999,2.1583863195263744,0.7767616783759139,-0.9387358210580476,50.403,0.251,0.7778,116.04,35.5,135,NORMAL,0
2026-09-24 08:18:30,112,c6,10400,1555,1.5,Off,27.46,40.855,38.058,5.510561573844481,0.1364030028951989,1.039,0.2098778402950488,1.2866082996356134,0.0169016931809427,2.2614094057676617,0.8090677256333862,-0.937439698685246,49.226,0.2503,0.7885,116.04,35.5,134,NORMAL,0
2026-09-24 08:18:40,113,c6,10400,1555,1.5,Off,27.259,42.392,38.037,5.605298885862387,0.1377800506819393,1.074,0.2128583484646461,1.0968072558653017,-0.1270286031538523,2.224549829794915,0.7962071682444929,-0.9429165578948244,50.4,0.2536,0.7817,116.04,35.5,133,NORMAL,0
2026-09-24 08:18:50,114,c6,10400,1555,1.5,Off,27.609,40.38,39.301,5.628222344155548,0.13803263492954,0.949,0.2144525830279151,1.1596135606492597,-0.0498468207270366,2.1924969011969315,0.7825263474568821,-0.9488590038656834,48.916,0.255,0.7826,116.04,35.5,132,NORMAL,0
2026-09-24 08:19:00,115,c6,10400,1555,1.5,Off,28.765,40.634,40.024,5.700755345376103,0.1374240524489263,1.109,0.2133299616744446,1.2597846509872452,-0.014775283110691,2.156475565007184,0.7838971347517679,-0.9486219381567268,49.785,0.2538,0.7846,116.04,35.5,131,NORMAL,0
2026-09-24 08:19:10,116,c6,10400,1555,1.5,Off,28.455,39.7,39.347,5.770239634807625,0.1370910772881885,0.775,0.2136480300850768,1.0397694307128216,-0.1155452420917453,2.0658512888720546,0.7651163420586872,-0.9553761837664836,48.844,0.2538,0.7753,116.04,35.5,130,NORMAL,0
2026-09-24 08:19:20,117,c6,10400,1555,1.5,Off,28.697,41.716,39.946,5.860809902253413,0.1434866488940444,0.993,0.2200167872630971,1.0976917151931822,-0.0756558668636406,2.091875475023997,0.7668626476769235,-0.9605601637299932,50.633,0.2627,0.7778,116.04,35.5,129,NORMAL,0
2026-09-24 08:19:30,118,c6,10400,1555,1.5,Off,28.41,40.092,40.0,5.898879397556899,0.1446558098902882,0.943,0.2201881021687934,1.202010592466154,-0.0580529771236375,2.0982704434743877,0.7663197498847604,-0.9595858195811968,49.138,0.2635,0.7811,116.04,35.5,128,NORMAL,0
2026-09-24 08:19:40,119,c6,10400,1555,1.5,Off,22.127,38.005,31.031,4.472156793376674,0.120026589323334,0.877,0.1885802514318839,0.8825903313362757,-0.0069242227370462,2.0841839556583084,0.7886172912436031,-0.9192380256439728,43.977,0.2235,0.7711,116.04,35.5,127,NORMAL,0
2026-09-24 08:19:50,120,c6,10400,1555,1.5,Off,30.373,41.222,41.703,5.941328836815975,0.1465291558787221,1.097,0.222916765396604,1.30945267429028,-0.0528732092192223,2.1078786456572347,0.7692147359091263,-0.9608755981568144,51.203,0.2668,0.7846,116.04,35.5,126,NORMAL,0
2026-09-24 08:20:00,121,c6,10400,1555,1.5,Off,29.872,42.757,41.668,5.934236974843425,0.142918779248188,1.071,0.2194184314242328,1.2925324922819508,-0.065133637885824,2.155178680525518,0.7844912190575518,-0.9594632180629395,52.158,0.2619,0.7855,116.04,35.5,125,NORMAL,0
2026-09-24 08:20:10,122,c6,10400,1555,1.5,Off,30.04,40.484,41.538,6.015118705756949,0.1476311280882023,1.221,0.2245426150549214,1.3425828023216653,0.0494713403695006,2.152706829137787,0.7791590696388202,-0.9645714277817964,50.412,0.2687,0.7869,116.04,35.5,124,NORMAL,0
2026-09-24 08:20:20,123,c6,10400,1555,1.5,Off,30.411,42.032,41.717,6.069754884862505,0.15128406990949,1.229,0.2289927290221705,1.4183128768956452,-0.0257414917458631,2.09757388233877,0.7714162264275457,-0.965068960862352,51.88,0.2745,0.7876,116.04,35.5,123,NORMAL,0
2026-09-24 08:20:30,124,c6,10400,1555,1.5,Off,30.435,40.464,42.797,6.16558624607456,0.1474290193197347,1.099,0.2255051749810031,1.2645998438087922,0.0214091277348935,2.1367274498644395,0.7724949720433553,-0.9612663961629409,50.632,0.2694,0.7841,116.04,35.5,122,NORMAL,0
2026-09-24 08:20:40,125,c6,10400,1555,1.5,Off,31.781,42.399,43.857,6.233675493016639,0.1512047144990375,1.117,0.2293425010875181,1.2709447644172718,-0.0684181019937963,2.127029332174466,0.7728445030266852,-0.9603206356377952,52.988,0.2747,0.784,116.04,35.5,121,NORMAL,0
2026-09-24 08:20:50,126,c6,10400,1555,1.5,Off,31.207,40.604,43.591,6.267771287457421,0.149210773194219,1.266,0.2276421477566068,1.4118005350773035,-0.0124094741102251,2.100493633559142,0.7631346033862658,-0.9593341826499991,51.211,0.2722,0.7875,116.04,35.5,120,NORMAL,0
2026-09-24 08:21:00,127,c6,10400,1555,1.5,Off,32.238,41.982,44.264,6.273415486041647,0.1508599619766008,1.166,0.2271626727794869,1.6256955366175632,0.025522288394677,2.140852815060517,0.7741846184280741,-0.9596606561374356,52.932,0.2727,0.7951,116.04,35.5,119,NORMAL,0
2026-09-24 08:21:10,128,c6,10400,1555,1.5,Off,31.521,41.719,44.181,6.338069434137502,0.1486350663764544,1.474,0.2249994212889773,1.5993377564959008,0.0977969101652203,2.1394555267887867,0.7744507598899373,-0.9621797199846548,52.288,0.2697,0.7942,116.04,35.5,118,NORMAL,0
2026-09-24 08:21:20,129,c6,10400,1555,1.5,Off,31.021,38.861,44.586,4.629160475027707,0.1404675979307938,1.104,0.2164224230866096,0.9716791220092332,0.0648873680568047,1.7451874091819413,0.645510337662165,-0.9500032626570988,49.724,0.258,0.7636,116.06,35.5,117,NORMAL,0
2026-09-24 08:21:30,130,c6,10400,1555,1.5,Off,32.141,42.22,45.571,5.024231916595467,0.1465066702582032,0.988,0.2247543965427516,1.100040061703539,0.1009159135822588,1.9985663210069209,0.7157696115847825,-0.9349631717865884,53.062,0.2683,0.7755,116.27,35.4,116,NORMAL,0
2026-09-24 08:21:40,131,c6,10400,1555,1.5,Off,32.568,40.795,46.263,5.126006535858593,0.1492283047206437,1.014,0.2277267074900501,1.1486173933527386,0.000253567014754,1.9033257076830363,0.7015665391842981,-0.9339797250366524,52.201,0.2723,0.7745,116.49,35.3,115,NORMAL,0
2026-09-24 08:21:50,132,c6,10400,1555,1.5,Off,33.285,45.058,47.69,5.281087718898731,0.1498606183478296,1.104,0.2286316806732722,1.041227641169974,0.0329543472111502,1.8882170314208528,0.6971944285773853,-0.9342676771443283,56.019,0.2734,0.7713,116.7,35.2,114,NORMAL,0
2026-09-24 08:22:00,133,c6,10400,1555,1.5,Off,33.931,41.726,48.296,5.38471783644325,0.1534284583319544,1.123,0.2318529672296801,0.99894666787766,0.0374669081349821,1.905433783703673,0.7056206282823771,-0.9266836934997866,53.781,0.278,0.771,116.91,35.0,113,NORMAL,0
2026-09-24 08:22:10,134,c6,10400,1555,1.5,Off,34.481,42.137,48.615,5.44309099788303,0.1550801200102621,1.081,0.2329875752868772,1.159146029838924,0.0504553176216688,1.8765248590613897,0.6985301573314432,-0.9245752166362852,54.447,0.2799,0.7753,117.12,34.9,112,NORMAL,0
2026-09-24 08:22:20,135,c6,10400,1555,1.5,Off,34.701,42.96,50.09,5.528127302810517,0.1544018976304902,1.169,0.2335637612030653,1.301409672230042,0.1452467412055096,1.9916142510716712,0.7210256271343175,-0.9219133055044972,55.224,0.28,0.7835,117.34,34.8,111,NORMAL,0
2026-09-24 08:22:30,136,c6,10400,1555,1.5,Off,35.314,43.531,49.821,5.629435311341365,0.1549788997663697,1.088,0.2349589156680262,1.1880059396944516,0.1855041019065115,1.9763332542652237,0.7168481603132952,-0.9229357063626956,56.054,0.2815,0.78,117.55,34.7,110,NORMAL,0
2026-09-24 08:22:40,137,c6,10400,1555,1.5,Off,35.497,42.896,49.853,5.732176595347653,0.1533512271870025,1.255,0.2341630885093034,1.0236309488133362,0.1152209331558622,1.909066083089165,0.7018888969445433,-0.9243064677512892,55.679,0.2799,0.7735,117.76,34.6,109,NORMAL,0
2026-09-24 08:22:50,138,c6,10400,1555,1.5,Off,35.724,43.682,50.096,5.738551965709963,0.1582706564876834,0.936,0.2387589837639741,1.0158327502716018,0.1406327185331761,1.83049788525991,0.6746507749592988,-0.9258235702667572,56.43,0.2865,0.7713,117.98,34.5,108,NORMAL,0
2026-09-24 08:23:00,139,c6,10400,1555,1.5,Off,36.68,42.011,51.999,5.842146362232978,0.1595674686372777,1.032,0.2410555382447975,0.9756615596381106,0.1727400629197881,1.8942825472993856,0.702730739015327,-0.9185705914940664,55.77,0.2891,0.7725,118.19,34.3,107,NORMAL,0
2026-09-24 08:23:10,140,c6,10400,1555,1.5,Off,32.134,42.267,45.195,4.8144306371646834,0.1415986124071302,0.951,0.2199719250805306,1.0293140387723971,0.0152061322192991,1.953899702163218,0.7244516492799211,-0.9380317477912524,53.095,0.2616,0.7763,118.4,34.2,106,NORMAL,0
2026-09-24 08:23:20,141,c6,10400,1555,1.5,Off,36.986,43.697,52.664,5.930945368354903,0.1582373967746689,1.188,0.2403534443745958,1.0853830531032296,0.1648510204814335,1.836064806725984,0.6861898157600681,-0.920970125335378,57.249,0.2878,0.7749,118.62,34.1,105,NORMAL,0
2026-09-24 08:23:30,142,c6,10400,1555,1.5,Off,38.08,42.287,52.846,6.002442784213448,0.1568472203637533,1.162,0.2404324847073521,1.0965656781679662,0.165550196332449,1.8572596504080223,0.6959250764743401,-0.9114978652960866,56.906,0.2871,0.7763,118.83,34.0,104,NORMAL,0
2026-09-24 08:23:40,143,c6,10400,1555,1.5,Off,37.772,45.269,53.673,6.056794902659048,0.158453585923053,1.098,0.2426473284837483,1.1669094942530809,0.1716842137843284,1.8350571149791903,0.6921917908746852,-0.9120042333069884,58.958,0.2898,0.7781,119.04,33.9,103,NORMAL,0
2026-09-24 08:23:50,144,c6,10400,1555,1.5,Off,38.255,44.109,53.694,6.125025130994743,0.1619288211009325,1.107,0.2457217220284649,1.2041251042542704,0.1336395009759279,1.729998230350299,0.6681417842141567,-0.9141931083898348,58.387,0.2943,0.7765,119.25,33.7,102,NORMAL,0
2026-09-24 08:24:00,145,c6,10400,1555,1.5,Off,38.594,43.545,54.53,6.208032938936489,0.1633126802264085,1.078,0.2472399829037059,1.177188912058372,0.2415620822537119,1.8329321360059208,0.6939765728409809,-0.9127333245820816,58.186,0.2963,0.7792,119.47,33.6,101,NORMAL,0
2026-09-24 08:24:10,146,c6,10400,1555,1.5,Off,39.871,46.108,55.971,6.219845224242151,0.1637934868378976,1.548,0.2487981836921508,1.0643313681569762,0.3211076956671794,1.8754484613144715,0.6972457852363043,-0.913170513726604,60.956,0.2979,0.7776,119.68,33.5,100,NORMAL,0
2026-09-24 08:24:20,147,c6,10400,1555,1.5,Off,39.549,45.148,56.058,6.302322506642002,0.1681752716474953,1.117,0.250804955876416,1.299694791962681,0.2515767783864544,1.841796580618445,0.6969701517646323,-0.9204443381331866,60.021,0.302,0.784,119.89,33.4,99,NORMAL,0
2026-09-24 08:24:30,148,c6,10400,1555,1.5,Off,39.875,43.601,56.264,6.388205131860299,0.1645948322322166,1.117,0.2491140068270758,1.063151286491828,0.1978322531928396,1.698573148862578,0.6665805238072398,-0.9320772157321996,59.085,0.2986,0.7731,120.11,33.3,98,NORMAL,0
2026-09-24 08:24:40,149,c6,10400,1555,1.5,Off,40.41,44.78,56.328,6.396263691508194,0.1649924053427014,1.269,0.2498141945300431,1.2292992065429162,0.2215201800667863,1.7036154782864656,0.6802857051703369,-0.9256953056416416,60.318,0.2994,0.7786,120.32,33.2,97,NORMAL,0
2026-09-24 08:24:50,150,c6,10400,1555,1.5,Off,32.086,41.076,45.535,4.907556125969099,0.1449142592003978,1.102,0.2236459807188703,1.1920206704561511,0.0377077350228138,1.89881735806809,0.7158783169788209,-0.9365391570075694,52.122,0.2665,0.7838,120.53,33.0,96,NORMAL,0
2026-09-24 08:25:00,151,c6,10400,1555,1.5,Off,40.492,42.996,56.646,6.48720771728192,0.1683362995234637,1.1,0.2522149356953579,1.118112014164918,0.3265119289365144,1.6090355767190545,0.6711619720406166,-0.9326782461970402,59.061,0.3032,0.7733,120.74,32.9,95,NORMAL,0
2026-09-24 08:25:10,152,c6,10400,1555,1.5,Off,41.47,45.51,58.194,6.592460665768292,0.1692191473397424,1.255,0.2539111020946451,1.263725629262396,0.2420774328866555,1.611457581608069,0.6669989060300149,-0.9339372568800024,61.57,0.3051,0.7782,120.96,32.8,94,NORMAL,0
2026-09-24 08:25:20,153,c6,10400,1555,1.5,Off,40.684,45.142,58.004,6.624887156130442,0.173575772163201,1.105,0.2576525347475576,1.160065891081218,0.2618706305370826,1.5939737007144528,0.6605563720120576,-0.9341710757425776,60.77,0.3107,0.775,121.17,32.7,93,NORMAL,0
2026-09-24 08:25:30,154,c6,10400,1555,1.5,Off,41.105,48.418,57.887,6.670559791917205,0.1711447938482673,1.181,0.2570039100320894,1.1497680141864477,0.2824175265940249,1.5636282905526722,0.6598798526754243,-0.9340210054574474,63.513,0.3088,0.7742,121.38,32.6,92,NORMAL,0
2026-09-24 08:25:40,155,c6,10400,1555,1.5,Off,41.864,45.839,58.69499999999999,6.750866719497922,0.1711670409032388,1.227,0.2594742154585603,1.206137748087409,0.3549363894777979,1.61394549129266,0.6656531712227746,-0.929695004283233,62.079,0.3108,0.7778,121.6,32.4,91,NORMAL,0
2026-09-24 08:25:50,156,c6,10400,1555,1.5,Off,42.406,45.787,59.887,6.852290380447651,0.1704588941302167,1.066,0.2595056891887334,1.0836000703929392,0.3846631451557871,1.5750795982262238,0.662911811759977,-0.93040600825326,62.408,0.3105,0.7734,121.81,32.3,90,NORMAL,0
2026-09-24 08:26:00,157,c6,10400,1555,1.5,Off,42.133,43.779,59.347,6.914376352800304,0.1716079227693344,1.261,0.2614653711622379,1.0766293839881609,0.4044624735101183,1.509284227576415,0.6474225875619207,-0.9232336009273454,60.76,0.3128,0.7716,122.02,32.2,89,NORMAL,0
2026-09-24 08:26:10,158,c6,10400,1555,1.5,Off,43.881,46.577,62.594,7.0515728962305815,0.1748569953329119,1.288,0.2690303536951678,1.090588457683329,0.4607877961646669,1.508796847532043,0.6466462737378444,-0.922469186739483,63.992,0.3209,0.7725,122.23,32.1,88,NORMAL,0
2026-09-24 08:26:20,159,c6,10400,1555,1.5,Off,44.086,46.375,62.222,7.190282000746478,0.1744827515907986,1.373,0.2694480547393525,1.123677381062909,0.3848631536278928,1.5348680581792171,0.6476405192190738,-0.9231824276403556,63.986,0.321,0.7747,122.45,32.0,87,NORMAL,0
2026-09-24 08:26:30,160,c6,10400,1555,1.5,Off,45.079,47.424,64.017,7.346567063150658,0.1680237419042501,1.161,0.2657572369175211,1.099597937591012,0.3593740343237765,1.4200565865063286,0.6308784283977683,-0.9256795304273449,65.431,0.3144,0.7709,122.66,31.9,86,NORMAL,0
2026-09-24 08:26:40,161,c6,10400,1555,1.5,Off,40.786,38.398,56.642,4.975403821291999,0.1719712851698851,1.095,0.2476731478243738,1.2242257316766318,0.3423879989522924,1.0613269508445995,0.4982225021714985,-0.9771475100336336,56.017,0.3015,0.7644,122.9,31.7,85,NORMAL,0
2026-09-24 08:26:50,162,c6,10400,1555,1.5,Off,44.713,44.036,61.926,5.525989102181839,0.1762292205260711,1.243,0.2603854916398186,1.2818358649022832,0.3728372289637272,1.245917394555323,0.5436700627236859,-0.9558612349237534,62.757,0.3144,0.7721,123.14,31.6,84,NORMAL,0
2026-09-24 08:27:00,163,c6,10400,1555,1.5,Off,46.459,41.869,63.879000000000005,5.615336868196221,0.1702114964997723,1.225,0.2574103343896802,1.3844484313578516,0.4380209236237156,1.2405491488151137,0.5480731450635979,-0.9434840503796772,62.542,0.3086,0.7755,123.38,31.5,83,NORMAL,0
2026-09-24 08:27:10,164,c6,10400,1555,1.5,Off,46.024,44.739,63.384,5.692797244031842,0.1814510064593103,1.195,0.2655438933177554,1.274178009305218,0.4347147899020114,1.1735157452069505,0.5374674801803807,-0.9538591409252556,64.186,0.3216,0.7707,123.62,31.3,82,NORMAL,0
2026-09-24 08:27:20,165,c6,10400,1555,1.5,Off,45.461,41.372,63.306,5.824867172374393,0.1811124922295768,1.129,0.2636630455290906,1.243002711114955,0.4051036021915428,1.1205372452860107,0.5337309549811888,-0.9505036859323712,61.468,0.3199,0.7686,123.86,31.2,81,NORMAL,0
2026-09-24 08:27:30,166,c6,10400,1555,1.5,Off,46.314,43.898,64.569,5.856317870632674,0.1906025032199869,1.331,0.271621360159154,1.3400952791630685,0.3557151398139191,1.2218949991299617,0.5448217794137272,-0.9450747341647509,63.812,0.3318,0.7751,124.1,31.1,80,NORMAL,0
2026-09-24 08:27:40,167,c6,10400,1555,1.5,Off,45.578,43.446,63.16,5.852179520358869,0.1889356365198689,1.206,0.2689533160038111,1.1495004177000494,0.3819845720273269,1.1599004443850998,0.5309805421096386,-0.9494752358831064,62.968,0.3287,0.768,124.34,30.9,79,NORMAL,0
2026-09-24 08:27:50,168,c6,10400,1555,1.5,Off,46.138,41.93,64.439,5.939074010687397,0.1909248422869689,1.344,0.2714072985838368,1.3045352432273667,0.4684043164470144,1.1856426817357395,0.5367965706769269,-0.9471852358609248,62.345,0.3318,0.7739,124.58,30.8,78,NORMAL,0
2026-09-24 08:28:00,169,c6,10400,1555,1.5,Off,46.862,42.616,66.247,5.995638573265788,0.1947520902495879,1.354,0.2752006630887579,1.209597941503154,0.4880343434999852,1.1749559955892943,0.53280016560335,-0.954268127571472,63.342,0.3371,0.7712,124.82,30.7,77,NORMAL,0
2026-09-24 08:28:10,170,c6,10400,1555,1.5,Off,47.127,43.389,66.23400000000001,5.966373410326089,0.1938770084235251,1.226,0.2728147175986467,1.3607884155007142,0.5894491287348158,1.1573882356531593,0.5395329657587845,-0.9375584833318248,64.059,0.3347,0.7757,125.06,30.5,76,NORMAL,0
2026-09-24 08:28:20,171,c6,10400,1555,1.5,Off,47.528,42.107,66.584,5.9985963616829485,0.1941751023443585,1.373,0.2734619752350769,1.183116775409237,0.5059209466181138,1.1423933715188923,0.5348857203295807,-0.942034563431028,63.497,0.3354,0.7704,125.3,30.4,75,NORMAL,0
2026-09-24 08:28:30,172,c6,10400,1555,1.5,Off,43.152,40.78,61.326,5.357875372027196,0.1695999384563766,1.302,0.2526101760048725,1.326902030589019,0.3118059647081566,1.3206265835421052,0.546869579468072,-0.9647454775611356,59.373,0.3043,0.7805,125.54,30.3,74,NORMAL,0
2026-09-24 08:28:40,173,c6,10400,1555,1.5,Off,48.61,44.204,67.847,6.088029181701939,0.1934879813143722,1.261,0.2739861606989113,1.2381067577775102,0.4826214946098224,1.1212727196321266,0.5308061439155702,-0.940942398124824,65.703,0.3354,0.7723,125.78,30.1,73,NORMAL,0
2026-09-24 08:28:50,174,c6,10400,1555,1.5,Off,48.982,45.371,68.603,6.081286264488289,0.196255154732927,1.309,0.2736575972156286,1.2973507612734505,0.6114616351328284,1.084279642934824,0.5255837044640108,-0.93825033713227,66.766,0.3368,0.7735,126.02,30.0,72,NORMAL,0
2026-09-24 08:29:00,175,c6,10400,1555,1.5,Off,49.25,43.667,69.28999999999999,6.195866179450402,0.1962122473856267,1.176,0.276131521601451,1.2785048247198605,0.5619975522609648,1.078811147151825,0.5338753170333983,-0.9404550178440664,65.821,0.3387,0.7732,126.26,29.9,71,NORMAL,0
2026-09-24 08:29:10,176,c6,10400,1555,1.5,Off,50.053,42.917,70.039,6.2702551464496095,0.1955913816031192,1.371,0.2771222202456224,1.2300130756400325,0.5647895538755954,1.049155283124784,0.5312909172519638,-0.9367387126071924,65.933,0.3392,0.7714,126.5,29.7,70,NORMAL,0
2026-09-24 08:29:20,177,c6,10400,1555,1.5,Off,49.951,43.138,70.211,6.342085354307772,0.2010221599402587,1.284,0.282502823769811,1.1949337229788606,0.5202190818256702,0.9991066106956,0.5334019423733648,-0.9367476418658388,66.0,0.3467,0.7693,126.75,29.6,69,NORMAL,0
2026-09-24 08:29:30,178,c6,10400,1555,1.5,Off,51.297,42.268,70.663,6.400881258251012,0.2026573382607286,1.547,0.2831444723641225,1.1373665786261196,0.6060033348209162,1.0134019689139366,0.5405559781897895,-0.9347671697468553,66.468,0.3482,0.7685,126.99,29.5,68,NORMAL,0
2026-09-24 08:29:40,179,c6,10400,1555,1.5,Off,51.377,43.462,71.743,6.471295045639454,0.2031636362782828,1.358,0.2857623182882939,1.1839030623369975,0.5760186040534521,0.9521300489187978,0.5304016335900168,-0.933684046547866,67.294,0.3506,0.7685,127.23,29.3,67,NORMAL,0
2026-09-24 08:29:50,180,c6,10400,1555,1.5,Off,51.576,46.305,71.526,6.537334359053727,0.1988471259093544,1.31,0.2828575869454686,1.1713604965362334,0.4966870112246662,0.941513685699944,0.5293253195284697,-0.9405012008936322,69.313,0.3458,0.7683,127.47,29.2,66,NORMAL,0
2026-09-24 08:30:00,181,c6,10400,1555,1.5,Off,52.493,43.743,72.737,6.618157163929053,0.2029558694860871,1.325,0.2895378649387561,1.1734366826409053,0.6894405346662098,0.903198689092148,0.5193695341713938,-0.9406205049147872,68.33,0.3536,0.7677,127.71,29.1,65,NORMAL,0
2026-09-24 08:30:10,182,c6,10400,1555,1.5,Off,52.712,44.602,73.38,6.661535666977717,0.2029700611844358,1.436,0.288015959905579,1.1843613327756186,0.5748486562500297,0.9098674737696232,0.5223969913713599,-0.944464760932286,69.05,0.3523,0.7687,127.95,28.9,64,NORMAL,0
2026-09-24 08:30:20,183,c6,10400,1555,1.5,Off,44.413,42.037,61.475,5.400593804319141,0.1759167627328227,1.19,0.2594555115665001,1.421764505969448,0.3712346179448489,1.3490459796711145,0.5610028881401095,-0.9539744260481604,61.152,0.3135,0.7895,128.19,28.8,63,NORMAL,0
2026-09-24 08:30:30,184,c6,10400,1555,1.5,Off,53.777,44.892,74.999,6.753890469772991,0.2009394998871355,1.22,0.288062673248917,1.1855232466917256,0.5238370356542239,0.8460766884090094,0.5069765021630969,-0.9489405229648736,70.052,0.3512,0.7678,128.43,28.7,62,NORMAL,0
2026-09-24 08:30:40,185,c6,10400,1555,1.5,Off,54.085,44.706,76.304,6.81238435168197,0.2038309345324221,1.272,0.2891705996137771,1.225638054657605,0.5530636630775598,0.8559257895050165,0.5159634679077908,-0.9490037335827436,70.17,0.3538,0.7698,128.67,28.5,61,NORMAL,0
2026-09-24 08:30:50,186,c6,10400,1555,1.5,Off,55.846,45.383,77.731,6.890160254019088,0.2039069099875486,1.615,0.2909444878433843,1.3191841961488242,0.7527783406373372,0.8560291975612628,0.5093372353862626,-0.9540297086614768,71.961,0.3553,0.7731,128.91,28.4,60,NORMAL,0
2026-09-24 08:31:00,187,c6,10400,1555,1.5,Off,55.428,44.572,77.185,6.906589277588685,0.202311934039989,1.246,0.2917734002669041,1.252361479012139,0.6392763813686688,0.7989175637298396,0.5037331200532782,-0.9581108130087084,71.126,0.3551,0.7698,129.15,28.3,59,NORMAL,0
2026-09-24 08:31:10,188,c6,10400,1555,1.5,Off,55.48,46.444,77.943,6.998613891847118,0.2040889132714425,1.471,0.2945910020043603,1.2921841642072822,0.5846683141766489,0.7855375053753679,0.4980180093257307,-0.9632774367052432,72.354,0.3584,0.7711,129.39,28.1,58,NORMAL,0
2026-09-24 08:31:20,189,c6,10400,1555,1.5,Off,57.486,45.655,80.02199999999999,7.072192745198896,0.2058876917040207,1.336,0.2993611601356425,1.144964935399261,0.6856413838126283,0.7781908969621041,0.4965070692144843,-0.9608561090651602,73.41,0.3633,0.767,129.63,28.0,57,NORMAL,0
2026-09-24 08:31:30,190,c6,10400,1555,1.5,Off,58.737,48.892,82.757,7.217885395477526,0.2129043390805344,1.336,0.3102393196364683,1.1106665518853882,0.6582031653118117,0.7738046436293353,0.4913759231186002,-0.958698465026624,76.423,0.3763,0.7663,129.87,27.9,56,NORMAL,0
2026-09-24 08:31:40,191,c6,10400,1555,1.5,Off,59.368,46.925,83.106,7.33975921897046,0.2015743184950755,1.696,0.3001300127606078,1.3278079208775644,0.5653124064504831,0.766768950600051,0.4965409910548833,-0.9588408487253236,75.674,0.3615,0.7731,130.11,27.7,55,NORMAL,0
2026-09-24 08:31:50,192,c6,10400,1555,1.5,Off,59.348,47.975,83.767,7.44847984472841,0.2027252642624421,1.345,0.3016915931047121,1.3080816636365586,0.56159810473781,0.75173987115644,0.4851006842634626,-0.9569362041493156,76.314,0.3635,0.7725,130.35,27.6,54,NORMAL,0
2026-09-24 08:32:00,193,c6,10400,1555,1.5,Off,56.535,42.171,83.316,6.00897265870236,0.1971013952681504,1.401,0.2944712933527173,1.4204830599904064,0.7116138207949296,0.50868678221059,0.439440047513818,-0.9744021685897049,70.531,0.3543,0.7699,131.03,27.2,53,NORMAL,0
2026-09-24 08:32:10,194,c6,10400,1555,1.5,Off,60.037,43.955,88.571,6.424892254911776,0.2065581928565607,1.521,0.3068876159746024,1.3757841771374402,0.6923524633846112,0.5273783353685548,0.429870978510418,-0.9621346214288304,74.408,0.3699,0.7705,131.72,26.8,52,NORMAL,0
2026-09-24 08:32:20,195,c6,10400,1555,1.5,Off,59.854,45.779,89.521,6.558593718278445,0.2100469432982012,1.397,0.3128437241404085,1.4093010988778714,0.7339362201930442,0.5281741273111304,0.4326402392329888,-0.9606542010095218,75.354,0.3768,0.7729,132.4,26.4,51,NORMAL,0
2026-09-24 08:32:30,196,c6,10400,1555,1.5,Off,60.533,47.093,88.587,6.632731220566489,0.2127024179693376,1.405,0.3152834674342475,1.2640744150511978,0.619489993823358,0.5144363612454144,0.4236096746855157,-0.9599493607799924,76.694,0.3803,0.7695,133.08,26.1,50,NORMAL,0
2026-09-24 08:32:40,197,c6,10400,1555,1.5,Off,61.106,46.547,91.265,6.719317134560418,0.2182434904372688,1.525,0.3191577970382668,1.3202980045825283,0.7188313464254428,0.498228121929781,0.4259367754876497,-0.9658978294256756,76.815,0.3866,0.7721,133.77,25.7,49,NORMAL,0
2026-09-24 08:32:50,198,c6,10400,1555,1.5,Off,61.723,45.921,91.654,6.870255666434596,0.2194321109917769,1.369,0.3218897847848463,1.4662662135042623,0.6593018195140155,0.4886749056460551,0.4324468073534846,-0.970906885664346,76.932,0.3896,0.7776,134.45,25.3,48,NORMAL,0
2026-09-24 08:33:00,199,c6,10400,1555,1.5,Off,61.877,47.078,90.978,6.891361803192167,0.2174559568787181,1.487,0.3203470235670343,1.385019590423969,0.7430076937226486,0.4525997067600285,0.4312097018240077,-0.9693082641409,77.75,0.3872,0.7754,135.14,24.9,47,NORMAL,0
2026-09-24 08:33:10,200,c6,10400,1555,1.5,Off,62.748,45.212,91.934,6.964898492389092,0.2188067544485353,1.346,0.3228791197964542,1.3886621717221397,0.6836268499840021,0.4300121054576329,0.4308866207740494,-0.975236729849576,77.34,0.39,0.7762,135.82,24.5,46,NORMAL,0
2026-09-24 08:33:20,201,c6,10400,1555,1.5,Off,63.339,46.757,94.845,6.998342748980779,0.2224037417252079,1.321,0.327747088854799,1.37492584418127,0.6822886975084983,0.426705174370861,0.4280403807025795,-0.9719251444557284,78.728,0.3961,0.7771,136.5,24.2,45,NORMAL,0
2026-09-24 08:33:30,202,c6,10400,1555,1.5,Off,62.687,46.767,92.899,7.055300843349916,0.2234537074231794,1.352,0.3288815638982179,1.4496587551141635,0.7683974375415592,0.4065134618449777,0.4279891251593284,-0.9751094547570928,78.21,0.3976,0.7801,137.19,23.8,44,NORMAL,0
2026-09-24 08:33:40,203,c6,10400,1555,1.5,Off,63.482,45.976,94.944,7.068999039831084,0.2328337822806664,1.448,0.3371130434585311,1.5635140394580151,0.7663112858255099,0.3866413290488535,0.4265937380116671,-0.9716807533280684,78.382,0.4097,0.7842,137.87,23.4,43,NORMAL,0
2026-09-24 08:33:50,204,c6,10400,1555,1.5,Off,57.86,43.057,84.651,6.157017040930085,0.2016748613176229,1.393,0.3010349176564626,1.4326420948220455,0.7509086941268319,0.5925593121033743,0.4484656815885317,-0.966624495917956,72.123,0.3623,0.7879,138.55,23.0,42,NORMAL,0
2026-09-24 08:34:00,205,c6,10400,1555,1.5,Off,65.252,46.065,96.092,7.139556077849624,0.2296138113249242,1.511,0.3346280591823363,1.4772282812593431,0.8079485215645446,0.4039624862592101,0.4391640851508214,-0.9705253432281516,79.874,0.4058,0.7849,139.24,22.6,41,NORMAL,0
2026-09-24 08:34:10,206,c6,10400,1555,1.5,Off,65.429,46.978,96.534,7.243348006735232,0.2320605583881738,1.795,0.3369557547044077,1.4172714077088644,0.81996733032542,0.3919621362766108,0.4369130487372838,-0.9761544823107524,80.547,0.4091,0.7841,139.92,22.3,40,NORMAL,0
2026-09-24 08:34:20,207,c6,10400,1555,1.5,Off,65.062,47.344,97.366,7.316497265198398,0.2308693067652011,1.408,0.3336187650576408,1.3436476455122826,0.8437432557346196,0.386723499409995,0.4372932798891881,-0.9748328351449111,80.464,0.4057,0.7831,140.6,21.9,39,WARNING,0
2026-09-24 08:34:30,208,c6,10400,1555,1.5,Off,66.174,47.297,98.644,7.366697691457072,0.2314105444470769,1.511,0.3369803739474944,1.3874790438213085,0.7249066330240908,0.3928469399934937,0.4422778096203699,-0.97728372268374,81.339,0.4088,0.786,141.29,21.5,38,WARNING,0
2026-09-24 08:34:40,209,c6,10400,1555,1.5,Off,68.738,48.11,101.711,7.439128289817887,0.2333558097608341,1.569,0.3379608290166985,1.248841348179626,0.6596459199092428,0.4021833189819137,0.4529387090570317,-0.9764755889989108,83.902,0.4107,0.7835,141.97,21.1,37,WARNING,0
2026-09-24 08:34:50,210,c6,10400,1555,1.5,Off,69.961,48.737,103.855,7.479160576533607,0.2345689946734171,1.362,0.3411281819042115,1.2270341106356932,0.7447306215234257,0.3743282313232043,0.4560154534188304,-0.9742567937765484,85.263,0.414,0.7834,142.66,20.7,36,WARNING,0
2026-09-24 08:35:00,211,c6,10400,1555,1.5,Off,69.566,47.153,103.411,7.555119542477712,0.2389555414952343,1.492,0.3429411547557095,1.3001852925390178,0.741075056740923,0.355782586894755,0.4582909463083944,-0.9775839380279394,84.041,0.418,0.7864,143.34,20.4,35,WARNING,0
2026-09-24 08:35:10,212,c6,10400,1555,1.5,Off,69.031,48.71,102.47,7.581453161400699,0.2399376000805307,1.482,0.3478417707230127,1.303903987465735,0.7645044022589311,0.378069989972623,0.4671828882633667,-0.9748361629608082,84.486,0.4226,0.7885,144.02,20.0,34,WARNING,0
2026-09-24 08:35:20,213,c6,10400,1555,1.5,Off,69.481,48.99,103.667,7.696183555796247,0.238969048146418,1.644,0.3482749072948833,1.306266111078874,0.7691298468332906,0.3292114526971037,0.4539546331632808,-0.9767155954155916,85.015,0.4224,0.7885,144.71,19.6,33,WARNING,0
2026-09-24 08:35:30,214,c6,10400,1555,1.5,Off,70.297,49.619,106.159,7.719202240133988,0.2468612578204155,1.614,0.3547035402468795,1.3601187029416195,0.7104220246209989,0.3109576496285373,0.4566828039546098,-0.9789313527881364,86.045,0.4322,0.7909,145.39,19.2,32,WARNING,0
2026-09-24 08:35:40,215,c6,10400,1555,1.5,Off,58.582,45.477,86.158,6.2755658307923365,0.2032406250435483,1.281,0.303583554235512,1.276584393133394,0.7057686122747171,0.5767600523916729,0.4445403773838402,-0.9649624718994628,74.162,0.3653,0.7977,146.07,18.8,31,WARNING,0
2026-09-24 08:35:50,216,c6,10400,1555,1.5,Off,70.303,48.605,104.955,7.8134160412288605,0.2470029048173104,1.852,0.3582588246406374,1.5654740579286068,0.7184192112272356,0.2913329125081652,0.448480240529201,-0.9759309046146524,85.469,0.4352,0.7992,146.76,18.5,30,WARNING,0
2026-09-24 08:36:00,217,c6,10400,1555,1.5,Off,70.783,48.718,105.927,7.859458493132611,0.2492582533515838,1.627,0.3587830731767543,1.369391179997586,0.7312139422823796,0.2695216939851961,0.4406432933598991,-0.9764277945931013,85.928,0.4369,0.7941,147.44,18.1,29,WARNING,0
2026-09-24 08:36:10,218,c6,10400,1555,1.5,Off,72.167,47.574,108.104,7.938625272948205,0.2499431087782225,1.553,0.3594168678034501,1.2657301297745072,0.6631589771027904,0.2378792121631199,0.4313096283248497,-0.9781970883465227,86.437,0.4378,0.7914,148.12,17.7,28,WARNING,0
2026-09-24 08:36:20,219,c6,10400,1555,1.5,Off,72.277,49.167,108.32,7.964148988554397,0.2502816101940499,1.475,0.3600015533493879,1.320264727262348,0.7278487193283807,0.2359805754402635,0.4317706743725651,-0.9757001101948326,87.415,0.4385,0.7943,148.81,17.3,27,WARNING,0
2026-09-24 08:36:30,220,c6,10400,1555,1.5,Off,73.194,48.895,109.312,8.045101640687221,0.2515578410471872,1.588,0.3597031444483968,1.2224981803878243,0.7069593027379857,0.2168800823672749,0.4264771871260013,-0.9763639043412912,88.023,0.4389,0.7922,149.49,16.9,26,WARNING,0
2026-09-24 08:36:40,221,c6,10400,1555,1.5,Off,74.659,51.762,111.64,8.086094530215542,0.2544961433131171,1.495,0.3640919659304857,1.194283851498258,0.7461171314319368,0.2271587545759672,0.4268434108689604,-0.97870274273584,90.848,0.4442,0.793,150.18,16.6,25,WARNING,0
2026-09-24 08:36:50,222,c6,10400,1555,1.5,Off,75.453,49.914,113.005,8.309520283745702,0.2617623035532674,1.668,0.3780366423940632,1.3978576314024735,0.6644139436010961,0.2219467545112596,0.4195928054470793,-0.9892858052330716,90.469,0.4598,0.8003,150.86,16.2,24,WARNING,0
2026-09-24 08:37:00,223,c6,10400,1555,1.5,Off,75.729,49.977,113.11,8.369353727490067,0.2566640922364267,1.634,0.3739434555145836,1.3920573979301682,0.6618564224610037,0.197443668741911,0.4206403087546899,-0.9756111340528126,90.734,0.4536,0.8008,151.54,15.8,23,WARNING,0
2026-09-24 08:37:10,224,c6,10400,1555,1.5,Off,77.337,53.532,116.055,8.468691617311242,0.2542127830814468,1.646,0.3725000012346423,1.356073288047675,0.6684498865843227,0.2207908655959012,0.4198783283614771,-0.9807843668602444,94.057,0.451,0.8018,152.23,15.4,22,WARNING,0
2026-09-24 08:37:20,225,c6,10400,1555,1.5,Off,76.467,46.893,115.538,6.790327394776191,0.2660653416453965,1.985,0.3795384705554046,1.5807568434795387,0.9012019875363056,0.1055871995744239,0.371443191849536,-0.9728137848054574,89.7,0.4635,0.8076,153.53,14.7,21,WARNING,0
2026-09-24 08:37:30,226,c6,10400,1555,1.5,Off,78.866,52.151,120.077,7.267829911396551,0.2753887652365014,1.767,0.3926585999283717,1.3167655688411983,0.6045619696791231,0.09886725977554,0.3784581968280896,-0.98607765384001,94.549,0.4796,0.8021,154.82,14.0,20,WARNING,0
2026-09-24 08:37:40,227,c6,10400,1555,1.5,Off,79.913,48.917,121.194,7.377251223253422,0.2770021715560825,2.026,0.3972593546780661,1.42815550643982,0.5597423684787857,0.0906634278395581,0.39024703366308,-0.9889116544187652,93.696,0.4843,0.8078,156.12,13.3,19,WARNING,0
2026-09-24 08:37:50,228,c6,10400,1555,1.5,Off,81.546,50.852,124.554,7.537700072760347,0.2825515921740314,1.717,0.4014175940381463,1.3815211578548323,0.8083282020889349,0.1218166267543394,0.3992256452016957,-0.9888039513360902,96.102,0.4909,0.8099,157.42,12.5,18,WARNING,0
2026-09-24 08:38:00,229,c6,10400,1555,1.5,Off,81.075,51.113,123.438,7.638622594633454,0.2856055527995501,2.237,0.4056457208481742,1.3967463007965168,0.5481930029648332,0.1126305648600989,0.4032698957770642,-0.9945652270010537,95.842,0.4961,0.8127,158.72,11.8,17,WARNING,0
2026-09-24 08:38:10,230,c6,10400,1555,1.5,Off,81.86,51.8,124.259,7.713688245330664,0.2860068163474954,1.718,0.4063839475898255,1.2908496398687586,0.6309353175426198,0.0770755928446007,0.3950975316755261,-0.9980533594797684,96.873,0.4969,0.8111,160.02,11.1,16,WARNING,0
2026-09-24 08:38:20,231,c6,10400,1555,1.5,Off,81.3,51.829,124.574,7.727350513824654,0.2902867464018589,2.263,0.4128814444759465,1.5982812831062183,0.6194588794283575,0.0791718685347895,0.4020595488660902,-0.996302134352157,96.415,0.5047,0.823,161.32,10.4,15,WARNING,0
2026-09-24 08:38:30,232,c6,10400,1555,1.5,Off,82.539,50.432,125.612,7.802001219301357,0.2903257417861117,1.858,0.4112330815739587,1.3645374362198606,0.7540338748292195,0.0665926723378658,0.3934078208616573,-1.000498183975823,96.727,0.5034,0.8182,162.62,9.7,14,WARNING,0
2026-09-24 08:38:40,233,c6,10400,1555,1.5,Off,83.257,50.582,126.125,7.872153160944391,0.2926583556833302,1.99,0.4153528171171096,1.3347212876829548,0.664616760808955,0.0658919972493055,0.3972760260894366,-0.99971225185332,97.418,0.5081,0.8198,163.91,8.9,13,WARNING,0
2026-09-24 08:38:50,234,c6,10400,1555,1.5,Off,84.985,54.532,129.671,7.940411972455977,0.2936207646274382,1.852,0.4174366256510897,1.351694770120731,0.7781371274827515,0.080527675352152,0.3973913618718783,-0.9946451457453152,100.976,0.5104,0.8234,165.21,8.2,12,WARNING,0
2026-09-24 08:39:00,235,c6,10400,1555,1.5,Off,86.973,51.684,132.926,7.998989737991265,0.2953653688451894,1.649,0.4219031346373811,1.3423016324895718,0.8329751945772297,0.0866301201532402,0.4077946770378388,-0.9925337295538376,101.171,0.515,0.8259,166.51,7.5,11,WARNING,0
2026-09-24 08:39:10,236,c6,10400,1555,1.5,Off,77.433,49.25,117.153,7.039738266156311,0.2660374241231462,1.799,0.382180446073175,1.438658199691618,0.5620460961428706,0.124704997320856,0.3872220481012297,-0.9717635414597224,91.768,0.4657,0.8325,167.81,6.8,10,WARNING,0
2026-09-24 08:39:20,237,c6,10400,1555,1.5,Off,86.036,53.015,132.225,8.031153930200585,0.3044215155094055,2.046,0.4267476567552407,1.375012878891268,0.7149324315124663,0.0897080649616008,0.4032556161176718,-0.9943808878922242,101.058,0.5242,0.8322,169.11,6.1,9,WARNING,0
2026-09-24 08:39:30,238,c6,10400,1555,1.5,Off,86.823,52.067,133.17499999999998,8.090119011290815,0.3038293403327703,1.737,0.4315515266850321,1.270850861982498,0.6817700869441374,0.072506702981121,0.3998605763599043,-1.0042742718835418,101.238,0.5278,0.8311,170.41,5.3,8,WARNING,0
2026-09-24 08:39:40,239,c6,10400,1555,1.5,Off,88.247,52.592,135.269,8.203815801804181,0.3002538918003508,1.935,0.4302075736315622,1.366983930831991,0.698612716829274,0.0763968522063582,0.4092584888714573,-0.990771273494726,102.73,0.5246,0.8367,171.71,4.6,7,WARNING,0
2026-09-24 08:39:50,240,c6,10400,1555,1.5,Off,89.006,54.823,136.602,8.291468738494267,0.3003959012606303,1.958,0.4302981149329145,1.5022155238028896,0.6333225277768566,0.0423037728299049,0.4083889231413093,-0.9929036717486484,104.535,0.5248,0.8423,173.0,3.9,6,WARNING,0
2026-09-24 08:40:00,241,c6,10400,1555,1.5,Off,89.113,52.207,137.28,8.285899093677592,0.3064445709771396,2.032,0.4339292337154866,1.345402283073942,0.7256581243319613,0.069518303868346,0.4072786798666125,-0.9951704629993152,103.28,0.5312,0.8411,174.3,3.2,5,WARNING,0
2026-09-24 08:40:10,242,c6,10400,1555,1.5,Off,89.01,55.853,137.59300000000002,8.319192350219094,0.3101775022941449,1.832,0.4361490095625789,1.2089070619517344,0.7610446085474356,0.0847804464000256,0.4149501623914269,-0.9982861458785072,105.083,0.5352,0.84,175.6,2.4,4,WARNING,0
2026-09-24 08:40:20,243,c6,10400,1555,1.5,Off,90.421,53.851,139.58,8.364342315219712,0.3093722289683065,2.099,0.4350119238675679,1.2877015158119889,0.7563047457176313,0.0657451454395854,0.4225616106458244,-0.998793624518933,105.242,0.5338,0.8444,176.9,1.7,3,WARNING,0
2026-09-24 08:40:30,244,c6,10400,1555,1.5,Off,91.427,53.408,140.863,8.40167414191172,0.3140503134093256,2.136,0.4389133153797025,1.3640211969751848,0.5858623895565409,0.0651066967574705,0.4204900473475352,-0.9984753002673896,105.883,0.5397,0.8493,178.2,1.0,2,WARNING,0
2026-09-24 08:40:40,245,c6,10400,1555,1.5,Off,91.252,53.943,141.141,8.512235611518967,0.3103472381171896,1.985,0.4367327037604345,1.2535291589079698,0.7058780253559291,0.0360939884477407,0.4162641253814508,-1.00617971570796,106.004,0.5358,0.8477,179.5,0.3,1,WARNING,0
2026-09-24 08:40:50,246,c6,10400,1555,1.5,Off,77.955,49.309,118.972,7.127220903895821,0.2707995435667032,1.784,0.3874695511240677,1.3922974382186617,0.6851887803118513,0.1270095500664134,0.384345282123514,-0.9772612897465144,92.241,0.4727,0.8572,180.8,0.0,0,CRITICAL,1
2026-09-24 08:41:00,247,c6,10400,1555,1.5,Off,91.268,55.946,141.425,8.502151817190622,0.3118401887605503,1.797,0.4352682648591361,1.2335108340525132,0.6714261779072013,0.0365950793655875,0.4124410797448907,-1.003944517135302,107.05,0.5354,0.8523,182.09,0.0,0,CRITICAL,1
2026-09-24 08:41:10,248,c6,10400,1555,1.5,Off,92.588,56.992,142.95499999999998,8.61074571882807,0.3129321429069008,2.05,0.442208189651974,1.365987487810239,0.7032655043325993,0.0403759247770456,0.4129562227641382,-1.0039691231235348,108.723,0.5417,0.859,183.39,0.0,0,CRITICAL,1
2026-09-24 08:41:20,249,c6,10400,1555,1.5,Off,92.629,56.542,143.348,8.659405851189717,0.3171473559373597,1.995,0.446207092173236,1.2768577691636065,0.6627108005241045,0.0069046929522653,0.4046032902381726,-1.0061824837966105,108.522,0.5474,0.8579,184.69,0.0,0,CRITICAL,1
2026-09-24 08:41:30,250,c6,10400,1555,1.5,Off,93.527,55.409,144.4,8.742569945238278,0.3196483744641291,2.013,0.4481088127726509,1.3460944752014372,0.7438272547012663,-0.0025982363139518,0.4079880856130687,-1.0057712422400906,108.708,0.5504,0.8623,185.99,0.0,0,CRITICAL,1
2026-09-24 08:41:40,251,c6,10400,1555,1.5,Off,96.034,56.909,148.965,8.794601650853199,0.3232524206025802,2.016,0.4500559416926142,1.331937828619388,0.7577855586553399,-0.0066225101233601,0.4031653581347467,-1.0081080915684195,111.63,0.5541,0.8643,187.29,0.0,0,CRITICAL,1
2026-09-24 08:41:50,252,c6,10400,1555,1.5,Off,94.512,56.382,147.361,8.859052641159954,0.3246624674891134,1.986,0.4539967573443794,1.2996412893542146,0.7966709455352001,-0.0144358564886379,0.4062151575333628,-1.0094595506635964,110.052,0.5581,0.8657,188.59,0.0,0,CRITICAL,1
2026-09-24 08:42:00,253,c6,10400,1555,1.5,Off,95.882,56.439,148.603,8.887608246812926,0.3217340142459836,1.818,0.4486988689995531,1.197873812678603,0.8138484984632472,-0.0033600016363428,0.4017279765650696,-1.007859251462993,111.26,0.5521,0.8656,189.88,0.0,0,CRITICAL,1
2026-09-24 08:42:10,254,c6,10400,1555,1.5,Off,96.891,57.289,152.34,8.9572335823204,0.3184970286147005,1.963,0.4433455444113661,1.208995237803741,0.634878828784041,-0.0032749157454321,0.4010749334456356,-1.0075322750480318,112.561,0.5459,0.8685,191.18,0.0,0,CRITICAL,1
2026-09-24 08:42:20,255,c6,10400,1555,1.5,Off,97.27,58.466,151.513,9.023785705515056,0.3208729792117031,2.152,0.4441168220928003,1.2998319825111704,0.7737680646293676,-0.015252714766953,0.4026829239806174,-1.0089160624630844,113.489,0.5479,0.8735,192.48,0.0,0,CRITICAL,1
2026-09-24 08:42:30,256,c6,10400,1555,1.5,Off,97.998,56.521,153.666,9.11955312326599,0.3235705593277913,2.245,0.4435843250247107,1.5101338336764885,0.718305157954374,-0.0259725975132503,0.399250731392553,-1.0096039919138011,113.129,0.5491,0.8821,193.78,0.0,0,CRITICAL,1
2026-09-24 08:42:40,257,c6,10400,1555,1.5,Off,102.08,55.699,158.571,7.587662480776756,0.3269286529963191,2.136,0.451370599109207,1.1965894023552384,0.927087548559435,-0.0293798653728916,0.3889883803915764,-0.9911522999998752,116.287,0.5573,0.8749,194.93,0.0,0,CRITICAL,1
2026-09-24 08:42:50,258,c6,10400,1555,1.5,Off,105.7,58.622,161.64,7.918680875266751,0.3316771868552272,2.362,0.4537372929333633,1.355038110317368,0.9552739224742623,-0.0357418072053241,0.3847394368848338,-0.990428701176838,120.868,0.562,0.8817,196.07,0.0,0,CRITICAL,1
2026-09-24 08:43:00,259,c6,10400,1555,1.5,Off,105.16,56.862,162.243,8.028697564904041,0.331136163643444,2.254,0.4497910464483029,1.2525381131583515,0.8329370293595768,-0.0601296726088445,0.3784150375342519,-0.9921538951875956,119.549,0.5585,0.8802,197.22,0.0,0,CRITICAL,1
2026-09-24 08:43:10,260,c6,10400,1555,1.5,Off,105.44,57.786,163.091,8.158118870552252,0.323660701135221,2.051,0.445415745952868,1.1329746452449028,0.8419481238506323,-0.0678290488272073,0.3825807197814733,-0.9953887629367656,120.236,0.5506,0.8787,198.36,0.0,0,CRITICAL,1
2026-09-24 08:43:20,261,c6,10400,1555,1.5,Off,106.89,57.914,165.18200000000002,8.254918008778114,0.3326690248323739,2.06,0.4518047353251544,1.2565513744745678,0.8229332025165488,-0.0930543550332236,0.3823998736432026,-0.9981177855658436,121.571,0.5611,0.8839,199.51,0.0,0,CRITICAL,1
2026-09-24 08:43:30,262,c6,10400,1555,1.5,Off,108.24,59.228,167.471,8.402437574781512,0.3301936354714426,2.379,0.4511768743071327,1.2892383836532275,0.7495321006605691,-0.0802082018887628,0.3854608925859545,-1.0014517502592382,123.385,0.5591,0.8876,200.65,0.0,0,CRITICAL,1
2026-09-24 08:43:40,263,c6,10400,1555,1.5,Off,109.11,58.915,168.301,8.472210338616058,0.3336804545288558,2.007,0.4541755181081822,1.1971593069743056,0.9489021206148708,-0.0576169794278449,0.3962062339302339,-1.0047428902158333,124.0,0.5636,0.8878,201.8,0.0,0,CRITICAL,1
2026-09-24 08:43:50,264,c6,10400,1555,1.5,Off,110.64,60.278,171.10500000000002,8.555452251203159,0.3263552377167685,2.357,0.448513572719121,1.3196606256138868,1.0198977549782553,-0.0728222934254074,0.3874763279838489,-1.005714700552536,125.995,0.5547,0.8933,202.95,0.0,0,CRITICAL,1
2026-09-24 08:44:00,265,c6,10400,1555,1.5,Off,111.02,61.002,172.244,8.601904342880545,0.3255100314592881,2.07,0.4496227304753079,1.237099752901203,0.8359960359079888,-0.102523306739978,0.3852677858595689,-1.0089713381883945,126.676,0.5551,0.8922,204.09,0.0,0,CRITICAL,1
2026-09-24 08:44:10,266,c6,10400,1555,1.5,Off,111.98,59.863,174.175,8.744620200265564,0.3239184312887153,2.687,0.4513511070273979,1.2657365467551962,0.7952503475733321,-0.1012900226383246,0.388934437509138,-1.0099221553666506,126.977,0.5556,0.8954,205.24,0.0,0,CRITICAL,1
2026-09-24 08:44:20,267,c6,10400,1555,1.5,Off,113.7,61.347,174.864,8.737728188820192,0.3162348336153684,1.908,0.4482697186430908,1.1564686363798948,1.0064883960972892,-0.0489815156399875,0.3898127778776066,-1.0113124117265293,129.194,0.5486,0.896,206.38,0.0,0,CRITICAL,1
2026-09-24 08:44:30,268,c6,10400,1555,1.5,Off,101.53,57.237,157.866,7.724467535126672,0.3348641591927092,2.094,0.4591014092663192,1.1957283191545844,0.8257239229124043,-0.0144469339525601,0.3868723514303375,-0.987442143153511,116.552,0.5683,0.9005,207.53,0.0,0,CRITICAL,1
2026-09-24 08:44:40,269,c6,10400,1555,1.5,Off,113.44,61.016,175.696,8.805251793618947,0.3203175370302293,2.167,0.4468433277538121,1.2369548165471826,0.7941036926564813,-0.0413792264539614,0.3878724641012439,-1.0108788346412652,128.808,0.5498,0.9032,208.67,0.0,0,CRITICAL,1
2026-09-24 08:44:50,270,c6,10400,1555,1.5,Off,113.45,61.586,176.585,8.808656696737113,0.334266178491185,2.37,0.4571628862348655,1.2750696033320097,0.7615265119897034,-0.0708379620479409,0.3824285393491978,-1.011044086931286,129.088,0.5663,0.9058,209.82,0.0,0,CRITICAL,1
2026-09-24 08:45:00,271,c6,10400,1555,1.5,Off,115.42,60.825,180.471,8.896345055585133,0.3197932454105932,2.079,0.4451792196053633,1.2259513140003442,0.6998204100266912,-0.0803010310212668,0.3777621034080063,-1.0134051058635047,130.466,0.5481,0.9063,210.97,0.0,0,CRITICAL,1
2026-09-24 08:45:10,272,c6,10400,1555,1.5,Off,116.94,61.304,181.211,8.938955767551043,0.331313594772271,2.302,0.451624877846526,1.497791231091519,0.7121034648643354,-0.0720895651825284,0.3817550170415446,-1.0100547862078713,132.035,0.5601,0.917,212.11,0.0,0,CRITICAL,1
2026-09-24 08:45:20,273,c6,10400,1555,1.5,Off,117.61,59.002,181.742,9.008920358774596,0.3205908087240185,2.019,0.4457356969655961,1.1102127748349435,0.7925840007433744,-0.0865216401334882,0.3863590893521131,-1.0092131693655046,131.58,0.5491,0.9072,213.26,0.0,0,CRITICAL,1
2026-09-24 08:45:30,274,c6,10400,1555,1.5,Off,117.54,60.358,183.137,9.074660956894707,0.3143286881148412,2.276,0.4333772392430466,1.2560561053772537,0.8095911184930022,-0.0880413793468601,0.3841103029960793,-1.0087002171235742,132.132,0.5354,0.9138,214.4,0.0,0,CRITICAL,1
2026-09-24 08:45:40,275,c6,10400,1555,1.5,Off,118.18,59.654,184.45,9.172084072788795,0.3086292506936084,2.107,0.4296089778793402,1.247155690983087,0.7162389005570384,-0.0959891425261014,0.3813948212986691,-1.0095412673943254,132.382,0.529,0.9156,215.55,0.0,0,CRITICAL,1
2026-09-24 08:45:50,276,c6,10400,1555,1.5,Off,121.21,61.546,187.423,9.249757919385274,0.3009671497864331,2.459,0.4213257171760896,1.3724040155489563,0.6628203754662998,-0.0854526101131596,0.3865859492026951,-1.0098136342970931,135.94,0.5178,0.922,216.69,0.0,0,CRITICAL,1
2026-09-24 08:46:00,277,c6,10400,1555,1.5,Off,120.86,62.211,189.174,9.33207573820756,0.3013578201431187,3.089,0.4242089908399812,1.708270556758226,0.6074549602903998,-0.0932896505319038,0.3844973484291814,-1.004217198829492,135.931,0.5204,0.9341,217.84,0.0,0,CRITICAL,1
2026-09-24 08:46:10,278,c6,10400,1555,1.5,Off,119.22,60.452,186.87,9.443876294965042,0.2891873673811225,2.15,0.4239843801166609,1.06759505318984,0.5549917911596411,-0.1613109800175927,0.3721409269737029,-1.017944275374393,133.671,0.5132,0.9152,218.98,0.0,0,CRITICAL,1
2026-09-24 08:46:20,279,c6,10400,1555,1.5,Off,103.44,56.75,159.01999999999998,7.771406867206699,0.3385621363793016,2.11,0.4608258692522183,1.2570994485774127,0.734310225091646,-0.0330455288307485,0.3813398098885251,-0.9877994896804468,117.985,0.5718,0.927,220.13,0.0,0,CRITICAL,1
2026-09-24 08:46:30,280,c6,10400,1555,1.5,Off,122.36,61.451,190.919,9.454657726483134,0.2979241864006143,2.271,0.4244794460929837,1.611716480453964,0.6108736705085893,-0.1184407135945271,0.3778127436648078,-1.006892167580051,136.924,0.5186,0.9373,221.28,0.0,0,CRITICAL,1
2026-09-24 08:46:40,281,c6,10400,1555,1.5,Off,120.98,61.848,190.018,9.478900372998543,0.307704330608845,2.541,0.4286502070226994,1.586561709418329,0.6005859497975559,-0.1208130787892463,0.371874115247886,-1.0082822596042722,135.872,0.5277,0.9388,222.42,0.0,0,CRITICAL,1
2026-09-24 08:46:50,282,c6,10400,1555,1.5,Off,122.8,61.689,193.02,9.521215409098142,0.3006518294164919,2.272,0.4268410868181879,1.5237826535100982,0.5766967045509936,-0.1223520450295931,0.3723409800130718,-1.0082324365538915,137.424,0.5221,0.9392,223.57,0.0,0,CRITICAL,1
2026-09-24 08:47:00,283,c6,10400,1555,1.5,Off,123.39,63.093,192.325,9.61685044930273,0.295274563298848,2.472,0.423900723029341,1.6370013229286684,0.6132301023663502,-0.1184747693481624,0.3741154256245276,-1.012098456338691,138.585,0.5166,0.945,224.71,0.0,0,CRITICAL,1
2026-09-24 08:47:10,284,c6,10400,1555,1.5,Off,122.57,60.879,191.69,9.64314543395506,0.2876495366561679,2.442,0.421676215275867,1.612156535882936,0.6160277280075559,-0.1402757745065885,0.3682360928582282,-1.013605820516792,136.856,0.5104,0.9459,225.86,0.0,0,CRITICAL,1
2026-09-24 08:47:20,285,c6,10400,1555,1.5,Off,124.85,61.869,195.648,9.714601587734863,0.2980338372177968,2.677,0.427280122396288,1.9096050603479693,0.6007994726428318,-0.1432320874762451,0.3632358189189069,-1.0133556777674289,139.339,0.521,0.957,227.0,0.0,0,CRITICAL,1
2026-09-24 08:47:30,286,c6,10400,1555,1.5,Off,125.41,64.877,197.223,9.829647377996087,0.2926990305043332,2.407,0.4277260765864635,1.4344818051769002,0.4312415413500612,-0.1524406317717201,0.3685028272819192,-1.0160064228307994,141.197,0.5183,0.9448,228.15,0.0,0,CRITICAL,1
2026-09-24 08:47:40,287,c6,10400,1555,1.5,Off,125.67,63.096,197.748,9.88606986571808,0.3058464615810143,2.273,0.4306804598111962,1.802697846376492,0.4555978735507464,-0.1540679306532135,0.3631363798392903,-1.01700913268132,140.62,0.5282,0.958,229.3,0.0,0,CRITICAL,1
2026-09-24 08:47:50,288,c6,10400,1555,1.5,Off,127.46,62.232,201.297,9.956076318099734,0.3471758398005372,2.264,0.4451243795041137,1.548286114538545,0.4820844804164106,-0.1359957702227627,0.3695090216825863,-1.0168378201407184,141.841,0.5645,0.9533,230.44,0.0,0,CRITICAL,1
2026-09-24 08:48:00,289,c6,10400,1555,1.5,Off,122.05,56.226,195.34,7.7791345815565025,0.3479666008661579,2.393,0.4557413821899541,0.9700458165024308,0.7561906818956512,-0.1359657285835864,0.3325951708345666,-1.0064037282422482,134.378,0.5734,0.9362,230.6,0.0,0,CRITICAL,1
2026-09-24 08:48:10,290,c6,10400,1555,1.5,Off,122.88,57.776,195.365,8.183438242199385,0.3205720176033627,2.613,0.4340569969941087,1.2838175209813008,0.6271319099301231,-0.1944335271934294,0.3335980997371232,-1.0014639388743702,135.785,0.5396,0.9442,230.76,0.0,0,CRITICAL,1
2026-09-24 08:48:20,291,c6,10400,1555,1.5,Off,124.08,58.604,196.626,8.238568753285836,0.3408253506471824,2.649,0.4413430450499849,1.5418871807461327,0.6307177848858707,-0.1850887524280775,0.3378718602730173,-0.99554712738879,137.223,0.5576,0.9525,230.92,0.0,0,CRITICAL,1
2026-09-24 08:48:30,292,c6,10400,1555,1.5,Off,126.25,58.798,198.807,8.396560287547906,0.3402971244791176,2.672,0.4409237558635814,1.4222609664321464,0.6103272932415438,-0.1955086662144247,0.336309957952961,-0.9974774998337956,139.27,0.557,0.949,231.07,0.0,0,CRITICAL,1
2026-09-24 08:48:40,293,c6,10400,1555,1.5,Off,127.44,58.788,200.547,8.450909401872039,0.3408893511347943,2.674,0.4464699636539997,1.328063117413378,0.70746855451688,-0.1892305994796488,0.3429740045049618,-0.9968505426486294,140.346,0.5617,0.9466,231.23,0.0,0,CRITICAL,1
2026-09-24 08:48:50,294,c6,10400,1555,1.5,Off,127.53,60.19,201.618,8.576139402998596,0.3511497145256273,2.719,0.4466063558696284,1.4883025079953471,0.714247639629082,-0.1984960789781888,0.3397440908586007,-0.9926630582716944,141.02,0.5681,0.9515,231.39,0.0,0,CRITICAL,1
2026-09-24 08:49:00,295,c6,10400,1555,1.5,Off,127.61,60.963,202.934,8.631215976680085,0.3376467732499507,3.042,0.443726929328447,1.3473469855732203,0.788774591883572,-0.1978784966700737,0.3399197011612491,-0.9919283501028868,141.424,0.5576,0.9476,231.55,0.0,0,CRITICAL,1
2026-09-24 08:49:10,296,c6,10400,1555,1.5,Off,128.0,60.454,203.465,8.688106206321438,0.3297898577521926,2.406,0.446873758116451,1.3841305784481523,0.6185000181274187,-0.2161248689557604,0.3409822928171903,-0.9859618975923108,141.558,0.5554,0.9485,231.71,0.0,0,CRITICAL,1
2026-09-24 08:49:20,297,c6,10400,1555,1.5,Off,127.4,61.015,203.259,8.701449535421293,0.3282635307150101,2.351,0.4436801588251062,1.1773893227815106,0.7479121435997147,-0.1981531331187809,0.3453523117458515,-0.9845543900782836,141.257,0.5519,0.9431,231.87,0.0,0,CRITICAL,1
2026-09-24 08:49:30,298,c6,10400,1555,1.5,Off,127.45,61.11,203.489,8.70683842984561,0.3338665617531033,2.232,0.4516584709111521,1.102431771593702,0.5221264335027485,-0.2212822154104325,0.339968105910527,-0.9785536060398908,141.343,0.5617,0.9405,232.02,0.0,0,CRITICAL,1
2026-09-24 08:49:40,299,c6,10400,1555,1.5,Off,126.65,61.923,201.868,8.635446861455215,0.3256014468908189,2.029,0.4434384822741966,0.9922270664541432,0.7886448336316025,-0.2042414687468063,0.3461224490655549,-0.975832095434802,140.978,0.5501,0.938,232.18,0.0,0,CRITICAL,1
2026-09-24 08:49:50,300,c6,10400,1555,1.5,Off,121.97,58.076,194.046,8.005072481768096,0.3239683842421432,2.041,0.4352747920327606,1.261583957119469,0.5270771144482698,-0.173797126672051,0.3306138115638369,-1.0049575184029165,135.091,0.5426,0.9473,232.34,0.0,0,CRITICAL,1
2026-09-24 08:50:00,301,c6,10400,1555,1.5,Off,127.22,62.237,201.042,8.63773499395669,0.352029501636502,2.291,0.4493819689173503,1.0700892132585142,0.6764550876626036,-0.2418620744993354,0.3402220559098821,-0.980005071050595,141.628,0.5708,0.9398,232.5,0.0,0,CRITICAL,1
2026-09-24 08:50:10,302,c6,10400,1555,1.5,Off,125.24,59.228,200.027,8.609651373892627,0.3530429321410764,2.3,0.4463700498986668,1.0857884062768015,0.6669245004916298,-0.2285352184680449,0.3373810994298235,-0.9843365889036284,138.539,0.5691,0.941,232.66,0.0,0,CRITICAL,1
2026-09-24 08:50:20,303,c6,10400,1555,1.5,Off,125.29,57.673,199.402,8.688550980463557,0.3519809794697356,2.213,0.4500149475886888,1.0732786502819396,0.6560410986956313,-0.2331902344605314,0.3361039463721886,-0.9844322765132248,137.927,0.5713,0.9408,232.82,0.0,0,CRITICAL,1
2026-09-24 08:50:30,304,c6,10400,1555,1.5,Off,126.32,60.494,200.334,8.667561681987804,0.3499153208308494,2.461,0.4417090641343081,1.17778751792504,0.5841673840171877,-0.231161544053267,0.3406314704800046,-0.985666960244286,140.058,0.5635,0.9443,232.97,0.0,0,CRITICAL,1
2026-09-24 08:50:40,305,c6,10400,1555,1.5,Off,127.21,59.859,201.095,8.697715605604557,0.3572361278805189,2.231,0.4389397460534693,1.1688141821590738,0.4598817617770865,-0.2208357307545689,0.3371456652095757,-0.9890457492213224,140.59,0.5659,0.9447,233.13,0.0,0,CRITICAL,1
2026-09-24 08:50:50,306,c6,10400,1555,1.5,Off,125.85,60.562,199.384,8.766296414669124,0.354773212616071,2.399,0.4365753603015422,1.15523875286498,0.5568807644337674,-0.2205571562408317,0.3420241997557411,-0.9884355266718624,139.664,0.5625,0.9446,233.29,0.0,0,CRITICAL,1
2026-09-24 08:51:00,307,c6,10400,1555,1.5,Off,127.03,60.358,200.956,8.800779099420744,0.3444293178941529,1.882,0.4320221598819039,0.9831035085118448,0.5427387479908945,-0.2265437917315917,0.3432600988989074,-0.9896687608577168,140.64,0.5525,0.9396,233.45,0.0,0,CRITICAL,1
2026-09-24 08:51:10,308,c6,10400,1555,1.5,Off,128.05,60.959,203.198,8.784923248858517,0.356678432708022,2.141,0.4323938485902143,0.9993804748384104,0.5221440694754844,-0.2235241155501146,0.3436224645387559,-0.9883401703196828,141.82,0.5605,0.9405,233.61,0.0,0,CRITICAL,1
2026-09-24 08:51:20,309,c6,10400,1555,1.5,Off,126.73,62.064,202.559,8.81769166408429,0.3474324605315472,2.349,0.4328456041947948,1.103256019012747,0.5866857249970412,-0.2269049561531355,0.3434469068577468,-0.9922045330826212,141.111,0.555,0.9438,233.77,0.0,0,CRITICAL,1
2026-09-24 08:51:30,310,c6,10400,1555,1.5,Off,125.58,60.308,201.103,8.865444842227198,0.3439568153707028,2.222,0.4190747169201361,1.242790563587934,0.5385346547441343,-0.2199967242300053,0.3463375989673296,-0.994665158658382,139.31,0.5422,0.9485,233.92,0.0,0,CRITICAL,1
2026-09-24 08:51:40,311,c6,10400,1555,1.5,Off,123.18,57.303,194.745,8.092143167068507,0.3155360469416753,2.109,0.4337887136340759,1.0303965263513328,0.6675298593079533,-0.2146655944607873,0.3252623188279522,-1.0150566235082508,135.856,0.5364,0.9426,234.08,0.0,0,CRITICAL,1
2026-09-24 08:51:50,312,c6,10400,1555,1.5,Off,126.58,62.353,200.772,8.837620438388896,0.3480251324340283,2.268,0.4191460998299411,1.2251591787057468,0.5276938801310336,-0.1897760325529436,0.3484625384375281,-0.994407064060678,141.104,0.5448,0.9495,234.24,0.0,0,CRITICAL,1
2026-09-24 08:52:00,313,c6,10400,1555,1.5,Off,126.74,62.637,200.216,8.848214169656138,0.341596399248922,2.025,0.4167515769825513,1.1236781457966014,0.4927397325417848,-0.1843977128427854,0.3509985672257861,-0.9923421360400786,141.373,0.5389,0.947,234.4,0.0,0,CRITICAL,1
2026-09-24 08:52:10,314,c6,10400,1555,1.5,Off,128.99,60.176,202.63,8.931804592768444,0.3459358083057932,2.588,0.4172306162908578,1.312449714288439,0.4206017096831465,-0.1837045443659621,0.3517693801324411,-0.9892865814879456,142.336,0.542,0.953,234.56,0.0,0,CRITICAL,1
2026-09-24 08:52:20,315,c6,10400,1555,1.5,Off,128.98,63.508,201.432,9.033950374022677,0.350240308527964,2.479,0.4161422548190767,1.372148831539863,0.4061280839789605,-0.1598203932040629,0.3675505553244865,-0.9869599153395008,143.768,0.5439,0.9558,234.72,0.0,0,CRITICAL,1
